function,module,description,startLine,endBoundaryLine,bodyBoundarySha256,callOccurrences,if,else,switch,case,for,while,catch,return,throw,ternaryTokensApprox,calls
v704SportGroundY,00-runtime-foundation.js,"Runtime, utilitários, versão, storage e chaves de migração",6,6,55543d1ff4a5b3911b35be3f4d8ad4b906974826b269a0da967fc6c7f314300f,1,0,0,0,0,0,0,0,1,0,1,groundHeightAt
ensureVehicleDamageStateV704,00-runtime-foundation.js,"Runtime, utilitários, versão, storage e chaves de migração",7,10,ce859c8020c3b34f062f5646eefb666358916ac46d70d9fe54afd7d01f4e2cca,0,0,0,0,0,0,0,0,0,0,0,
v704SetRaceHud,00-runtime-foundation.js,"Runtime, utilitários, versão, storage e chaves de migração",11,15,fe57621681685ac22e81d8104c2b3335bd1a24022b7bc0f214ec7fef7d8458b5,0,1,0,0,0,0,0,0,2,0,2,
v704HideRaceHud,00-runtime-foundation.js,"Runtime, utilitários, versão, storage e chaves de migração",16,21,a9f177e0b6064c22c6c39879999819926e0981ac4472f5b058d1a2127defcabe,0,1,0,0,0,0,0,0,0,0,1,
v704SportBall,00-runtime-foundation.js,"Runtime, utilitários, versão, storage e chaves de migração",22,22,409bd9f301d6da48836f6e3103d31fc60c720763f9be28af45ef983055166cba,1,0,0,0,0,0,0,0,1,0,0,renderMat
vehicleIdV704,00-runtime-foundation.js,"Runtime, utilitários, versão, storage e chaves de migração",23,27,90a5db67543ee08107d39ae66a043a9ead4855c1694d8b6f83af1bc2d16f7e18,0,0,0,0,0,0,0,0,1,0,2,
v704CreateSimpleAthlete,00-runtime-foundation.js,"Runtime, utilitários, versão, storage e chaves de migração",28,28,e42c60077116cbac5c0b8c151b197057428a0c6f40899d1c569c92d688496ba8,0,0,0,0,0,0,0,0,0,0,0,
vehicleDurabilityV704,00-runtime-foundation.js,"Runtime, utilitários, versão, storage e chaves de migração",29,30,ea7ace6161136c524f2b60a1fa2265ae9e74f47a735cf96017fadd49020c63bd,2,1,0,0,0,0,0,0,2,0,2,ensureVehicleDamageStateV704 | vehicleIdV704
ensureWorldEvolutionState,00-runtime-foundation.js,"Runtime, utilitários, versão, storage e chaves de migração",31,34,ec277f59db92de21446337e36b78e262adf2c41771bf6f2cac3034d0cbb8d89d,0,0,0,0,0,0,0,0,0,0,0,
vehicleBrokenV704,00-runtime-foundation.js,"Runtime, utilitários, versão, storage e chaves de migração",35,40,eb879a98d96f691ac4cf6fa955e8863978e90da461cc412736f2baa5f24b0752,6,0,0,0,0,0,0,0,1,0,3,box | vehicleDurabilityV704 | vehicleIdV704
vehiclePerformanceV704,00-runtime-foundation.js,"Runtime, utilitários, versão, storage e chaves de migração",41,46,c835c8f28e25fe7bed90f3386d08362886c0330986317d659c80b527162e5643,1,4,0,0,0,0,0,0,7,0,2,vehicleDurabilityV704
setVehicleDurabilityV704,00-runtime-foundation.js,"Runtime, utilitários, versão, storage e chaves de migração",47,53,6a9f38fed3e541709a3b8b9e0044f3eb5386f3884044de411f3dc777cbd83c9f,3,1,0,0,0,0,0,0,1,0,0,ensureVehicleDamageStateV704 | vehicleDurabilityV704 | vehicleIdV704
ensureGMState,00a-visual-foundation-avatar-v2.js,"Registro central de assets, LOD gerenciado, orçamento visual e esquema de avatar V2",54,57,48651076bcaa8f7e031a42b25b42b1f0dc2472f2cf75f77743e61ea2364d7585,0,0,0,0,0,0,0,0,0,0,2,
v704FieldLine,00a-visual-foundation-avatar-v2.js,"Registro central de assets, LOD gerenciado, orçamento visual e esquema de avatar V2",58,63,dad0cf9d0107bcf9e65850ae3f40f6be2ee44677ed673fd67e3ed4105faf6d2d,1,1,0,0,0,0,0,0,1,0,2,stableBox
v704CreateGoal,00a-visual-foundation-avatar-v2.js,"Registro central de assets, LOD gerenciado, orçamento visual e esquema de avatar V2",64,82,b88489cc4e3d5b1a05adcac6d8ff12952673d77b47fe1ba64cf35604d7c8d8a9,9,3,0,0,0,2,0,0,2,0,2,applyWorldVehicleModulesToGroup | box | renderMat
spawnVehicleDebrisV704,00a-visual-foundation-avatar-v2.js,"Registro central de assets, LOD gerenciado, orçamento visual e esquema de avatar V2",83,84,c88a08635c30987901a7ed1ac131cd178f20a04d8d57232557dd935a463739ee,0,0,0,0,0,0,0,0,1,0,0,
professionalTerrainHeightAt,00a-visual-foundation-avatar-v2.js,"Registro central de assets, LOD gerenciado, orçamento visual e esquema de avatar V2",85,95,2bb70e3f625bfaea5c9fe2fa7933130dd34b3d24344026fa6e660dd106861b0e,1,2,0,0,0,1,0,0,3,0,2,box
gmDeviceId,00a-visual-foundation-avatar-v2.js,"Registro central de assets, LOD gerenciado, orçamento visual e esquema de avatar V2",96,99,5ebb31838ede0c29c29ad2ff246a6ef34ef01f1103df66772efa26f0db51cdbd,0,0,0,0,0,0,0,0,0,0,0,
createSportsComplexV704,00a-visual-foundation-avatar-v2.js,"Registro central de assets, LOD gerenciado, orçamento visual e esquema de avatar V2",100,106,df5b186d40141c680fe4fa839d4be79bdc6dd1efcf555b9f18da1b3ff8da84a0,2,1,0,0,0,0,0,0,1,0,0,worldLayoutPoint
updateVehicleDebrisV704,00a-visual-foundation-avatar-v2.js,"Registro central de assets, LOD gerenciado, orçamento visual e esquema de avatar V2",107,112,a6179b7e3edcf2393bb0a5ed8e46c77d01cd0501e48988d24e01c86e19b9139a,1,5,0,0,0,1,0,0,0,0,2,disposeDetachedVisual
applyVehicleImpactDamageV704,00a-visual-foundation-avatar-v2.js,"Registro central de assets, LOD gerenciado, orçamento visual e esquema de avatar V2",113,125,c0e452e96c6805668402fa7a9ce2be10dfdde012016f76d0a47d31cbf795daaa,17,7,2,0,0,0,0,0,3,0,9,currentVehicleRef | openBrokenVehicleOptionsV704 | premiumBox | renderMat | saveState | setVehicleDurabilityV704 | spawnVehicleDebrisV704 | stopEngineSound | toast | vehicleBrokenV704 | vehicleDurabilityV704 | vibrate
gmGrantSummary,00a-visual-foundation-avatar-v2.js,"Registro central de assets, LOD gerenciado, orçamento visual e esquema de avatar V2",126,136,88c0ee6d803d84507f6c7403fafb766a2a641e76b5ccdec0487e99d8585bbcbe,0,2,0,0,0,1,0,0,2,0,0,
nearestRepairableVehicleV704,00a-visual-foundation-avatar-v2.js,"Registro central de assets, LOD gerenciado, orçamento visual e esquema de avatar V2",137,138,ebee30d71e0fd01f0f4b72fde7fca7e122bbc6a669f379b248c88fb6e9455bef,0,2,0,0,0,2,0,0,1,0,12,
v702TextureMaterial,00a-visual-foundation-avatar-v2.js,"Registro central de assets, LOD gerenciado, orçamento visual e esquema de avatar V2",139,142,d1f64d679c3ba34dbc786fd1aae8bd7710dc81ff54a85aef9f904fa2d7af7dfc,0,0,0,0,0,1,0,0,0,0,1,
repairVehicleV704,00a-visual-foundation-avatar-v2.js,"Registro central de assets, LOD gerenciado, orçamento visual e esquema de avatar V2",143,155,e81b72818bcedfa737c936bd79e78973b1592a78a77ad31e571f1cdd96211d87,7,5,0,0,0,0,0,3,8,0,17,ensureVehicleDamageStateV704 | loadWorldTexture | toast | vehicleDurabilityV704
gmNormalizeIncomingGrant,00a-visual-foundation-avatar-v2.js,"Registro central de assets, LOD gerenciado, orçamento visual e esquema de avatar V2",156,168,f4b4fe1035aac4ded96fa3398f3fa0c16cfe268cd483f840cacd3a5f45317dfe,5,2,0,0,0,1,0,0,2,0,0,addCoins | saveState | setVehicleDurabilityV704 | toast | updateHUD
createV702GroundRecovery,00a-visual-foundation-avatar-v2.js,"Registro central de assets, LOD gerenciado, orçamento visual e esquema de avatar V2",169,172,936d634b9128e275ac7ce54782f9fe345c8bb3716efc63ce73d78ce566a49932,0,0,0,0,0,0,0,0,0,0,0,
towVehicleToWorkshopV704,00a-visual-foundation-avatar-v2.js,"Registro central de assets, LOD gerenciado, orçamento visual e esquema de avatar V2",173,190,6db64c35d7fd321a1b43bad0275b5750e257023ca81dd6465655a4a0e529aa85,17,5,0,0,0,0,0,3,12,0,7,addCoins | exitVehicle | groundHeightAt | nearestRepairableVehicleV704 | persistParkedVehicle | premiumBox | saveState | toast | v702TextureMaterial | v704FieldLine | worldLayoutPoint
openBrokenVehicleOptionsV704,00a-visual-foundation-avatar-v2.js,"Registro central de assets, LOD gerenciado, orçamento visual e esquema de avatar V2",191,191,f902dcc89c6655450af19cc21bb475bad52b46b09eec467ca9777866a122dcbf,7,2,0,0,0,0,0,0,0,0,1,closeModal | escapeHtml | openModal | repairVehicleV704 | towVehicleToWorkshopV704 | vehicleDurabilityV704
gmWaitForStableAccountState,00a-visual-foundation-avatar-v2.js,"Registro central de assets, LOD gerenciado, orçamento visual e esquema de avatar V2",192,204,6d7c071028aba0d8c84271d0f0c1fa34cb3f79476c311c298bdc8f98a1c2fc6c,7,4,0,0,0,1,0,0,6,0,1,openBrokenVehicleOptionsV704 | renderMat | v704CreateGoal | v704FieldLine | vehicleBrokenV704
terrainVertexColor,00a-visual-foundation-avatar-v2.js,"Registro central de assets, LOD gerenciado, orçamento visual e esquema de avatar V2",205,210,0b4fb06cc42a9c7d012a1cd5e802ad070936d76439d311e96ad59dcd2ecf6b8f,0,1,0,0,0,0,0,0,2,0,2,
createMountainTerrain,00a-visual-foundation-avatar-v2.js,"Registro central de assets, LOD gerenciado, orçamento visual e esquema de avatar V2",211,256,adc96b36df3a78ca5b455e111a69ebf8c18d52fbca99df36f7dd42a7183a2512,33,7,0,0,0,5,0,1,5,0,13,applyVehicleImpactDamageV704 | createCourtV704 | createLamp | createSignpost | createTree | currentVehicleRef | ensureGMState | gmDeviceId | gmNormalizeIncomingGrant | gmWaitForStableAccountState | openFootballV704 | openRaceCenter | premiumBox | professionalTerrainHeightAt | qualityTier | registerInteractable | signTexture | terrainVertexColor | updateMobilityControlLabels | updateVehicleDebrisV704 | v702TextureMaterial | vehicleBrokenV704 | vehicleDurabilityV704 | vehiclePerformanceV704 | worldLayoutPoint
createVehicleRepairStationV704,00a-visual-foundation-avatar-v2.js,"Registro central de assets, LOD gerenciado, orçamento visual e esquema de avatar V2",257,270,6d1ceac04cd97e4e79c09d62d690a6e4f3d657cf0ec43d53661e9d936b1ece71,6,6,1,0,0,0,0,0,7,0,11,nearestRepairableVehicleV704 | openBrokenVehicleOptionsV704 | openWorldModularGarage | registerInteractable | vehicleDurabilityV704 | worldLayoutPoint
createDesertBiome,00a-visual-foundation-avatar-v2.js,"Registro central de assets, LOD gerenciado, orçamento visual e esquema de avatar V2",271,273,58784e24e61a1744cb108c6b878e7cf0be5f30babb4292238d017650011c6e5f,0,0,0,0,0,0,0,0,0,0,0,
createCourtV704,00a-visual-foundation-avatar-v2.js,"Registro central de assets, LOD gerenciado, orçamento visual e esquema de avatar V2",274,304,2a1ec5e91f13bac2c2f8b6f9c841106315150edadd1c7d10c6b1e5ce3c7013f7,18,2,0,0,0,3,0,0,1,0,5,createSignpost | premiumBox | registerInteractable | startCourtV704 | v702TextureMaterial | v704FieldLine | vehicleBrokenV704 | vehicleDurabilityV704 | vehicleIdV704
createLakeDepthLayers,00a-visual-foundation-avatar-v2.js,"Registro central de assets, LOD gerenciado, orçamento visual e esquema de avatar V2",305,312,2dd3572cc898f5a87690f1a2b5b6ce10a5f7a0ffe0b7bfceb2638547c2c326f9,1,1,0,0,0,0,0,1,1,0,1,commitState
openFootballV704,00a-visual-foundation-avatar-v2.js,"Registro central de assets, LOD gerenciado, orçamento visual e esquema de avatar V2",313,332,bbe5daee1f9e6501ca97d568af72181782c77173a0337c701f111a6ddcce39ba,9,2,0,0,0,1,0,3,0,0,6,accountLinked | cloudProgressPayload | openModal | startFootballV704 | syncGameAccount | v702TextureMaterial
resetFootballBallV704,00a-visual-foundation-avatar-v2.js,"Registro central de assets, LOD gerenciado, orçamento visual e esquema de avatar V2",333,337,407cbae4f6ae1fa104193007643cf8e362223e4cf8f7bb84783f762129e9c80d,3,2,0,0,0,0,0,0,1,0,0,evaluateMissions | updateHUD | updateLobbyStats
startFootballV704,00a-visual-foundation-avatar-v2.js,"Registro central de assets, LOD gerenciado, orçamento visual e esquema de avatar V2",338,359,25b1f899ed2edce3bb8c2820e2457fc9afb9fd36d41cc3cef442b6058123bb3e,12,1,1,0,0,2,0,0,2,0,2,closeModal | gmGrantSummary | premiumBox | stopSportV704 | toast | v704CreateSimpleAthlete | v704SetRaceHud | v704SportBall | v704SportGroundY
farmPlotRecord,00a-visual-foundation-avatar-v2.js,"Registro central de assets, LOD gerenciado, orçamento visual e esquema de avatar V2",360,362,795e7f7f27020ddaac792e14e38a98ecb8e11d362c03fb1818c1c473f8a5c780,0,0,0,0,0,0,0,0,1,0,0,
footballKickV704,00a-visual-foundation-avatar-v2.js,"Registro central de assets, LOD gerenciado, orçamento visual e esquema de avatar V2",363,364,ee047a27c3bc05f006ff15655d8b9395eb2fdedeb1fc451dbd089ee05d3f6f5f,1,2,0,0,0,0,0,0,3,0,0,toast
cropStage,00a-visual-foundation-avatar-v2.js,"Registro central de assets, LOD gerenciado, orçamento visual e esquema de avatar V2",365,367,3cf13ff5901b2faf002ed922b992413cc1413ec88f4e5b2e83474961b92a48c3,0,1,0,0,0,0,0,0,2,0,1,
updateFootballV704,,,368,368,9831da59c3341d6a281a73bb22ebac9a8c1f2c1dd21ed155891bccd2202586b3,0,0,0,0,0,0,0,0,0,0,0,
queueGMGrant,01-build-persistence.js,"Normalização, merge, tombstones e persistência das construções",369,369,7f62593187c6e14f320b1d84ade644f0ae695240145a16a270df688e81946768,0,0,0,0,0,0,0,2,2,0,0,
updateFarmPlotVisual,01-build-persistence.js,"Normalização, merge, tombstones e persistência das construções",370,374,3524b0d6dfba9ac3beedb41623c61bc765fc4a7daca6fa1b9d831b3fc6bb16be,3,2,0,0,0,0,0,0,1,0,5,cropStage | farmPlotRecord | queueGMGrant
useFarmPlot,01-build-persistence.js,"Normalização, merge, tombstones e persistência das construções",375,383,1545de3fbfa9edbd55597428cf3e0e80585027140d0236652cfe0a004910a9d2,7,3,0,0,0,0,0,0,2,0,1,addXP | ensureWorldEvolutionState | farmPlotRecord | playToolAnimation | toast
gmStatus,01-build-persistence.js,"Normalização, merge, tombstones e persistência das construções",384,394,5124d2a6e487ae00d6da2b56c8461bc3875de43caebff1c99b2d2bafb01844a8,8,3,2,0,0,0,0,0,2,0,4,addCoins | addXP | cropStage | saveState | toast | updateFarmPlotVisual | updateHUD
createFarmingSystem,01-build-persistence.js,"Normalização, merge, tombstones e persistência das construções",395,398,4b2a4d7ac49e27975126373bf27ae6cc4e6b3f4f370acd5bf5b5576060590ffa,0,0,0,0,0,0,0,0,0,0,0,
gmSetBusy,01-build-persistence.js,"Normalização, merge, tombstones e persistência das construções",399,403,4c200c3c2c43e50505fed2df3bce8b283800063a86bc6b12d3975cad985acce0,2,3,0,0,0,0,0,0,2,0,3,v702TextureMaterial
gmUserName,01-build-persistence.js,"Normalização, merge, tombstones e persistência das construções",404,408,2a34fdb5739c4b46160947dd4e856208905a86073aa06deb64fe2722fb404c8b,1,0,0,0,0,2,0,0,1,0,1,worldLayoutPoint
gmItemMeta,01-build-persistence.js,"Normalização, merge, tombstones e persistência das construções",409,413,363207934ad76e4aa6022fbbc486aac1cffcac1f360a36d95592b6711f7284aa,5,0,0,0,0,2,0,0,1,0,1,premiumBox | registerInteractable | updateFarmPlotVisual | useFarmPlot
gmInventoryKeys,01-build-persistence.js,"Normalização, merge, tombstones e persistência das construções",414,418,cead52e9af5d9d329989b938388c53c2a023a70ce48e6019fa36f2ad8035f9cb,5,2,1,0,0,0,0,0,2,0,0,createSignpost | gmItemMeta | resetFootballBallV704 | toast
gmFormatDate,01-build-persistence.js,"Normalização, merge, tombstones e persistência das construções",419,423,f3f0f0bfea11dfa58f260544fa5a1e84dbe54a3b30a689d8debdf4d873b6245f,2,2,1,0,0,0,0,0,1,0,1,resetFootballBallV704 | toast
gmRenderUserList,01-build-persistence.js,"Normalização, merge, tombstones e persistência das construções",424,424,3591c11cf305a8985137a2f05cad18cf6763ae57fa8b6235b638e460865630f9,0,0,0,0,0,0,0,0,0,0,0,
useDigSite,01-build-persistence.js,"Normalização, merge, tombstones e persistência das construções",425,429,5e28e6df4d6aeed68ce39d650c1a275be87c5fc4a287c3e34145d2f8eee9a517,8,5,0,0,0,0,0,0,3,0,7,addXP | ensureWorldEvolutionState | playToolAnimation | saveState | toast | updateHUD
createDigSites,01-build-persistence.js,"Normalização, merge, tombstones e persistência das construções",430,447,e2bc67cc5c8794acfd3b6cdde9da1ba87a559dadb2e610c3bae6bfd935a4b1fd,14,3,0,0,0,1,0,0,2,0,13,addCoins | addXP | gmUserName | groundHeightAt | registerInteractable | stopSportV704 | toast | useDigSite | v702TextureMaterial | v704PublishSport | v704SetRaceHud | v704UpdateScoreboard | worldLayoutPoint
v704UpdateScoreboard,01-build-persistence.js,"Normalização, merge, tombstones e persistência das construções",448,452,57972ce7693738c38f52264a6a72307ab2b8bff1037c2b6c40bd85cf4f4080bf,1,2,0,0,0,0,0,0,1,0,6,signTexture
startCourtV704,01-build-persistence.js,"Normalização, merge, tombstones e persistência das construções",453,454,46aef9629ad4d7250a15b397a6ad8e15b059261359157efc53df5f7695808ba3,0,0,0,0,0,0,0,0,0,0,0,
decorateThemedCitizen,01-build-persistence.js,"Normalização, merge, tombstones e persistência das construções",455,458,214828143971d75c42d63bc7aa8e2ca92f38dd948aafa056153d50efd13c4514,6,1,0,0,0,0,0,0,1,0,2,stopSportV704 | toast | v704CreateSimpleAthlete | v704SetRaceHud | v704SportBall | v704SportGroundY
gmGrantHistoryMarkup,01-build-persistence.js,"Normalização, merge, tombstones e persistência das construções",459,467,a72df179e30e145e2914b472561fb6860379559988530e6763e1163dba1b76ad,6,2,0,0,0,1,0,0,0,0,2,premiumBox
courtHitV704,01-build-persistence.js,"Normalização, merge, tombstones e persistência das construções",468,472,3eaeb883722786b7fa85712f02cb34284784fbecc02342b4f55e8df8d1aabd9f,4,5,0,0,0,0,0,0,5,0,2,avatarV3Sphere | premiumBox | worldAvatarMaterial
resetCourtServeV704,01-build-persistence.js,"Normalização, merge, tombstones e persistência das construções",473,477,3a53004f51295cce074f61177a8d7b8baaaa086ff4ef236b30c337ebcf1b3ebc,5,3,0,0,0,1,0,0,2,0,4,avatarV3Sphere | gmFormatDate | gmGrantSummary | premiumBox | worldAvatarMaterial
courtPointV704,01-build-persistence.js,"Normalização, merge, tombstones e persistência das construções",478,482,93674574cd03fb3b28c8e867bd5da7da0e4befd0e51d382a3bd2ffbc821a9cc0,7,3,0,0,0,0,0,0,1,0,6,addCoins | addXP | premiumBox | resetCourtServeV704 | stopSportV704 | toast
updateCourtV704,01-build-persistence.js,"Normalização, merge, tombstones e persistência das construções",483,483,efac3619f093395f427392cab7d5844725d075381581ccef2d1171fc17f9125f,0,0,0,0,0,0,0,0,0,0,0,
gmRenderSelected,01-build-persistence.js,"Normalização, merge, tombstones e persistência das construções",484,494,5465ec3d83bb27ee9c09bbaf6e9e7de6cd717574aa12424ee0fb13243a6a5afc,1,4,0,0,0,0,0,0,5,0,2,v704SetRaceHud
createThemedCitizens,02-state-save-cloud-account.js,"Estado, save local, IndexedDB, nuvem e conta",495,514,380b9603dc7244a7e333d9a61d119f794e02bf99303b0921681c965fb4ab6542,6,3,0,0,0,1,0,0,3,0,11,createNPC | decorateThemedCitizen | gmGrantHistoryMarkup | gmInventoryKeys | gmItemMeta | gmUserName
createCameraPitchButtons,02-state-save-cloud-account.js,"Estado, save local, IndexedDB, nuvem e conta",515,539,47175760236903c0a0e0bf0af82d163c06daed05afc992b0578e142b29885cb9,13,9,0,0,0,0,0,1,7,0,15,courtPointV704 | gmRenderSelected | gmRenderUserList | gmStatus | saveState | stopSportV704 | toast | v704PublishSport | v704SetRaceHud
initializeWorldEvolution,02-state-save-cloud-account.js,"Estado, save local, IndexedDB, nuvem e conta",540,542,8b88a0c99cdbcbcfa81646f041b777cd5e2ff63f4cc844c17585c1c75e2344eb,0,0,0,0,0,0,0,0,0,0,0,
createKartVehicleV704,02-state-save-cloud-account.js,"Estado, save local, IndexedDB, nuvem e conta",543,554,4e81d7bf5fd1fa210b2dc07229ed49737ac07847e5e8320b94eb378df14b47fd,15,2,0,0,0,0,0,1,3,0,8,createCameraPitchButtons | createDesertBiome | createDigSites | createFarmingSystem | createLakeDepthLayers | createMountainTerrain | createThemedCitizens | createV702GroundRecovery | ensureWorldEvolutionState | gmSetBusy | gmStatus | renderMat | v704RuntimeWorldAudit
updateWorldEvolution,02-state-save-cloud-account.js,"Estado, save local, IndexedDB, nuvem e conta",555,582,4c9ecc18b37ccdc4ff7e23d63d4ee38bdb564eb8cc7fb9b15f82f882641eb2d3,16,8,1,0,0,3,0,2,3,1,10,box | cylinder | enterVehicle | gmRenderSelected | gmRenderUserList | gmSetBusy | gmStatus | initializeWorldEvolution | registerInteractable | toast | updateFarmPlotVisual
createKartCircuitV704,02-state-save-cloud-account.js,"Estado, save local, IndexedDB, nuvem e conta",583,586,1fd5bbad9bb425674a8be02f7dde5313ceae7888db450a32d8abd49c6f2e0149,3,0,0,0,0,0,0,1,0,0,1,createCameraPitchButtons | ensureWorldEvolutionState
worldLayoutPoint,02-state-save-cloud-account.js,"Estado, save local, IndexedDB, nuvem e conta",587,591,310e88e238c0b6fddd6497d307d8ab3cbe73852e98f0c3f4e8ce14b6bb5894d9,4,2,0,0,0,0,0,0,2,0,1,ensureWorldEvolutionState | renderMat
worldLayoutRect,02-state-save-cloud-account.js,"Estado, save local, IndexedDB, nuvem e conta",592,596,3036ead1a059ab850e6b0f6113c8c6f6d3f2717b4e7b3850391803f9dc54d933,1,2,0,0,0,0,0,0,1,0,3,premiumBox
worldLayoutStructure,02-state-save-cloud-account.js,"Estado, save local, IndexedDB, nuvem e conta",597,600,7aaef0d1a4720057b2ea669e0ad1df0df0737c3f1be4a3789515a93f9b2137ee,2,2,0,0,0,2,0,0,3,0,6,gmStatus | worldLayoutPoint
v704RectOverlap,02-state-save-cloud-account.js,"Estado, save local, IndexedDB, nuvem e conta",601,604,8f6ad657f4b3cec9ea25f2eeed6f2393960488e06dc190bc9f8a9afb3d2cf1fa,1,0,0,0,0,0,0,0,1,0,1,gmGrantSummary
v704PointInRect,02-state-save-cloud-account.js,"Estado, save local, IndexedDB, nuvem e conta",605,608,697ae8c225c4db634a44b0f41caf047a5872785dc9504b16123d1dd846212edf,3,1,0,0,0,1,0,0,2,0,2,gmUserName | premiumBox
v704RoadFootprint,02-state-save-cloud-account.js,"Estado, save local, IndexedDB, nuvem e conta",609,612,6ea1b053571e88daa37775b454cd9807c370e5943a973e43ba9a70c47786e92e,3,0,0,0,0,1,0,0,1,0,4,gmSetBusy | gmStatus | premiumBox
v704RoadAt,02-state-save-cloud-account.js,"Estado, save local, IndexedDB, nuvem e conta",613,615,e38921157a04222c74f585518d8e9537badbab7cfd9281619f7d62b64988cdc6,5,1,0,0,0,0,0,0,1,1,4,gmStatus | gmUserName | v704PointInRect | v704RoadFootprint | worldLayoutPoint
safeAvatarId,02-state-save-cloud-account.js,"Estado, save local, IndexedDB, nuvem e conta",616,616,a6d8c2d42076c525556270f42e4ee54d2ee7b28939ac8701a48471b6d284f3ae,0,0,0,0,0,0,0,0,0,0,0,
v704ZoneAt,02-state-save-cloud-account.js,"Estado, save local, IndexedDB, nuvem e conta",617,620,8fe4b757092a235e2e241192215ba3e5db40dcfb4c2ef417cf9963dc3b68e940,6,0,0,0,0,0,0,1,1,0,3,createKartVehicleV704 | gmStatus | v704PointInRect
v704ConstructionAt,02-state-save-cloud-account.js,"Estado, save local, IndexedDB, nuvem e conta",621,624,0255385da57efeed2fd7c6fb86dc818c5ca54e4cdeee0c40fb3ff08d0caa7968,2,0,0,0,0,0,0,0,2,0,1,gmSetBusy | v704PointInRect
v704ProtectedRectangles,02-state-save-cloud-account.js,"Estado, save local, IndexedDB, nuvem e conta",625,628,cd7a61c8f21c78647c2400fead5deb10bc2e4688650c1be569bde5ef8e5233c5,4,0,0,0,0,0,0,0,2,0,0,createSignpost | registerInteractable | startKartRaceV704 | worldLayoutStructure
v704ReservedAt,02-state-save-cloud-account.js,"Estado, save local, IndexedDB, nuvem e conta",629,630,32af9eed12678fbfc38b0c4be059e37d70d43d4ea66d28601b2b5892a228973f,3,1,0,0,0,0,0,0,2,0,0,v704PointInRect | v704ProtectedRectangles | v704RoadAt
ensureGMPanel,02-state-save-cloud-account.js,"Estado, save local, IndexedDB, nuvem e conta",631,631,bdaf4bab7e5c5baaa814c3d71aa7c4a2a436e428668a84f55c20a38047207831,0,0,0,0,0,0,0,0,0,0,0,
safeAvatarColor,02-state-save-cloud-account.js,"Estado, save local, IndexedDB, nuvem e conta",632,632,c92c8cdc61146d0ad4e0cf71a20f563fb62946f14a59df1b122a57916080ff5e,0,0,0,0,0,0,0,0,0,0,0,
v704BuildAllowedAt,02-state-save-cloud-account.js,"Estado, save local, IndexedDB, nuvem e conta",633,633,4198c5d3d28149eeb72b10d2f8a538e5db46d77f108a04dcf3a9dded7e93a576,2,1,0,0,0,0,0,0,2,0,0,v704RectOverlap | v704RoadFootprint
startKartRaceV704,02-state-save-cloud-account.js,"Estado, save local, IndexedDB, nuvem e conta",634,636,ec45b2c3dbb645c16e67754259206473b32e27f6e4732f87ee1337e8ba0ff08a,0,1,0,0,0,0,0,0,1,0,2,
v704NearestConstructionSlot,02-state-save-cloud-account.js,"Estado, save local, IndexedDB, nuvem e conta",637,640,4c3e3c02cab5d50fcd3f650b0a94d429c0adc507c123d1b91bd191241f00ac9d,3,4,0,0,0,0,0,0,6,0,4,enterVehicle | toast
v704PathRect,02-state-save-cloud-account.js,"Estado, save local, IndexedDB, nuvem e conta",641,644,741544648209473f9a985f0a454c9b2094df491230f548ceed9b0e0f29282c63,1,0,0,0,0,0,0,0,1,0,0,currentVehicleRef
v704StaticWorldAudit,02-state-save-cloud-account.js,"Estado, save local, IndexedDB, nuvem e conta",645,646,33daa63e122e382491f6725e064d71f32a5b5250f826b7d875264632228d214f,2,0,0,0,0,2,0,0,0,0,0,box | cylinder
closeGMPanel,02-state-save-cloud-account.js,"Estado, save local, IndexedDB, nuvem e conta",647,647,fcf20a16975127dc667ccaeb5fac63e507479472bbc6610c54b69daa4213276c,0,1,0,0,0,0,0,0,1,0,0,
safeLegacyAvatarChoice,02-state-save-cloud-account.js,"Estado, save local, IndexedDB, nuvem e conta",648,654,296d52d6a9951d5a8fd74a6fd6109d460610acf3850b99706d487cd59f29eb2f,6,0,0,0,0,0,0,0,0,0,0,ensureGMPanel | gmRenderSelected | toast | v704RoadFootprint | v704SetRaceHud | worldLayoutStructure
openGMAccessGate,02-state-save-cloud-account.js,"Estado, save local, IndexedDB, nuvem e conta",655,657,d86f55047d9565401d223b8ccee65b270c907183dab1762489e85af008841323,0,1,0,0,0,1,0,0,1,0,1,
updateKartRaceV704,02-state-save-cloud-account.js,"Estado, save local, IndexedDB, nuvem e conta",658,663,8b5adbbb8a585ffd88f9bf497bbe2b648a7000ab3c689553e243a5f8291c6655,2,2,0,0,0,1,0,0,2,0,5,openModal | v704SetRaceHud
defaultAvatarV2,02-state-save-cloud-account.js,"Estado, save local, IndexedDB, nuvem e conta",664,675,123af85e19fadf0c09b89da34249d3fab8218488344058e7f4aece532af66a1c,4,13,0,0,0,2,0,1,3,4,5,beep | closeModal | toast | v704RectOverlap
normalizeAvatarV2,02-state-save-cloud-account.js,"Estado, save local, IndexedDB, nuvem e conta",676,690,15feee6aaed0915d0915a09a32820b52f6141e583e4381325543875d21f18765,8,8,1,0,0,3,0,0,0,0,7,addCoins | addXP | safeLegacyAvatarChoice | toast | v704PublishSport | v704RectOverlap | v704SetRaceHud
registerGMHiddenTrigger,02-state-save-cloud-account.js,"Estado, save local, IndexedDB, nuvem e conta",691,693,809b666f88a672e64a3e1c5f1c1a8f4bc6446165b0e81e15690674dd6ec9cc6a,1,0,0,0,0,0,0,0,0,0,0,safeLegacyAvatarChoice
handleActiveSportActionV704,02-state-save-cloud-account.js,"Estado, save local, IndexedDB, nuvem e conta",694,697,e6f1b56311b06df79fefd5704b5da983491a61b362e3a59f5fea3f3ece139924,4,4,0,0,0,2,0,0,4,0,0,courtHitV704 | footballKickV704 | safeLegacyAvatarChoice | v704RectOverlap
stopSportV704,02-state-save-cloud-account.js,"Estado, save local, IndexedDB, nuvem e conta",698,712,ab5491b1595fc23ae6651d2483393b23a7792633c2a978745376ba1509aa21c7,8,11,0,0,0,2,0,0,3,0,0,closeGMPanel | openGMAccessGate | safeLegacyAvatarChoice | v704HideRaceHud | v704PathRect | v704PointInRect | v704RectOverlap
v704ActualHouseRect,02-state-save-cloud-account.js,"Estado, save local, IndexedDB, nuvem e conta",713,716,9f133b21c0635bdf9cad031f307229fd43394c053fa67cf01c3f387e97548408,4,2,0,0,0,0,0,1,3,0,0,ensureGMState | registerGMHiddenTrigger | worldLayoutStructure
v704RuntimeWorldAudit,02-state-save-cloud-account.js,"Estado, save local, IndexedDB, nuvem e conta",717,717,291e0e129345847b15feda4b425f4ca8b950870e45c75d60845f67bfbddad54e,0,0,0,0,0,0,0,0,0,0,0,
v704PublishSport,02-state-save-cloud-account.js,"Estado, save local, IndexedDB, nuvem e conta",718,721,4b3015db5c0f638a43e182efdfde8b2a8abc6248366d86c5ce67c5ab5075d43b,3,1,0,0,0,0,0,1,1,0,5,safeAvatarId | v704ProtectedRectangles | v704RoadFootprint
updateWorldSportsV704,02-state-save-cloud-account.js,"Estado, save local, IndexedDB, nuvem e conta",722,755,5ea661fc63d133e4f2a98561ef856ce4dc6cac01f398041fb1cfc24b1a822ae2,25,19,0,0,0,13,0,0,1,0,21,nearestRoadProjection | positionBlockedForPlayer | safeAvatarColor | safeAvatarId | updateCourtV704 | updateFootballV704 | updateKartRaceV704 | v704PointInRect | v704RectOverlap | worldLayoutPoint
updateAvatarV2LegacyChoice,02-state-save-cloud-account.js,"Estado, save local, IndexedDB, nuvem e conta",756,786,f733f1db3af71210acc938f81717cbf2181ab4d76638f64a84ef78ca0093bdd0,3,3,0,0,0,0,0,0,2,0,1,normalizeAvatarV2 | safeLegacyAvatarChoice
registerVisualAsset,03-ui-modal-install-pwa.js,"Economia, flags, telas, modais, feedback, instalação e PWA",787,794,e23358da58372d48366eb6bba0de9e9cd8b09abbb331ec677b69c8c0b0e2280e,0,1,0,0,0,0,0,0,2,0,4,
updateVisualAsset,03-ui-modal-install-pwa.js,"Economia, flags, telas, modais, feedback, instalação e PWA",795,797,8fa913db3dc01a8037864368cdbb51d3dcd578279bb81c981d7fa5425978acd7,1,0,0,0,0,0,0,0,1,0,0,registerVisualAsset
visualAssetStatus,03-ui-modal-install-pwa.js,"Economia, flags, telas, modais, feedback, instalação e PWA",798,808,a0ea6af3dee18751b4d5a3d6141eff01463cc5ec4f981c8b0bb21d335d3caef0,0,0,0,0,0,1,0,0,1,0,0,
visualQualityProfile,03-ui-modal-install-pwa.js,"Economia, flags, telas, modais, feedback, instalação e PWA",809,811,291bc7d82520f08b2abb44d33de3714c62f702ed75a734b1502fae81269ab14b,0,0,0,0,0,0,0,0,1,0,0,
createManagedLOD,03-ui-modal-install-pwa.js,"Economia, flags, telas, modais, feedback, instalação e PWA",812,831,35bae4923b88ca77aac32a4c2e88d350f56942eeba64eb9e7bfd20ab64f17ca2,2,2,0,0,0,0,0,0,3,0,1,registerVisualAsset
applyVisualQualityBudget,03-ui-modal-install-pwa.js,"Economia, flags, telas, modais, feedback, instalação e PWA",832,841,173fd81169fb27840bc0bd004df802ce4c3bd692ffbd5ab8ef09b40a27d03949,1,1,0,0,0,1,0,0,1,0,3,visualQualityProfile
updateManagedVisualLODs,03-ui-modal-install-pwa.js,"Economia, flags, telas, modais, feedback, instalação e PWA",842,852,242b329bd8b43df7ac105a7413da43a63fcd6ccb8fd82df83bb8f020c28bcb60,1,1,0,0,0,1,0,1,1,0,2,updateVisualAsset
outlineBelongsToPlayer,03-ui-modal-install-pwa.js,"Economia, flags, telas, modais, feedback, instalação e PWA",853,860,7a4bc8a8069662beffde1700dc2c0d5d49fc9d06fd27b77337b013098b457b09,0,1,0,0,0,0,1,0,2,0,1,
updateManagedOutlineVisibility,03-ui-modal-install-pwa.js,"Economia, flags, telas, modais, feedback, instalação e PWA",861,881,5c6c620776eed04d6ed3318b1324593d16618c896c9f1b74fa9b69a64e888b19,2,4,1,0,0,1,0,0,1,0,3,outlineBelongsToPlayer | visualQualityProfile
visualFoundationDiagnostics,03-ui-modal-install-pwa.js,"Economia, flags, telas, modais, feedback, instalação e PWA",882,908,eca8b3b84136ff29c4b01074f373cd25c6bf6fab51063093ad5baf88515cb69d,1,1,1,0,0,1,0,0,1,0,4,visualAssetStatus
createAvatarRigFoundation,03-ui-modal-install-pwa.js,"Economia, flags, telas, modais, feedback, instalação e PWA",909,942,d0caf2d8d6af824e819d67283d811c0c32db0e7eb1956de0b3d3b9666c5a3cb4,1,7,0,0,0,0,0,0,3,0,1,registerVisualAsset
avatarFoundationDiagnostics,03-ui-modal-install-pwa.js,"Economia, flags, telas, modais, feedback, instalação e PWA",943,961,be5757adc3fdc5e73ce9508cf2e443e9f5d31d2ade40e860bb280165b9ad7c67,1,0,0,0,0,0,0,0,1,0,11,registerVisualAsset
stableBuildId,03-ui-modal-install-pwa.js,"Economia, flags, telas, modais, feedback, instalação e PWA",962,967,ce3555674ee96f5630c7f2d0c350b71e53e130e8a18f9841bb756c408c7a61bf,0,0,0,0,0,1,0,0,1,0,0,
normalizeBuildRecord,03-ui-modal-install-pwa.js,"Economia, flags, telas, modais, feedback, instalação e PWA",968,974,2eebf9ce7229e95ba1b69ca9de450839f47202f184b8d2c4d3f977b602d3cfcf,1,2,0,0,0,0,0,0,3,0,1,stableBuildId
normalizeBuildList,03-ui-modal-install-pwa.js,"Economia, flags, telas, modais, feedback, instalação e PWA",975,983,3a18ac16dd7a7d5191ae56587aee227bf94d681b49c10e519bc5b9407600c464,1,2,0,0,0,0,0,0,2,0,1,normalizeBuildRecord
normalizeBuildTombstones,03-ui-modal-install-pwa.js,"Economia, flags, telas, modais, feedback, instalação e PWA",984,992,dff0040336cb50a01eae62311ecad59a80d58625d5ba7fb546f6b8e933c0f03b,0,3,0,0,0,0,0,0,3,0,3,
mergeBuildTombstones,03-ui-modal-install-pwa.js,"Economia, flags, telas, modais, feedback, instalação e PWA",993,993,6cad60d049d9f93dd676ff8649102dbd26b69cb0178af1c42f813bd3692c0e0f,1,0,0,0,0,0,0,0,1,0,0,normalizeBuildTombstones
applyBuildTombstones,03-ui-modal-install-pwa.js,"Economia, flags, telas, modais, feedback, instalação e PWA",994,997,d18192d829fa546a7d4e37df2c55451ce210cd22ddf16b3824b74441152100f6,2,0,0,0,0,0,0,0,1,0,0,normalizeBuildList | normalizeBuildTombstones
mergeBuildCollections,03-ui-modal-install-pwa.js,"Economia, flags, telas, modais, feedback, instalação e PWA",998,1000,6f045312fb41bba92450712099fd7b645be116adb18255ea6b92d2613fcd217b,2,0,0,0,0,0,0,0,1,0,0,applyBuildTombstones | normalizeBuildList
mergeEntityCollections,03-ui-modal-install-pwa.js,"Economia, flags, telas, modais, feedback, instalação e PWA",1001,1083,1ef019e8f90bd412744acc2c6bf7080868367244e18fbd1dd0a3835f0c4db5e4,1,2,0,0,0,0,0,0,2,0,3,defaultAvatarV2
normalizeState,04-education-daily-quiz.js,"Desafios diários, educação, quiz e coleção",1084,1144,e13d9d595a85f8ce93b574176621f428d49edf0e468aa0509576862319a34c35,3,2,0,0,0,0,0,0,1,0,65,applyBuildTombstones | normalizeAvatarV2 | normalizeBuildTombstones
loadState,04-education-daily-quiz.js,"Desafios diários, educação, quiz e coleção",1145,1193,3bc6fab870b5d4e2d380772dc2284f705cb601f73a56e84169ca53ccca3d218e,6,10,2,0,0,1,0,4,5,0,5,ensureDailyChallenges | normalizeState | updateDailyBadge | updateHUD | updateLobbyStats
commitState,05-avatar-life-customization.js,"Avatar, roupas, uniformes, vida, moldes e ajuda",1194,1210,023e9ab7e3cc6c20286dc2daf78f8e1f5e3f833e30aa9f3a5baa93dfb94ed37e,7,0,0,0,0,0,0,2,2,0,1,applyBuildTombstones | ensureDailyChallenges | normalizeBuildTombstones | syncCloudProgress | syncGameAccount | updateDailyBadge | updateLobbyStats
saveState,05-avatar-life-customization.js,"Avatar, roupas, uniformes, vida, moldes e ajuda",1211,1218,e8ccd3f1f8819254e66392f2f7ccf4aa3994b747245187aa41d8b272ace78b05,1,1,0,0,0,0,0,0,2,0,0,commitState
cloudProgressPayload,05-avatar-life-customization.js,"Avatar, roupas, uniformes, vida, moldes e ajuda",1219,1227,8f342b6baa220de1f9acf28bb56058e9c36b1d007481f6c58a98189698020db3,0,0,0,0,0,0,0,0,1,0,27,
syncCloudProgress,05-avatar-life-customization.js,"Avatar, roupas, uniformes, vida, moldes e ajuda",1228,1231,8adb4408e593f8a7a0aa4ae2de439f4a26e3e5f00f4b7b6047d4e3e0d4531990,2,1,0,0,0,0,0,0,2,0,2,cloudProgressPayload | hasValidPlayerName
mergeCloudProgress,05-avatar-life-customization.js,"Avatar, roupas, uniformes, vida, moldes e ajuda",1232,1253,c11690bc562dadc2740a1887387814dc7b0590afdca546ca9ae02b85df1548fe,12,3,0,0,0,0,0,1,3,0,55,mergeBuildCollections | mergeBuildTombstones | mergeEntityCollections | normalizeAvatarV2 | normalizeState | reconcileWorldBuilds | syncCloudProgress | toast | updateHUD | updateLobbyStats | updatePlayerNameUI
accountLinked,05-avatar-life-customization.js,"Avatar, roupas, uniformes, vida, moldes e ajuda",1254,1254,cbcddbf8b56c3a2848aacdf14d4a5561d2b2ad7be4d96d443da6f908f64835d8,0,0,0,0,0,0,0,0,1,0,1,
accountPromptWasHandled,05-avatar-life-customization.js,"Avatar, roupas, uniformes, vida, moldes e ajuda",1255,1255,2f6a4b795fb8c51748605735ca7afd0b962665a19541f04fcbf58812a4f38f2f,0,0,0,0,0,0,0,0,1,0,0,
accountStatusText,05-avatar-life-customization.js,"Avatar, roupas, uniformes, vida, moldes e ajuda",1256,1272,8e7d990c2d7567743c75da6242103e6f028a9c4f0e2973313bfb9202b17a61fd,2,4,0,0,0,0,0,0,7,0,7,accountLinked | publicPlayerName
syncGameAccount,05-avatar-life-customization.js,"Avatar, roupas, uniformes, vida, moldes e ajuda",1273,1334,53a2e030e14ffe7bcbb27bdd639a26cc5daeb3f71417c3b89a397b8933c4bf71,14,17,0,0,0,0,0,1,12,10,20,accountLinked | applyPlayerName | commitState | normalizeState | publicPlayerName | sanitizePlayerName | saveState | updateHUD | updateLobbyStats | updatePlayerNameUI
openAccountForm,06-missions-profile-hud-inventory-tools.js,"Missões, objetivos, perfil, HUD, inventário e ferramentas",1335,1343,1c8bd4ddafe1c55beca48e0ffeaf1ef1620606b83aeb955055ec100555a67d4a,5,4,2,0,0,0,0,1,1,0,9,closeModal | escapeHtml | openAccountCenter | openModal | toast
openAccountCenter,06-missions-profile-hud-inventory-tools.js,"Missões, objetivos, perfil, HUD, inventário e ferramentas",1344,1352,99dd07db893c05d0e698cf88a924a4f05d7658e66d0777b5ed102ec08fc2694b,11,1,0,0,0,0,0,0,0,0,12,accountLinked | closeModal | escapeHtml | openAccountForm | openAccountLogoutGate | openModal | openPlayerNameModal | saveState | syncGameAccount | toast
addXP,06-missions-profile-hud-inventory-tools.js,"Missões, objetivos, perfil, HUD, inventário e ferramentas",1353,1353,e3e46cc3570f7f4d96a7a1b62dd3bb798ec3071b0bf6bc52e23310aaf67039be,0,0,0,0,0,0,0,0,0,0,0,
openAccountLogoutGate,06-missions-profile-hud-inventory-tools.js,"Missões, objetivos, perfil, HUD, inventário e ferramentas",1354,1370,15dcf04b4665d55ce5555d52469987500173c5c6b5148fbd5d844ea20d84db44,8,3,0,0,0,0,0,0,1,0,2,awardMedal | closeModal | openAccountCenter | openModal | saveState | toast | updateHUD
addCoins,06-missions-profile-hud-inventory-tools.js,"Missões, objetivos, perfil, HUD, inventário e ferramentas",1371,1374,d14e01b57c4f87de9ee15570796241ce74e0c52f8cdb25a0151acdfd1068d705,2,0,0,0,0,0,0,0,0,0,0,saveState | updateHUD
addReputation,06-missions-profile-hud-inventory-tools.js,"Missões, objetivos, perfil, HUD, inventário e ferramentas",1375,1378,33b7783fd507b5d183e379b40cdb261ee5b62d952459153285eafec872d6803d,2,0,0,0,0,0,0,0,0,0,0,saveState | updateHUD
awardMedal,06-missions-profile-hud-inventory-tools.js,"Missões, objetivos, perfil, HUD, inventário e ferramentas",1379,1384,cdf303f815dd2b500bad8d6c06f56748f3e37330613f2053a38eeb195ae8ddc1,2,1,0,0,0,0,0,0,1,0,0,saveState | toast
setFlag,06-missions-profile-hud-inventory-tools.js,"Missões, objetivos, perfil, HUD, inventário e ferramentas",1385,1391,dce2ffaa9f2e031e0c5ce2621ceddae413b756f81a3fbdddce117a6da0506228,2,1,0,0,0,0,0,0,1,0,0,evaluateMissions | saveState
showScreen,06-missions-profile-hud-inventory-tools.js,"Missões, objetivos, perfil, HUD, inventário e ferramentas",1392,1396,74b14eca640899d9af86eca51015759a3ae53f8c8bf1308ff6110a8aade59b30,1,0,0,0,0,0,0,0,0,0,0,updateInstallUI
toast,06-missions-profile-hud-inventory-tools.js,"Missões, objetivos, perfil, HUD, inventário e ferramentas",1397,1402,162f60ddcfee544cf2ef4fda292a872423cfc7ac4c8a529245788c27749ca8d5,0,0,0,0,0,0,0,0,0,0,0,
vibrate,06-missions-profile-hud-inventory-tools.js,"Missões, objetivos, perfil, HUD, inventário e ferramentas",1403,1405,34b0fcf685678b3725fa78c6b594ab9237817b93d663be4cbc7e707c508e3627,0,1,0,0,0,0,0,0,0,0,0,
beep,06-missions-profile-hud-inventory-tools.js,"Missões, objetivos, perfil, HUD, inventário e ferramentas",1406,1420,7641e79fcbc4fa97c74ba21eaa045a7df6809cebff9c70ab590d32f89a24cc81,0,2,0,0,0,0,0,1,2,0,0,
openModal,06-missions-profile-hud-inventory-tools.js,"Missões, objetivos, perfil, HUD, inventário e ferramentas",1421,1435,bc77fbfd5594f90a4150a28f40c4df65f5089bf749002969789a5a74afab8e43,1,3,0,0,0,0,0,0,0,0,4,scheduleStableResize
closeModal,06-missions-profile-hud-inventory-tools.js,"Missões, objetivos, perfil, HUD, inventário e ferramentas",1436,1453,180c51e9a3476ff02130ab90b5ad5b22a18c4eb91414e497a4be2165519a1bcb,4,4,1,0,0,0,0,0,0,0,4,cancelFishingSession | clearExtensionPreview | startEngineSound | stopFishingVisual
confirmModal,06-missions-profile-hud-inventory-tools.js,"Missões, objetivos, perfil, HUD, inventário e ferramentas",1454,1467,eac0174669e738a656e9fd2661e2b2666df9321c68e019f5750cbff8711cd2fb,4,1,0,0,0,0,0,0,1,0,1,closeModal | openModal
updateInstallUI,07-navigation-traffic-routes.js,"Rotas, trânsito, grafo, GPS e minimapa",1468,1515,43ca89e641ba00e175bc20ffd9eedf5fbbddc77ce7587393fe778006662d0a4d,2,5,0,0,0,0,0,0,2,0,5,openModal | toast
isOfficialOtthiGameAddress,07-navigation-traffic-routes.js,"Rotas, trânsito, grafo, GPS e minimapa",1516,1642,f97a5c2f41b790f337fdeb8a6276a2936da737bb1b4c0f204686f642046d0f85,7,17,1,0,0,0,0,8,12,1,7,openModal | saveState | toast | updateInstallUI
localDateKey,08-map-parent-settings.js,"Mapa, marcadores, waypoint, reset, ferramentas parentais e configurações",1643,1643,f24870fde3d3a6cbe887725bbf09616a26faf466ed816c667f691d9dca98fa23,0,0,0,0,0,0,0,0,1,0,0,
daysBetween,08-map-parent-settings.js,"Mapa, marcadores, waypoint, reset, ferramentas parentais e configurações",1644,1644,a52cda6a525bfbcf374883b7a983ec9b577afa1fa52be8ac47cfa3ee4888799e,0,1,0,0,0,0,0,0,2,0,0,
ensureDailyChallenges,08-map-parent-settings.js,"Mapa, marcadores, waypoint, reset, ferramentas parentais e configurações",1645,1645,45c4292810d49031ee346144ac0c40e88d942a54db08fde05cba9f3d0ed443e4,3,1,0,0,0,0,1,0,1,0,3,daysBetween | localDateKey | saveState
dailyDefinition,08-map-parent-settings.js,"Mapa, marcadores, waypoint, reset, ferramentas parentais e configurações",1646,1646,186449dc3f6d3322c456a70aef0bed47167b264c7d8b32478a5764ceb5299d91,0,0,0,0,0,0,0,0,1,0,0,
trackDaily,08-map-parent-settings.js,"Mapa, marcadores, waypoint, reset, ferramentas parentais e configurações",1647,1652,daa968cdb1b1791548c36aa2fc53d0b4502cca1c75700887a9e5f969b2a558a6,3,5,0,0,0,1,0,0,1,0,0,ensureDailyChallenges | saveState | updateDailyBadge
updateDailyBadge,08-map-parent-settings.js,"Mapa, marcadores, waypoint, reset, ferramentas parentais e configurações",1653,1653,4ba20e166bc7fffc0d3c68ea498a51151a29c43ecd012379adbb4db627f24c07,1,2,0,0,0,0,0,0,1,0,1,ensureDailyChallenges
claimDailyQuest,08-map-parent-settings.js,"Mapa, marcadores, waypoint, reset, ferramentas parentais e configurações",1654,1667,16ca2fb6aae14083cf4af4b0966ca30eeb2a886ccc20e342d30a30cc9c93dfb7,9,1,0,0,0,0,0,0,1,0,1,addCoins | addReputation | addXP | beep | dailyDefinition | openDailyChallenges | saveState | toast | vibrate
seeded,08-map-parent-settings.js,"Mapa, marcadores, waypoint, reset, ferramentas parentais e configurações",1668,1668,1319f2287dd6d17f3249d661b9ccd1e0570aced548c2a22f4c34a5cceb90c7a3,0,0,0,0,0,0,0,0,1,0,0,
shuffled,08-map-parent-settings.js,"Mapa, marcadores, waypoint, reset, ferramentas parentais e configurações",1669,1669,f5ba217d0c1b7351f0c351f162b97a6fd7c040f3c31ab2414b56fd5025e124da,0,0,0,0,0,0,0,0,1,0,0,
choiceSet,08-map-parent-settings.js,"Mapa, marcadores, waypoint, reset, ferramentas parentais e configurações",1670,1670,f0e3d380b81a25743a6ec12ef46bd95a3eabb66b776dcb9dc58449c78a739e2e,2,0,0,0,0,0,0,0,1,0,0,shuffled
mathRound,08-map-parent-settings.js,"Mapa, marcadores, waypoint, reset, ferramentas parentais e configurações",1671,1679,cb4e37719f10ede6dd4b1ff7267304d38d5d572308beb5b8dd68be0e37a58b81,4,5,0,0,0,0,0,0,6,0,8,choiceSet
portugueseRound,08-map-parent-settings.js,"Mapa, marcadores, waypoint, reset, ferramentas parentais e configurações",1680,1688,8ce27614b02591038517ef164d3db00c52b68a45e8f72fefbe62296e361cf343,5,5,0,0,0,0,0,0,6,0,6,choiceSet | shuffled
englishRound,08-map-parent-settings.js,"Mapa, marcadores, waypoint, reset, ferramentas parentais e configurações",1689,1697,9908ca6746f7842521a7022c9d7c42a9dd53aab96166aa861ad17a04e85421a8,5,5,0,0,0,0,0,0,6,0,2,choiceSet
generateEducationRounds,08-map-parent-settings.js,"Mapa, marcadores, waypoint, reset, ferramentas parentais e configurações",1698,1698,28f0df96294862151095cffeb6f7d5a1108efddb10d1b85f6678f10a2630996a,1,0,0,0,0,0,0,0,1,0,2,seeded
subjectLevelRecord,08-map-parent-settings.js,"Mapa, marcadores, waypoint, reset, ferramentas parentais e configurações",1699,1699,95015b357984a841f0191b122fe466702923922ecd01495cffddce766f18c16a,0,0,0,0,0,0,0,0,1,0,0,
subjectUnlocked,08-map-parent-settings.js,"Mapa, marcadores, waypoint, reset, ferramentas parentais e configurações",1700,1700,d052304da0885e4d3b3fbc3f13fa65bffd5ba7dd84fa0fd1fa9336b9f57c9638,1,0,0,0,0,0,0,0,1,0,0,subjectLevelRecord
educationSummary,08-map-parent-settings.js,"Mapa, marcadores, waypoint, reset, ferramentas parentais e configurações",1701,1701,eadeaa0d7fdd42e56a9133be5bb845c571c8aed009b6df11f55339893434162b,1,1,0,0,0,2,0,0,1,0,0,subjectLevelRecord
speakKidWord,08-map-parent-settings.js,"Mapa, marcadores, waypoint, reset, ferramentas parentais e configurações",1702,1702,d35e7d0651948db93552b555d3c894120cb44bdeba8e3307f8ce1a49b98d3920,0,0,0,0,0,0,0,1,0,0,0,
dailyChallengesHtml,08-map-parent-settings.js,"Mapa, marcadores, waypoint, reset, ferramentas parentais e configurações",1703,1703,1758fae4f4623b7585c3edb5c03fa496c71a6489eaafafcb0a629bd6e86e31f5,2,0,0,0,0,0,0,0,2,0,5,dailyDefinition | ensureDailyChallenges
educationSubjectHtml,08-map-parent-settings.js,"Mapa, marcadores, waypoint, reset, ferramentas parentais e configurações",1704,1704,1a6b235640a8a6a9d25e1654ff52a6449f092c19fa97bba61af109988459c457,2,0,0,0,0,0,0,0,2,0,6,subjectLevelRecord | subjectUnlocked
openEducationHub,08-map-parent-settings.js,"Mapa, marcadores, waypoint, reset, ferramentas parentais e configurações",1705,1714,5aab4e342499a7fe3d23ec9f8169a0c60c29934abf17db6772c05ad8105d22d3,10,5,0,0,0,0,0,0,4,0,8,claimDailyQuest | dailyChallengesHtml | educationSubjectHtml | educationSummary | ensureDailyChallenges | openModal | openSocialHub | playerDisplayName | startSoloEducationGame
openChallengeHub,08-map-parent-settings.js,"Mapa, marcadores, waypoint, reset, ferramentas parentais e configurações",1715,1715,a34cdb9eeb74773ee6e2699bfe73f436fc509eba075a3b0e4afe5b26dbb2b611,1,0,0,0,0,0,0,0,0,0,1,openEducationHub
openDailyChallenges,08-map-parent-settings.js,"Mapa, marcadores, waypoint, reset, ferramentas parentais e configurações",1716,1716,7f1d0505db90ee99dd2ae316ea3dc980eed069445bbdfe07ba9206abe0c5fd7e,1,0,0,0,0,0,0,0,0,0,0,openEducationHub
runEducationGame,08-map-parent-settings.js,"Mapa, marcadores, waypoint, reset, ferramentas parentais e configurações",1717,1730,9cc111fec96ac5404c6a9a4e4049ab5e20099ccfbf5bbebfd27e55526b77186f,12,6,1,0,0,0,0,0,4,0,9,addXP | beep | escapeHtml | finishSoloEducationGame | generateEducationRounds | openModal | speakKidWord
startSoloEducationGame,08-map-parent-settings.js,"Mapa, marcadores, waypoint, reset, ferramentas parentais e configurações",1731,1731,f2bc35abc4bc0a470f453b8d01df32b9efbd92176929403e44a24b7a9f73bbd7,3,0,0,0,0,0,0,1,0,0,0,closeChallengePrompt | runEducationGame | toast
finishSoloEducationGame,08-map-parent-settings.js,"Mapa, marcadores, waypoint, reset, ferramentas parentais e configurações",1732,1734,057713f886c30f8f177f72c869aaac7df69be1a27ea9226184dc79539738efce,11,2,1,0,0,0,0,0,0,0,6,addCoins | addXP | awardMedal | openEducationHub | openModal | saveState | startSoloEducationGame | subjectLevelRecord
startCinematicEmote,08-map-parent-settings.js,"Mapa, marcadores, waypoint, reset, ferramentas parentais e configurações",1735,1737,344134866ae5365e6be02f99b8265335337b3959dfa45bbf47489ad4ceb76ffd,0,1,0,0,0,0,0,0,1,0,0,
triggerEmote,08-map-parent-settings.js,"Mapa, marcadores, waypoint, reset, ferramentas parentais e configurações",1738,1748,c10609ef6f1b21e0c2023565ea6d859ae2c386f5891e9255e635f18c6da399a1,5,4,0,0,0,0,0,0,0,0,4,addXP | beep | startCinematicEmote | toast | vibrate
openQuiz,08-map-parent-settings.js,"Mapa, marcadores, waypoint, reset, ferramentas parentais e configurações",1749,1751,760b3e3a3b448120eeceb4ec53e3b5662e77489b6fc0f834cea773295abec6f4,1,0,0,0,0,0,0,0,0,0,0,openEducationHub
openCollection,08-map-parent-settings.js,"Mapa, marcadores, waypoint, reset, ferramentas parentais e configurações",1752,1770,02540829698762db9439e5ee3698825ffb8193a47e75b4031bb397badd592f58,1,0,0,0,0,0,0,0,0,0,1,openModal
effectiveAvatarUniform,08-map-parent-settings.js,"Mapa, marcadores, waypoint, reset, ferramentas parentais e configurações",1771,1778,577cbb79a9a7e8c2feab8d7bd3b48f8678c8853ee9b4a527420753b57934644d,0,1,0,0,0,0,0,0,2,0,3,
avatarChoiceGroup,08-map-parent-settings.js,"Mapa, marcadores, waypoint, reset, ferramentas parentais e configurações",1779,1783,79d270ecaba86e81ca2f75573f0bbb24c9aef602c5a9a5711e01941702cad541,1,0,0,0,0,0,0,0,1,0,5,effectiveAvatarUniform
openAvatarStudio,08-map-parent-settings.js,"Mapa, marcadores, waypoint, reset, ferramentas parentais e configurações",1784,1793,e7a5aaf56c80c2d9327516ed5cc73c2591ef954e12909e480dd7a17d129728ae,14,0,0,0,0,0,0,0,0,0,2,applyAvatarCustomization | avatarChoiceGroup | closeModal | normalizeAvatarV2 | openModal | playerDisplayName | saveState | setFlag | toast | updateAvatarV2LegacyChoice
openLifePanel,08-map-parent-settings.js,"Mapa, marcadores, waypoint, reset, ferramentas parentais e configurações",1794,1809,cb1aec56636d7aa627fe46891f21e4729225304f81f3ec49eb3794c784238faa,3,2,0,0,0,1,0,0,0,0,1,closeModal | openModal | toast
openMolds,09-responsive-ar-quality-diagnostics.js,"Responsividade, AR, modos, qualidade, LOD e diagnóstico",1810,1812,7d5589517ad570ca39b546026b25955780bbe71396068cc1d4847f76d9bb51a5,2,0,0,0,0,0,0,0,0,0,0,openModal | playerDisplayName
openHow,09-responsive-ar-quality-diagnostics.js,"Responsividade, AR, modos, qualidade, LOD e diagnóstico",1813,1911,dea39d2e950108786717039dd71d5ba93c86520de197ab6474da7ed200799ca5,1,0,0,0,0,0,0,0,0,0,0,openModal
deriveMissionFlags,09-responsive-ar-quality-diagnostics.js,"Responsividade, AR, modos, qualidade, LOD e diagnóstico",1912,1923,5071f2d1b8cb9878d509a86293d9991a7801b70cf2445dba09abfc7756113b7d,0,0,0,0,0,0,0,0,0,0,1,
evaluateMissions,09-responsive-ar-quality-diagnostics.js,"Responsividade, AR, modos, qualidade, LOD e diagnóstico",1924,1941,95b41091544d7944944f6c0cd29a372d1c718be2e31189b51e2486511860b230,5,2,0,0,0,1,0,0,0,0,3,addCoins | awardMedal | deriveMissionFlags | toast | updateMissionHUD
updateMissionHUD,09-responsive-ar-quality-diagnostics.js,"Responsividade, AR, modos, qualidade, LOD e diagnóstico",1942,1962,1e22e8ca5b33122cf60acc6cc13c5cf1297ed6a80ec00973d605ef390ddbcdc3,3,3,0,0,0,0,0,0,3,0,3,activeJobProgress | coopMissionProgressLabel | playerText
objectiveStatusLabel,09-responsive-ar-quality-diagnostics.js,"Responsividade, AR, modos, qualidade, LOD e diagnóstico",1963,1963,f5cb500988025448bef8d81ddbf3ed6bf30c921042ce1ef6bbd15519d7f577b6,0,0,0,0,0,0,0,0,1,0,1,
skillMasterySummary,09-responsive-ar-quality-diagnostics.js,"Responsividade, AR, modos, qualidade, LOD e diagnóstico",1964,1964,d6a50bd8331eb7b9707b773b5013b9b3fb1096c88d83bb0425bcb83b8775b0fc,0,0,0,0,0,0,0,0,1,0,1,
pinChapter,09-responsive-ar-quality-diagnostics.js,"Responsividade, AR, modos, qualidade, LOD e diagnóstico",1965,1965,730e0bb570acb33b7ec6676ff1d8c29671bc95e65f543553b84ba02a61dd20dc,4,0,0,0,0,0,0,0,0,0,1,evaluateMissions | saveState | toast | updateMissionHUD
openObjectivesPanel,09-responsive-ar-quality-diagnostics.js,"Responsividade, AR, modos, qualidade, LOD e diagnóstico",1966,1973,2484e9567cc95836f425d7d5c94a3ac528d175dd231a5785a2d48c2f4516ab8b,11,0,0,0,0,0,0,0,1,0,21,activeCoopMission | activeJobProgress | coopMissionBriefingMarkup | deriveMissionFlags | focusActiveJob | missionBriefingMarkup | openModal | pinChapter | playerText | skillMasterySummary
sanitizePlayerName,09-responsive-ar-quality-diagnostics.js,"Responsividade, AR, modos, qualidade, LOD e diagnóstico",1974,1974,b107c5b4cd393643459918f0c4874ba03f365bc7259a8ab83fa9a0cfa0bd9be4,0,0,0,0,0,0,0,0,1,0,0,
hasValidPlayerName,09-responsive-ar-quality-diagnostics.js,"Responsividade, AR, modos, qualidade, LOD e diagnóstico",1975,1975,73c3b68af88c0b16265afac8ad0b98589ddb79b351c1f039f52baaa1dea1b728,1,0,0,0,0,0,0,0,1,0,0,sanitizePlayerName
playerDisplayName,09-responsive-ar-quality-diagnostics.js,"Responsividade, AR, modos, qualidade, LOD e diagnóstico",1976,1976,a9b5dd1c024eb709bd424944d0136077787a78ea6396f43a578a472aa91f9e20,2,0,0,0,0,0,0,0,1,0,1,hasValidPlayerName | sanitizePlayerName
playerText,09-responsive-ar-quality-diagnostics.js,"Responsividade, AR, modos, qualidade, LOD e diagnóstico",1977,1977,2af737b2b5ac72a166fb4eaa81d9f9ec3f54260a743dbbf21f47c658b2bd1b9d,4,0,0,0,0,0,0,0,1,0,0,playerDisplayName
updatePlayerNameUI,09-responsive-ar-quality-diagnostics.js,"Responsividade, AR, modos, qualidade, LOD e diagnóstico",1978,1978,cd63aa64f5dd80d47ad9384e6cc350b20efc0bc4774bd067f509817d9cea153e,7,7,0,0,0,0,0,0,0,0,8,accountStatusText | hasValidPlayerName | playerDisplayName
applyPlayerName,09-responsive-ar-quality-diagnostics.js,"Responsividade, AR, modos, qualidade, LOD e diagnóstico",1979,1979,64d2d5aea6e5bf7f5f1c612220fb24570124418e035d1280926f3eb2fe395434,5,2,0,0,0,0,0,0,2,0,8,publicPlayerName | sanitizePlayerName | saveState | toast | updatePlayerNameUI
openPlayerNameModal,09-responsive-ar-quality-diagnostics.js,"Responsividade, AR, modos, qualidade, LOD e diagnóstico",1980,1984,72d7ff402ad47a8fc14a09a536d321bb6b74ef3f24230f7fc40f007a37b68812,5,3,0,0,0,0,0,0,1,0,6,applyPlayerName | closeModal | hasValidPlayerName | openModal | toast
updateLobbyStats,09-responsive-ar-quality-diagnostics.js,"Responsividade, AR, modos, qualidade, LOD e diagnóstico",1985,1991,bac8e72ed2b7bea39fb287b9d46ca352b4826a848b8e29a16dce9654ba8ecf17,1,0,0,0,0,0,0,0,0,0,0,updatePlayerNameUI
updateHUD,09-responsive-ar-quality-diagnostics.js,"Responsividade, AR, modos, qualidade, LOD e diagnóstico",1992,2006,b57e8c63e974c3ab3a58ba1074f01e625fe7dd23eab6ac5b7f82798ac7c8c12e,2,1,0,0,0,0,0,0,0,0,2,updateMissionHUD | updatePlayerNameUI
openInventory,09-responsive-ar-quality-diagnostics.js,"Responsividade, AR, modos, qualidade, LOD e diagnóstico",2007,2021,472c306d7062f5f421e494e9d34611c60fc94f4b3855c8e56fe0a1c52f84435e,4,1,0,0,0,0,0,0,1,0,3,openModal | saveState | toast | updateHUD
equippedTool,09-responsive-ar-quality-diagnostics.js,"Responsividade, AR, modos, qualidade, LOD e diagnóstico",2022,2022,f6e4074938f51cb58674268f1a7f4b2470485590f66d85dce08322cdf0ebc02f,0,0,0,0,0,0,0,0,1,0,1,
equipTool,09-responsive-ar-quality-diagnostics.js,"Responsividade, AR, modos, qualidade, LOD e diagnóstico",2023,2025,06f37dde73ca0dd26b7f614fe952cd666f8bc1bd6175ecf5e2f5c9e3f22c30a1,3,2,0,0,0,0,0,0,2,0,0,refreshEquippedToolVisual | saveState | toast
openToolbelt,09-responsive-ar-quality-diagnostics.js,"Responsividade, AR, modos, qualidade, LOD e diagnóstico",2026,2028,e293ecf6e2bb1089abcf2524a9da1befe880b505928ecf0bdd9bedf1bbfef4f8,3,0,0,0,0,0,0,0,0,0,2,closeModal | equipTool | openModal
refreshEquippedToolVisual,09-responsive-ar-quality-diagnostics.js,"Responsividade, AR, modos, qualidade, LOD e diagnóstico",2029,2044,214891a6fbf947371fb9798f0762d53d60fcb9d5a5be4df5ccd9e5b03e2e203c,9,6,4,0,0,0,0,0,1,0,4,box | renderMat
playToolAnimation,09-responsive-ar-quality-diagnostics.js,"Responsividade, AR, modos, qualidade, LOD e diagnóstico",2045,2049,8f8f23b85dd2a497731c044be9bf3c18a8517245c52f0cd2d25a8604d5bba9aa,2,0,0,0,0,0,0,0,0,0,1,beep | vibrate
routeLength,09-responsive-ar-quality-diagnostics.js,"Responsividade, AR, modos, qualidade, LOD e diagnóstico",2050,2050,2ede0493aa6e96907fd7077d32d6cdf7c26904155d07fb0078ce9238c3867b56,0,0,0,0,0,1,0,0,1,0,0,
compactRoute,09-responsive-ar-quality-diagnostics.js,"Responsividade, AR, modos, qualidade, LOD e diagnóstico",2051,2051,37d93aedbb3c0ec357ddff4b38d8ca7d1abd7393da8130db488dc592249de6b3,0,2,0,0,0,1,0,0,1,0,0,
projectPointToSegment,09-responsive-ar-quality-diagnostics.js,"Responsividade, AR, modos, qualidade, LOD e diagnóstico",2052,2052,ae6f7943580ea9b33ffdc59808b2f6accf8d7e89b80fc024ceaad7f459f42815,0,0,0,0,0,0,0,0,1,0,0,
navBlocked,09-responsive-ar-quality-diagnostics.js,"Responsividade, AR, modos, qualidade, LOD e diagnóstico",2053,2053,3f2cce292d8c4e72ff8d160c69db50fd59b4526ce0abdd56926c013d252482f3,0,3,0,0,0,2,0,0,3,0,0,
segmentClear,09-responsive-ar-quality-diagnostics.js,"Responsividade, AR, modos, qualidade, LOD e diagnóstico",2054,2054,13df9d1cfe7abd670f855ec471398629b5651cca61677f96ebb7892bf7cd76ce,1,1,0,0,0,1,0,0,2,0,0,navBlocked
nearestRoadProjection,09-responsive-ar-quality-diagnostics.js,"Responsividade, AR, modos, qualidade, LOD e diagnóstico",2055,2055,300e49dc9cbf714d35350ac6e9bb8609f1d366e04edf8a1bd0cef77d82716c5f,2,1,0,0,0,1,0,0,1,0,1,projectPointToSegment | segmentClear
pointOnRoad,09-responsive-ar-quality-diagnostics.js,"Responsividade, AR, modos, qualidade, LOD e diagnóstico",2056,2056,fac6693520607b94aec6b65d5900872f41f06b1fe35404b35b6a18a18245ceeb,0,0,0,0,0,0,0,0,1,0,0,
projectPointToPolyline,09-responsive-ar-quality-diagnostics.js,"Responsividade, AR, modos, qualidade, LOD e diagnóstico",2057,2061,ae83f42fc4cb56d0bec1cde78df3d7f26a55ad8a51871985858dacd69a80b9e9,1,3,0,0,0,1,0,0,2,0,1,projectPointToSegment
snapTrafficToRoad,09-responsive-ar-quality-diagnostics.js,"Responsividade, AR, modos, qualidade, LOD e diagnóstico",2062,2067,bad5234226cde3d59a9848299a80859662faba2a319563d7a1d21b3fefa853e9,4,3,0,0,0,0,0,0,3,0,4,nearestRoadProjection | pointOnRoad | projectPointToPolyline
trafficActorList,09-responsive-ar-quality-diagnostics.js,"Responsividade, AR, modos, qualidade, LOD e diagnóstico",2068,2079,f9a12701fa047a642286205b885474f81f295f67a5659f6299c99aaa2053a52d,0,6,0,0,0,5,0,0,2,0,6,
trafficPriority,10-player-skills.js,"Escala, Mini/Normal/Grande, abaixar, girar e domínio de skills",2080,2080,f66cfa99bb37724df2b05448b7d3cdfeb63eff3d20f642e94d769c32117a6e66,0,4,2,0,0,0,0,0,2,0,13,
trafficSpeedFactor,10-player-skills.js,"Escala, Mini/Normal/Grande, abaixar, girar e domínio de skills",2081,2090,cfdda7ff6c265e48a18f0a03b7091075d96feba2f6c3b9ddd56e97cf3af3ee4f,3,7,1,0,0,1,0,0,3,0,5,trafficActorList | trafficPriority
captureTrafficPositions,10-player-skills.js,"Escala, Mini/Normal/Grande, abaixar, girar e domínio de skills",2091,2091,39d1af7dd2818b6d392ac67a486193f78ec4e51dac0a3a2be517257555dbaa16,1,0,0,0,0,1,0,0,1,0,1,trafficActorList
resolveTrafficOverlaps,10-player-skills.js,"Escala, Mini/Normal/Grande, abaixar, girar e domínio de skills",2092,2102,6f64286ab911e756be497aa107bbcedef7968286d3e4f652abc9a2e2f4e8b922,8,7,1,0,0,4,0,0,0,0,15,pointOnRoad | snapTrafficToRoad | trafficActorList | trafficPriority
graphAdd,10-player-skills.js,"Escala, Mini/Normal/Grande, abaixar, girar e domínio de skills",2103,2103,e9cc15c1a0650d8efd89976f4e0a102868a55a1b0323ceb5028281a7e20466f2,0,2,0,0,0,0,0,0,0,0,0,
graphShortest,10-player-skills.js,"Escala, Mini/Normal/Grande, abaixar, girar e domínio de skills",2104,2104,837ca42fa998392c9428efc10228f8a695ad8e5e14ab86f3017bb59e4152d0e0,0,6,0,0,0,2,2,0,2,0,4,
buildRoutePoints,10-player-skills.js,"Escala, Mini/Normal/Grande, abaixar, girar e domínio de skills",2105,2116,7307c6bc3b7b996ef054393a91e6dce0c594d733c3399609abfea2de89a8c3c5,10,4,0,0,0,2,0,0,3,0,4,compactRoute | graphAdd | graphShortest | nearestRoadProjection
routeProgressInfo,10-player-skills.js,"Escala, Mini/Normal/Grande, abaixar, girar e domínio de skills",2117,2117,d540f23024f3941ff8f3cbf28f74b8a2429dc297ed963339f20f9e0b349bf2ef,2,2,0,0,0,1,0,0,2,0,5,projectPointToSegment | routeLength
remainingRoute,10-player-skills.js,"Escala, Mini/Normal/Grande, abaixar, girar e domínio de skills",2118,2118,3e1320a9a61c6b062032cf2f1d5b6f5a67a4f4092d18ff64dc66608fe83d8a87,2,0,0,0,0,0,0,0,1,0,0,compactRoute | routeProgressInfo
sampleRoute,10-player-skills.js,"Escala, Mini/Normal/Grande, abaixar, girar e domínio de skills",2119,2119,d68712875d0352d8ac25d46590a26960e7aa81265745bd9fadb02bab2635da76,0,0,0,0,0,2,0,0,1,0,0,
createRouteGuide,10-player-skills.js,"Escala, Mini/Normal/Grande, abaixar, girar e domínio de skills",2120,2120,c97d73b00f8de18d37474b29ad36cc971bd9d5c98f9b2d1402492e718c483b30,1,2,0,0,0,1,0,0,3,0,0,mat
updateRouteGuide,10-player-skills.js,"Escala, Mini/Normal/Grande, abaixar, girar e domínio de skills",2121,2121,2b295cd1209438292e5b2ea78e7c6c0c1a63b0772267e48b95148cf61b5f688c,6,4,0,0,0,0,0,0,3,0,1,buildRoutePoints | createRouteGuide | groundHeightAt | remainingRoute | routeProgressInfo | sampleRoute
miniPoint,10-player-skills.js,"Escala, Mini/Normal/Grande, abaixar, girar e domínio de skills",2122,2122,0b0fa9c64553a2818420ae2d32ebd492d6f6ff828bab78b674260da892282ce3,0,0,0,0,0,0,0,0,1,0,0,
miniMapLogicalSize,10-player-skills.js,"Escala, Mini/Normal/Grande, abaixar, girar e domínio de skills",2123,2123,e3e95bf5e27f3b64ca022870ec19cf05f78b2477e9b05cb7e70f24a760c3b557,0,1,0,0,0,0,0,0,1,0,0,
miniMapScale,10-player-skills.js,"Escala, Mini/Normal/Grande, abaixar, girar e domínio de skills",2124,2124,aeb7fb6232d29b4aaee1cfe92ec35721caf693a9463ff7d3ad4ab179457b84b6,0,0,0,0,0,0,0,0,1,0,0,
drawMiniMap,10-player-skills.js,"Escala, Mini/Normal/Grande, abaixar, girar e domínio de skills",2125,2133,6c5712595100b4e0023667be280afd35e694742a8bf21275f059dc4d52586c56,12,6,0,0,0,2,0,0,1,0,15,miniMapLogicalSize | miniMapScale | miniPoint | remainingRoute
updateNavigation,10-player-skills.js,"Escala, Mini/Normal/Grande, abaixar, girar e domínio de skills",2134,2134,c8ec2e6192c62ca34db203ebabe28e9c13ee73b520f9d48759e9a38f39a0344c,6,4,1,0,0,0,0,0,2,0,5,beep | drawMiniMap | routeProgressInfo | saveState | toast | updateRouteGuide
routeSvgMarkup,10-player-skills.js,"Escala, Mini/Normal/Grande, abaixar, girar e domínio de skills",2135,2200,63ba0b902bdb6daf94482a07ea46fddc36815900c4b2a309eb315dcb2fa58acc,3,0,0,0,0,0,0,0,2,0,0,playerDisplayName | worldLayoutPoint | worldToMap
mapLocationDetails,11-render-materials-player-model.js,"Texturas, materiais, geometria, personagem e avatar 3D",2201,2202,b19c229d2162f4d2a44e69cd0e0a06e878aa84629300e802caad734ccfc69641,0,1,0,0,0,0,0,0,2,0,3,
worldToMap,11-render-materials-player-model.js,"Texturas, materiais, geometria, personagem e avatar 3D",2203,2204,87c0aa77f93dbbc372635864bc8fd21b256b69307a4328306e7d093402626989,0,0,0,0,0,0,0,0,1,0,0,
missionMapLocations,11-render-materials-player-model.js,"Texturas, materiais, geometria, personagem e avatar 3D",2205,2216,66ca8637b22a4e834f9bf67c3eca3bf6bde3f8a9bed868a3aede213d63d414a7,1,3,0,0,0,0,0,0,1,0,14,serviceVehicleMapLocation
onlinePlayerMapLocations,11-render-materials-player-model.js,"Texturas, materiais, geometria, personagem e avatar 3D",2217,2218,e848f936bd2235ac0886cc68c70491f92946007d4727e2bd627aa3141675104a,0,0,0,0,0,0,0,0,1,0,2,
currentMapLocations,11-render-materials-player-model.js,"Texturas, materiais, geometria, personagem e avatar 3D",2219,2219,5fc295c822f888a83e35005d0619ada265145f657c04b07f707938f9e9f8c4f0,1,1,0,0,0,1,0,0,1,0,4,coopMissionMapLocations
mapDistance,11-render-materials-player-model.js,"Texturas, materiais, geometria, personagem e avatar 3D",2220,2221,efe7e7b0451dc475a93f908c518665d2e9372daa1f32a3640b31d6e665eb8095,0,0,0,0,0,0,0,0,1,0,4,
mapMarkerPlacements,11-render-materials-player-model.js,"Texturas, materiais, geometria, personagem e avatar 3D",2222,2257,8223c9dbc693ff1831de5b30e25294436d72aa0ff96384a5db1deded87d86f4d,1,5,2,0,0,4,0,0,4,0,13,worldToMap
applyMapMarkerPlacements,11-render-materials-player-model.js,"Texturas, materiais, geometria, personagem e avatar 3D",2258,2266,c445ca6a674f87cc1e820cb0a1181a478132c4059813de1f9675c0f24893d6b1,0,1,0,0,0,0,0,0,1,0,3,
mapVisualNodes,11-render-materials-player-model.js,"Texturas, materiais, geometria, personagem e avatar 3D",2267,2278,08af9b2516865e9f853b8c3f13e5dc31452cea7c04ba658efef97c829d3b9a0e,1,3,1,0,0,3,0,0,1,0,13,worldToMap
mapClusterSelectionMarkup,11-render-materials-player-model.js,"Texturas, materiais, geometria, personagem e avatar 3D",2279,2279,1429a90a41f534d5b27e383744b27c8545b4d4983df2650e467d5abc2de3ace1,3,0,0,0,0,0,0,0,1,0,0,mapDistance
mapSelectionMarkup,11-render-materials-player-model.js,"Texturas, materiais, geometria, personagem e avatar 3D",2280,2283,70d86120d763195dd2741ed62a7f124dc7bfad1806ba5722f4e483009eaf0fac,4,2,0,0,0,0,0,0,3,0,1,currentMapLocations | mapClusterSelectionMarkup | mapDistance | mapLocationDetails
setWaypoint,11-render-materials-player-model.js,"Texturas, materiais, geometria, personagem e avatar 3D",2284,2288,c57031c1311d5cd3ada61ccba5f7f862f803835de9fb14fc9bd527ebef80cb8a,7,1,0,0,0,0,0,0,1,0,4,buildRoutePoints | closeModal | currentMapLocations | saveState | toast | updateNavigation | updateWaypointMarker
clearWaypoint,11-render-materials-player-model.js,"Texturas, materiais, geometria, personagem e avatar 3D",2289,2289,f3c7a1f7b0b7ab9a0340535b332cead10fb0545383685af0e77386acc2dd24cd,5,0,0,0,0,0,0,0,0,0,0,closeModal | saveState | toast | updateNavigation | updateWaypointMarker
openMap,11-render-materials-player-model.js,"Texturas, materiais, geometria, personagem e avatar 3D",2290,2306,9d6cd762830b24e27014fe87fb12ebab7b1d1ed3ca44674407946ca8aa3405a9,16,4,0,0,0,0,0,0,4,0,28,applyMapMarkerPlacements | buildRoutePoints | currentMapLocations | mapDistance | mapMarkerPlacements | mapSelectionMarkup | mapVisualNodes | openModal | routeProgressInfo | routeSvgMarkup | setWaypoint | worldToMap
refreshOpenMapAfterResize,11-render-materials-player-model.js,"Texturas, materiais, geometria, personagem e avatar 3D",2307,2309,de65befdfed1c4843c6f6274dfdbb9ce856df2cee05c9df78d078369a67d9e2e,1,2,0,0,0,0,0,0,1,0,0,openMap
performLocalReset,11-render-materials-player-model.js,"Texturas, materiais, geometria, personagem e avatar 3D",2310,2312,7ea1b093c6d20b0154861c6d5f53327ca6bac14e59208c1f00dd1ebafdca3033,0,0,0,0,0,0,0,0,1,0,4,
openFinalResetConfirmation,11-render-materials-player-model.js,"Texturas, materiais, geometria, personagem e avatar 3D",2313,2318,c93eadedff3c2720dc0496dd1082719a7c3bf09ae6396db7e251c5e7d10e14b8,4,3,0,0,0,0,0,0,2,0,1,commitState | confirmModal | openModal | performLocalReset
formatPlayTime,11-render-materials-player-model.js,"Texturas, materiais, geometria, personagem e avatar 3D",2319,2347,4554d95144ca15b349657bb37a284682cb0006535757b6d220abfaf5b81aa431,22,7,0,0,0,0,0,4,6,0,59,accountLinked | confirmModal | escapeHtml | normalizeState | openFinalResetConfirmation | openModal | openSettings | publicPlayerName | saveState | toast
openParentGate,11-render-materials-player-model.js,"Texturas, materiais, geometria, personagem e avatar 3D",2348,2358,0b2ef98c62b701e5504b6257a4c0e41a6b77dbe079c43e412c23f61f6813cfdc,5,5,0,0,0,0,0,0,3,0,5,accountLinked | openModal | openSettings
openSettings,11-render-materials-player-model.js,"Texturas, materiais, geometria, personagem e avatar 3D",2359,2409,c7bf81d9a9a1b7ffc5679bc0cc352418c927c580318873cf9d258757b55b9ed9,28,11,6,0,0,0,0,0,0,0,12,accountStatusText | applyQuality | closeChallengePrompt | closeModal | commitState | hasValidPlayerName | multiplayerStatusText | openAccountCenter | openEducationHub | openModal | openParentGate | openPlayerNameModal | qualityLabel | qualityTier | requestedQuality | returnHome | savePlayerPosition | saveState | stopGame | toast
syncMobilePanels,11-render-materials-player-model.js,"Texturas, materiais, geometria, personagem e avatar 3D",2410,2458,1018bae533ef51636a97c9b90f39edd5c0e2700a604a9df67c37ab3e85d1d4d5,4,16,0,0,0,0,0,1,1,2,5,openObjectivesPanel | saveState
otthiGameModelUrl,11-render-materials-player-model.js,"Texturas, materiais, geometria, personagem e avatar 3D",2459,2462,f7c7a2f93c24b7f370878a3d4b098216513f22042b849862c939472063b32544,0,0,0,0,0,0,0,0,1,0,0,
androidSceneViewerUrl,11-render-materials-player-model.js,"Texturas, materiais, geometria, personagem e avatar 3D",2463,2472,cab02aabd5229fb88a788ea44abbf8bdf2d20757ece3f8b267735909b0c5502e,1,0,0,0,0,0,0,0,1,0,0,otthiGameModelUrl
isAndroidDevice,11-render-materials-player-model.js,"Texturas, materiais, geometria, personagem e avatar 3D",2473,2476,678de1182e5967fe30b5c3b7f13a9490a40a04cf4abd60ada3ce860df2e16fcf,0,0,0,0,0,0,0,0,1,0,0,
openAndroidSceneViewer,11-render-materials-player-model.js,"Texturas, materiais, geometria, personagem e avatar 3D",2477,2518,2731faf3b2ea06781f6e73216a813f0a108b2d23767ca1e603d0cce03454797c,5,5,0,0,0,0,0,2,4,0,6,androidSceneViewerUrl | isAndroidDevice | openModal | toast
detectStableAutoTier,12-world-resources-nature.js,"Interações do mundo, árvores, rochas, mina, poço, ruas, água e móveis",2519,2538,3fb386a76806d4faa90d797e83ef8bf10cc014e7822ede70c2c7a67352dbf9ad,0,2,0,0,0,0,0,0,3,0,1,
vehiclePlayerMode,12-world-resources-nature.js,"Interações do mundo, árvores, rochas, mina, poço, ruas, água e móveis",2539,2545,1792c94b6399f34da58d2cf3f75dd256e5182d19eb4c34a3127f964307300a55,0,3,0,0,0,0,0,0,4,0,3,
derivePlayerMode,12-world-resources-nature.js,"Interações do mundo, árvores, rochas, mina, poço, ruas, água e móveis",2546,2556,d8b5fd0b569697623a12545bb257179feff1ae20eec0f4969575d01672d2901e,1,8,0,0,0,0,0,0,9,0,4,vehiclePlayerMode
auditPlayerMode,12-world-resources-nature.js,"Interações do mundo, árvores, rochas, mina, poço, ruas, água e móveis",2557,2572,8fc05ff193a13d267dcca489ab4a80df78c788a169cea00720dbe0951944e714,1,7,0,0,0,0,0,0,1,0,2,derivePlayerMode
isOnFootMode,12-world-resources-nature.js,"Interações do mundo, árvores, rochas, mina, poço, ruas, água e móveis",2573,2573,fc72998dbfc289b88836e1c46012dbc2f27f9b020ef22bcd147031f3605902e9,1,0,0,0,0,0,0,0,1,0,0,derivePlayerMode
canEnterMobility,12-world-resources-nature.js,"Interações do mundo, árvores, rochas, mina, poço, ruas, água e móveis",2574,2578,fc74d45ff2a96e8cacfe43b03834e04395ec3f86192e500a3904aec726155c6c,2,1,0,0,0,0,0,0,2,0,0,auditPlayerMode | isOnFootMode
cameraRelativeVector,12-world-resources-nature.js,"Interações do mundo, árvores, rochas, mina, poço, ruas, água e móveis",2579,2583,d12be657afc2fa5132e5aa2b603d44ad5d7db4f9a464ef9c511c0da48c6bbe95,0,0,0,0,0,0,0,0,1,0,2,
normalizeControlIntent,12-world-resources-nature.js,"Interações do mundo, árvores, rochas, mina, poço, ruas, água e móveis",2584,2591,044d373a30c759a4f15e259bfcb02422dd5aecb14192afd8cf8100e0004848af,2,2,0,0,0,0,0,0,3,0,3,cameraRelativeVector | derivePlayerMode
requestedQuality,12-world-resources-nature.js,"Interações do mundo, árvores, rochas, mina, poço, ruas, água e móveis",2592,2592,d6cbed7d979eac236dc2a09405936853236e88b0ace9911cd864446a1866466d,0,0,0,0,0,0,0,0,1,0,1,
qualityLabel,12-world-resources-nature.js,"Interações do mundo, árvores, rochas, mina, poço, ruas, água e móveis",2593,2593,09565c1bdd89c30d33b5cf9a1b837c8c9fbdfa0a25b2b125628848b220922963,4,0,0,0,0,0,0,0,1,0,4,qualityTier | requestedQuality
qualityTier,12-world-resources-nature.js,"Interações do mundo, árvores, rochas, mina, poço, ruas, água e móveis",2594,2594,4da09946d0c2be9f662b972f4487eaca4f96ea130cc180ca8064e0a52fe9d7ec,1,0,0,0,0,0,0,0,1,0,2,requestedQuality
targetDpr,12-world-resources-nature.js,"Interações do mundo, árvores, rochas, mina, poço, ruas, água e móveis",2595,2600,a918b70208511048bc05efb18889aae41dc22b82662a7a268afa713e0b76816e,1,2,0,0,0,0,0,0,3,0,3,qualityTier
applyAdaptiveRenderSettings,12-world-resources-nature.js,"Interações do mundo, árvores, rochas, mina, poço, ruas, água e móveis",2601,2610,2b3682c3e7709c62e3f76bbb8a12254c6a9ca002ce141a113f20b13e42fa71ec,4,4,0,0,0,0,0,0,1,0,5,applyVisualQualityBudget | qualityTier | scheduleStableResize | targetDpr
samplePerformance,12-world-resources-nature.js,"Interações do mundo, árvores, rochas, mina, poço, ruas, água e móveis",2611,2630,248858d88334f422d014cf624e048900517c00567ca0d4c8b7fa5d587122454a,7,6,2,0,0,0,0,0,2,0,7,applyAdaptiveRenderSettings | lockStableSceneVisibility | requestedQuality | saveState | toast
lockStableSceneVisibility,12-world-resources-nature.js,"Interações do mundo, árvores, rochas, mina, poço, ruas, água e móveis",2631,2637,33be62831ccda1c5e927b428e46b9c9f6323c5435e601971c0c6a8eeb9a27cfc,4,4,0,0,0,3,0,0,0,0,4,qualityTier | visualQualityProfile
freezeWorldFrustumCulling,12-world-resources-nature.js,"Interações do mundo, árvores, rochas, mina, poço, ruas, água e móveis",2638,2653,7c747d23a6e0ffb97e0acbf48b46b6035d5dddf7f82fec8a38785c58f1d81f7e,0,4,1,0,0,0,0,1,2,0,3,
updateVisualLOD,12-world-resources-nature.js,"Interações do mundo, árvores, rochas, mina, poço, ruas, água e móveis",2654,2660,fea667b41dd2fa289ea75ce5c1af6088517530c725ef7bbe1702e2107b28a057,2,1,0,0,0,1,0,0,0,0,0,updateManagedOutlineVisibility | updateManagedVisualLODs
pwaInstalled,12-world-resources-nature.js,"Interações do mundo, árvores, rochas, mina, poço, ruas, água e móveis",2661,2661,8c49a1e05e1b0af685b5d6910e282829fcf633a1b23627a9f4babfa3c63efa94,0,0,0,0,0,0,0,0,1,0,0,
activeVehicleCount,12-world-resources-nature.js,"Interações do mundo, árvores, rochas, mina, poço, ruas, água e móveis",2662,2662,fa30c1c01b737aa69666712d7253fe7c4e85ee61349239649817441c3e5cc59f,0,0,0,0,0,0,0,0,1,0,10,
runtimeDiagnostics,12-world-resources-nature.js,"Interações do mundo, árvores, rochas, mina, poço, ruas, água e móveis",2663,2666,9ba0d99ad90b105961c131d4bc7cce0ca237a768636e582b5b45f2c037bfa99c,5,0,0,0,0,0,0,0,1,0,8,activeVehicleCount | auditPlayerMode | avatarFoundationDiagnostics | pwaInstalled | visualFoundationDiagnostics
ensureTechnicalPanel,12-world-resources-nature.js,"Interações do mundo, árvores, rochas, mina, poço, ruas, água e móveis",2667,2669,8f09c42f02c74aafbeb02f18f3972b9aec2b7fdf8c6dedebff0ab8f9d42fbb5c,1,1,0,0,0,0,0,0,2,0,0,toggleTechnicalPanel
refreshTechnicalPanel,12-world-resources-nature.js,"Interações do mundo, árvores, rochas, mina, poço, ruas, água e móveis",2670,2670,727dc5923f03b239374612d35d120ae62b227c9d3d0e4d7b305e12e6a5329b48,3,1,0,0,0,0,0,0,1,0,9,ensureTechnicalPanel | qualityTier | runtimeDiagnostics
toggleTechnicalPanel,12-world-resources-nature.js,"Interações do mundo, árvores, rochas, mina, poço, ruas, água e móveis",2671,2671,fbf79cd28092fa353c51ad6219dbf8350adb74ff343bab827a3febf77f8b7eb7,2,1,0,0,0,0,0,0,0,0,1,ensureTechnicalPanel | refreshTechnicalPanel
initTechnicalPanel,12-world-resources-nature.js,"Interações do mundo, árvores, rochas, mina, poço, ruas, água e móveis",2672,2675,e806ad62676d9a97659f6740523360cc7c26ff623da951fd16edc922dc2cb02b,2,2,0,0,0,0,0,0,0,0,1,toggleTechnicalPanel
playerScaleValue,12-world-resources-nature.js,"Interações do mundo, árvores, rochas, mina, poço, ruas, água e móveis",2676,2678,5815e7ad5d228b3f24130b5bb6d4f980eaf2f6920c925f201626ff675cb7436c,0,0,0,0,0,0,0,0,1,0,2,
skillReady,12-world-resources-nature.js,"Interações do mundo, árvores, rochas, mina, poço, ruas, água e móveis",2679,2679,f651222a6039695ce52bee0344619aa208807ea4001fc3d654915974f09c2352,1,1,0,0,0,0,0,0,2,0,0,toast
recordAdvancedSkill,12-world-resources-nature.js,"Interações do mundo, árvores, rochas, mina, poço, ruas, água e móveis",2680,2685,98c9968c6d57e9f3d5b3038eb4cfd1c6e6e80d7826115b803c296d7b6746ba78,4,0,0,0,0,1,0,0,0,0,0,advanceAdventure | saveState | trackDaily | updateAbilityUI
collectCrystal,12-world-resources-nature.js,"Interações do mundo, árvores, rochas, mina, poço, ruas, água e móveis",2686,2688,c7a44894ae68393f9c648afb9cff6cd3959ef778339412ae131f1f3077af1c13,9,1,0,0,0,0,0,0,2,0,0,addCoins | addXP | beep | checkActiveJob | evaluateMissions | saveState | toast | trackDaily | vibrate
syncPlayerRootScale,12-world-resources-nature.js,"Interações do mundo, árvores, rochas, mina, poço, ruas, água e móveis",2689,2698,4cb830f8f6d798486f0df2bf8ed1bba2ca700da510f10b175ea996908c0a557d,1,2,0,0,0,0,0,0,2,0,1,playerScaleValue
setScaleMode,12-world-resources-nature.js,"Interações do mundo, árvores, rochas, mina, poço, ruas, água e móveis",2699,2718,f523f3eeba32415214dfe3eb3def188fe0453c38ae9f1d3aa1e85f3b0d893775,21,10,2,0,0,2,0,0,7,0,2,beep | damageEnemy | recordAdvancedSkill | saveState | skillReady | spawnDust | toast | trackDaily | updateAbilityUI | vibrate
toggleCrouch,12-world-resources-nature.js,"Interações do mundo, árvores, rochas, mina, poço, ruas, água e móveis",2719,2728,1ef8bb44a84c7198d5712ff67b784ece34b6c1e70db886f7c2033db2fc0acb21,11,3,0,0,0,0,0,0,3,0,2,beep | playerDisplayName | recordAdvancedSkill | saveState | skillReady | toast | updateAbilityUI
spinPlayer,12-world-resources-nature.js,"Interações do mundo, árvores, rochas, mina, poço, ruas, água e móveis",2729,2735,79e944e72f906c16eedbed0924de0d7d20997e73577a48a0520023ad26fcd82c,7,3,0,0,0,2,0,0,1,0,1,addXP | beep | collectCrystal | damageEnemy | recordAdvancedSkill | skillReady | toast
updateAbilityUI,12-world-resources-nature.js,"Interações do mundo, árvores, rochas, mina, poço, ruas, água e móveis",2736,2742,97454a6906495269794f04008b301ee806151c1df0793f76dfbfd9ea2f436762,0,2,0,0,0,2,0,0,0,0,11,
canvasTexture,13-houses-npcs-vehicles-base.js,"Casas, interiores, NPCs, inimigos, cristais, veículos e academia",2743,2779,6b8c319eeaebeb46ff42aed9ac4b1acb0a9b09dad72f82d7df7cd5b275ab5746,0,11,9,0,0,24,0,0,2,0,8,
professionalTexture,13-houses-npcs-vehicles-base.js,"Casas, interiores, NPCs, inimigos, cristais, veículos e academia",2780,2787,d7d8be28f08baf740da47d92a42b8a7f705572f7e78ad34208e462c5dfa5e36a,4,1,1,0,0,0,0,0,1,0,6,canvasTexture | registerVisualAsset | updateVisualAsset
initMaterials,13-houses-npcs-vehicles-base.js,"Casas, interiores, NPCs, inimigos, cristais, veículos e academia",2788,2834,f9d70dd8d5d1005fb1299b2e0c2419fcb3cdb10022c9d13879e4db640741a0a0,24,0,0,0,0,1,0,0,0,0,0,canvasTexture | professionalTexture | registerVisualAsset
mat,13-houses-npcs-vehicles-base.js,"Casas, interiores, NPCs, inimigos, cristais, veículos e academia",2835,2843,ccbcd0cde60281ee6a11b021fd69fdeaa2e6aeee16e75fb6dd98e6f55c06c6e0,0,0,0,0,0,0,0,0,1,0,12,
geometryKey,13-houses-npcs-vehicles-base.js,"Casas, interiores, NPCs, inimigos, cristais, veículos e academia",2844,2844,8e425407cc95b9403e59cd02664269b57db099940bd81deaecb992a5c8466ec5,0,0,0,0,0,0,0,0,1,0,0,
sharedBoxGeometry,13-houses-npcs-vehicles-base.js,"Casas, interiores, NPCs, inimigos, cristais, veículos e academia",2845,2850,d5e9938cf23c59c4a7dafe8714a00216a5acb2027b0b49c206f184ae35498a4d,1,1,1,0,0,0,0,0,1,0,0,geometryKey
sharedCylinderGeometry,13-houses-npcs-vehicles-base.js,"Casas, interiores, NPCs, inimigos, cristais, veículos e academia",2851,2856,97756e27dc3047bfc0804fe8f30634b048b97f639a607133242b6a63d065a3b1,1,1,1,0,0,0,0,0,1,0,0,geometryKey
renderMat,13-houses-npcs-vehicles-base.js,"Casas, interiores, NPCs, inimigos, cristais, veículos e academia",2857,2863,5a0b33c405a907bee654121b990af8a0d5e50fe8d5e20850905a2fa816c7ddfd,1,1,1,0,0,0,0,0,1,0,13,mat
tintedBrickMaterial,13-houses-npcs-vehicles-base.js,"Casas, interiores, NPCs, inimigos, cristais, veículos e academia",2864,2868,5d8e643058547dc96bc2b7f194afd03c9bf9539d8c45842e95fd691482558050,0,1,0,0,0,0,0,0,1,0,1,
texturedRoofMaterial,13-houses-npcs-vehicles-base.js,"Casas, interiores, NPCs, inimigos, cristais, veículos e academia",2869,2871,ada482881850c4643078291578c69818bdb7692440d46dfa8b225318352dc084,0,1,0,0,0,0,0,0,1,0,0,
visualCacheHasValue,13-houses-npcs-vehicles-base.js,"Casas, interiores, NPCs, inimigos, cristais, veículos e academia",2872,2876,4e4af890b864b37aa50e3ce538e1ddc04e296061e19a49916344201b3d85e124,0,2,0,0,0,1,0,0,3,0,0,
visualCacheOwnsGeometry,13-houses-npcs-vehicles-base.js,"Casas, interiores, NPCs, inimigos, cristais, veículos e academia",2877,2879,06a2f9cd05911d4e0788a892d484437e6f867f55ce8854fe9f9ad08912d73649,3,0,0,0,0,0,0,0,1,0,0,visualCacheHasValue
visualCacheOwnsMaterial,13-houses-npcs-vehicles-base.js,"Casas, interiores, NPCs, inimigos, cristais, veículos e academia",2880,2882,c100ca6c18942147ad1d8815961123f0f42a49b16d6c122beb50484ba4066cd0,4,0,0,0,0,0,0,0,1,0,0,visualCacheHasValue
visualCacheOwnsTexture,13-houses-npcs-vehicles-base.js,"Casas, interiores, NPCs, inimigos, cristais, veículos e academia",2883,2883,27408280f123162d2837ae32a0b2b011c10fb2b007f47709f45acaa01e8f1ad4,0,0,0,0,0,0,0,0,1,0,1,
disposeDetachedVisual,13-houses-npcs-vehicles-base.js,"Casas, interiores, NPCs, inimigos, cristais, veículos e academia",2884,2903,952a70d14f7b747ab1436c32618011906ad1d6aa3e123469931a324a2ac89a80,3,6,0,0,0,1,0,0,1,0,7,visualCacheOwnsGeometry | visualCacheOwnsMaterial | visualCacheOwnsTexture
addSoftHighlight,13-houses-npcs-vehicles-base.js,"Casas, interiores, NPCs, inimigos, cristais, veículos e academia",2904,2908,0f4e55416b338f5e7b7d4554d6e77b82d7d2a7b66491bec8cf275049052a8278,1,0,0,0,0,0,0,0,1,0,0,sharedBoxGeometry
box,13-houses-npcs-vehicles-base.js,"Casas, interiores, NPCs, inimigos, cristais, veículos e academia",2909,2913,90ff764ba4b6965634827fcf32bd1b4437033126d6f6bc2f36d027215aa20de1,2,0,0,0,0,0,0,0,1,0,1,renderMat | sharedBoxGeometry
stabilizeSurface,13-houses-npcs-vehicles-base.js,"Casas, interiores, NPCs, inimigos, cristais, veículos e academia",2914,2914,063e5c2d7aea4e6483624866ae0a9bf1783652ff65e090e0c46d45126a726f31,0,1,0,0,0,0,0,0,2,0,0,
stableBox,13-houses-npcs-vehicles-base.js,"Casas, interiores, NPCs, inimigos, cristais, veículos e academia",2915,2915,d17297ba89d597581799aeaa3dc6ae21344cd0076828e8ebbaf2e0b6e1082ca1,2,0,0,0,0,0,0,0,1,0,0,box | stabilizeSurface
cylinder,13-houses-npcs-vehicles-base.js,"Casas, interiores, NPCs, inimigos, cristais, veículos e academia",2916,2920,d30144d0f1963f85608c8e5178f898f862333f1d3b5d27c9b06850533980331e,2,0,0,0,0,0,0,0,1,0,1,renderMat | sharedCylinderGeometry
addGlow,13-houses-npcs-vehicles-base.js,"Casas, interiores, NPCs, inimigos, cristais, veículos e academia",2921,2924,5eb86b0da8ba35e4dd6dec6244ca13af4e9ff9ce85ec5db0b84ab599265b5119,0,0,0,0,0,0,0,0,1,0,0,
addVoxelOutline,13-houses-npcs-vehicles-base.js,"Casas, interiores, NPCs, inimigos, cristais, veículos e academia",2925,2934,12a0f27b9b65220f9db863980af3b04c850b8d010a815f5c66ee1b003a1b2ae8,0,3,0,0,0,0,0,0,2,0,2,
premiumBox,13-houses-npcs-vehicles-base.js,"Casas, interiores, NPCs, inimigos, cristais, veículos e academia",2935,2937,3356005ccb5b35e1281f40a57cba8e37dbed53e869098e76a89b48a9b374af7a,2,0,0,0,0,0,0,0,1,0,0,addVoxelOutline | box
premiumCylinder,13-houses-npcs-vehicles-base.js,"Casas, interiores, NPCs, inimigos, cristais, veículos e academia",2938,2940,0c65c975b63682e41a467880ad98217511ed22dd47434f339435cd6ab3c7fa25,2,0,0,0,0,0,0,0,1,0,0,addVoxelOutline | cylinder
makeWindow,13-houses-npcs-vehicles-base.js,"Casas, interiores, NPCs, inimigos, cristais, veículos e academia",2941,2944,96c8320748e636c8b64af95a7c88d276335404ff9bbb7154a288cabdbed7cad8,5,0,0,0,0,0,0,0,1,0,0,mat | premiumBox
makePlanter,13-houses-npcs-vehicles-base.js,"Casas, interiores, NPCs, inimigos, cristais, veículos e academia",2945,2948,50113dc7096c7fb694ec333c49bd6157dbea7e0c43ef38e079e0ff99780c80bb,3,0,0,0,0,1,0,0,1,0,0,premiumBox
createPlayerModel,13-houses-npcs-vehicles-base.js,"Casas, interiores, NPCs, inimigos, cristais, veículos e academia",2949,3011,60f3b7efe1e8f90c2f56b96380e838fef39bcde98a7340b6870f7efc2d6f3d03,63,3,0,0,0,2,0,0,0,0,0,addSoftHighlight | addVoxelOutline | box | createAvatarRigFoundation | mat | multiplayerNameTexture | playerDisplayName | refreshEquippedToolVisual | renderMat | sharedCylinderGeometry
loadFaithfulAthosModel,14-world-district-decoration.js,"Cogumelos, portais, praça, distrito e decoração urbana",3012,3017,966f26f1bd778482cd03feafa29cb2763938b0fe54313dfbebb26eff4dcf6374,0,0,0,0,0,0,0,0,1,0,0,
clearAvatarLayer,14-world-district-decoration.js,"Cogumelos, portais, praça, distrito e decoração urbana",3018,3025,5dac3c77dba163681dc1a24c9517d060064f0137a136cf86669f65e8b7822d85,2,2,0,0,0,1,0,1,0,0,4,disposeDetachedVisual
avatarPartLayer,14-world-district-decoration.js,"Cogumelos, portais, praça, distrito e decoração urbana",3026,3030,a7be600f9b32832087c27ad0c544c07ff586ea93ce870d8fbf4e84a296e24c57,0,1,0,0,0,0,0,0,1,0,1,
addUniformPatch,14-world-district-decoration.js,"Cogumelos, portais, praça, distrito e decoração urbana",3031,3034,72b340a0364f47ebe346485081b9c0675e62646b0036a0745bc53ad0889ac618,1,0,0,0,0,0,0,0,1,0,0,signTexture
addUniformLimb,14-world-district-decoration.js,"Cogumelos, portais, praça, distrito e decoração urbana",3035,3037,d94d77d867dc2cebdaaca23ee1ad13a2465505f3f5172f18b15f72dd562f2a67,2,1,0,0,0,0,0,0,0,0,0,box
uniformPalette,14-world-district-decoration.js,"Cogumelos, portais, praça, distrito e decoração urbana",3038,3050,7f32129ea3d70f867e88aad42a122b467d38a973f9794a22eb2ec5c2d6e0adf8,0,0,0,0,0,0,0,0,1,0,0,
dressAnimatedAvatar,14-world-district-decoration.js,"Cogumelos, portais, praça, distrito e decoração urbana",3051,3071,a07d7ab90e03b632518b2e871f1474cb752f7b11af7667ead1d732404a056882,21,4,0,0,0,2,0,0,2,0,4,avatarPartLayer | box | mat | uniformPalette
applyAvatarCustomization,14-world-district-decoration.js,"Cogumelos, portais, praça, distrito e decoração urbana",3072,3102,ac865d4ba468a1f8cfa244bce8f739c8004403fa742ad1207fec1326e8fd92e5,47,19,12,0,0,1,0,0,1,0,5,addUniformPatch | box | clearAvatarLayer | dressAnimatedAvatar | effectiveAvatarUniform | mat
registerCollider,15-transit-bus-metro.js,"Ônibus, rotas viárias, paradas, metrô e painel de transporte",3103,3103,689be4fd2277be1abb76d9b25ef10f060c89dd01a11aecec2175dcf658521dd2,0,0,0,0,0,0,0,0,0,0,0,
registerPlatform,15-transit-bus-metro.js,"Ônibus, rotas viárias, paradas, metrô e painel de transporte",3104,3104,32ed9ea829eef6af389184e521ba3b6396edbcdf1d565d2e4a2b3c24381d599c,0,0,0,0,0,0,0,0,0,0,0,
registerInteractable,15-transit-bus-metro.js,"Ônibus, rotas viárias, paradas, metrô e painel de transporte",3105,3105,0c7bca287f32fbc1d7f2a296644c00a4ee4fc49229ea8f4ca84be1ac14695bce,0,0,0,0,0,0,0,0,1,0,0,
worldPos,15-transit-bus-metro.js,"Ônibus, rotas viárias, paradas, metrô e painel de transporte",3106,3109,89b409add31953c989558e51d96c428151e07a25d43c01437987a6ea62d43e1c,0,1,0,0,0,0,0,0,2,0,0,
isInteractionAvailable,15-transit-bus-metro.js,"Ônibus, rotas viárias, paradas, metrô e painel de transporte",3110,3116,0bc9c4108f8b797886b772ec47fbd9fcb6a35d9a8189e5e1c32db6eae379c4c4,0,2,0,0,0,0,0,0,3,0,0,
ensureFlowerBatch,15-transit-bus-metro.js,"Ônibus, rotas viárias, paradas, metrô e painel de transporte",3117,3130,f5f027138c25b8037b8d0d5446a71c28c09e325c6b35c6eeebc679ffa0e3669b,4,2,0,0,0,0,0,0,1,0,0,renderMat | sharedBoxGeometry
createTree,15-transit-bus-metro.js,"Ônibus, rotas viárias, paradas, metrô e painel de transporte",3131,3152,e562d9675157f7dbb6c44e390cbaf8537768579a42bfcc9378b9ba00b5a4b54c,17,2,0,0,0,0,0,0,1,0,5,box | collectResource | createManagedLOD | registerInteractable | renderMat
createRock,15-transit-bus-metro.js,"Ônibus, rotas viárias, paradas, metrô e painel de transporte",3153,3158,a3a21577ce0ca64d27d14f471736614739f3320dea8dbab1e5f8e28d2bb15111,4,1,0,0,0,0,0,0,1,0,0,collectResource | createManagedLOD | registerInteractable | sharedBoxGeometry
createGoldFoundry,15-transit-bus-metro.js,"Ônibus, rotas viárias, paradas, metrô e painel de transporte",3159,3166,c6708dcc4c186cd09e7e82c7e0305086d875a690bb590f44918610a525f83e16,13,0,0,0,0,0,0,0,1,0,0,premiumBox | registerCollider | registerInteractable | renderMat | signTexture | texturedRoofMaterial
createGoldMine,15-transit-bus-metro.js,"Ônibus, rotas viárias, paradas, metrô e painel de transporte",3167,3180,e7b1ac3b0eba38871aa219d17900abd1999570c6bf84966c93305906b9460bd8,13,0,0,0,0,2,0,0,1,0,0,collectResource | createLamp | createSignpost | premiumBox | registerInteractable | renderMat
createVillageWell,15-transit-bus-metro.js,"Ônibus, rotas viárias, paradas, metrô e painel de transporte",3181,3189,cd31b0e55f9453c734da0acc22877d7047122c95832aca3e2b327d2cef939e49,10,0,0,0,0,1,0,0,1,0,0,createSignpost | premiumBox | premiumCylinder | registerInteractable
drawWaterFromWell,15-transit-bus-metro.js,"Ônibus, rotas viárias, paradas, metrô e painel de transporte",3190,3194,2bd36712919e8c2ec03acf3fed34f96eee3d20690156cf4a0b734200418e30d0,8,3,0,0,0,0,0,0,2,0,0,addXP | advanceAdventure | playToolAnimation | saveState | toast | updateHUD
createFlower,15-transit-bus-metro.js,"Ônibus, rotas viárias, paradas, metrô e painel de transporte",3195,3204,9c3275826fccc4287fe97662670f766764a5581e0c23c6b90877c8e11caaf1fc,1,2,0,0,0,0,0,0,0,0,0,ensureFlowerBatch
createLamp,15-transit-bus-metro.js,"Ônibus, rotas viárias, paradas, metrô e painel de transporte",3205,3212,5f1e0cae164452e5db6be980217043b63e688b58a46a05a10f28d4e8a02ce46a,7,0,0,0,0,0,0,0,1,0,0,addGlow | box | renderMat
createSignpost,15-transit-bus-metro.js,"Ônibus, rotas viárias, paradas, metrô e painel de transporte",3213,3218,d3558af734a564d1a5c267f0bb71a93fa870e83c018f57c9b3ec25023f6617f4,2,0,0,0,0,0,0,0,1,0,0,box | signTexture
createFenceLine,15-transit-bus-metro.js,"Ônibus, rotas viárias, paradas, metrô e painel de transporte",3219,3222,0fe0e36d1101ebce63218befd8f4aa489253245e55ed66ed3ad84dd7724b8e60,2,0,0,0,0,1,0,0,0,0,0,box
createRoad,15-transit-bus-metro.js,"Ônibus, rotas viárias, paradas, metrô e painel de transporte",3223,3240,50b09b49a0631dab97eb950686b4bcfbb31adf4b90f340c59343716c7de20d48,22,1,1,0,0,2,0,0,0,0,0,renderMat | stableBox
createWater,15-transit-bus-metro.js,"Ônibus, rotas viárias, paradas, metrô e painel de transporte",3241,3241,eb2a5da96717723e61c68de9dfde21da5da0e7f441f13aadc5f4a4eb7a6bcf28,3,0,0,0,0,1,0,0,0,0,0,stableBox
createLava,15-transit-bus-metro.js,"Ônibus, rotas viárias, paradas, metrô e painel de transporte",3242,3243,488eb74e6afa8bb221c815d52c5680836acf4a7334cb55032e0bd7d035bfff56,2,0,0,0,0,0,0,0,1,0,0,mat | stableBox
createFurniture,15-transit-bus-metro.js,"Ônibus, rotas viárias, paradas, metrô e painel de transporte",3244,3305,a03f946ffce4578e04cd678f967d3871456bc206c91b97ce2288d10774185df3,84,16,0,0,0,15,0,0,1,0,0,box | cylinder | premiumBox | premiumCylinder | renderMat | shadeColor
signTexture,15-transit-bus-metro.js,"Ônibus, rotas viárias, paradas, metrô e painel de transporte",3306,3336,14b2d6c3aec2c5d8358c2eb8e498259126d59082d49343faf00404f1f9f65165,0,3,2,0,0,1,1,0,1,0,1,
shadeColor,16-emergency-services.js,"Bombeiros, incêndios, polícia, ambulância, segurança e incidentes",3337,3342,b46866682ecc5c3c1d2806bec6db8ab7cad9c41e459cbb08a694ffb0edf47ac3,0,0,0,0,0,0,0,0,1,0,0,
decorateHouseCommercial,16-emergency-services.js,"Bombeiros, incêndios, polícia, ambulância, segurança e incidentes",3343,3359,410ecb92ccd6a9fbad993eea6e704fd121bef5c92e0247006d73c4f2a55a88f1,17,3,1,0,0,1,0,0,0,0,6,addVoxelOutline | box | makePlanter | premiumBox | shadeColor
createHouse,16-emergency-services.js,"Bombeiros, incêndios, polícia, ambulância, segurança e incidentes",3360,3386,2d994bb813ffbddb0d187f3936d68adfe1c2234ebca225f8ec168724b2953a4e,42,1,0,0,0,1,0,0,1,0,10,box | createFlower | createLamp | decorateHouseCommercial | makeWindow | registerCollider | registerInteractable | renderMat | shadeColor | signTexture | texturedRoofMaterial | tintedBrickMaterial
addHouseInterior,16-emergency-services.js,"Bombeiros, incêndios, polícia, ambulância, segurança e incidentes",3387,3434,2e873316a39d1d267c0321497127ba2e49956354c2f0b650151435940e1eee97,92,7,6,0,0,11,0,0,0,0,1,addGlow | createFurniture | exitHouse | premiumBox | premiumCylinder | registerActivity | registerInteractable
registerActivity,16-emergency-services.js,"Bombeiros, incêndios, polícia, ambulância, segurança e incidentes",3435,3438,a44f6dbe286654cbef0e557f6e197ad5cff80e4c1f00b59a258dfdf976ed12ab,3,0,0,0,0,0,0,0,0,0,0,activityIcon | registerInteractable | useActivity
activityIcon,16-emergency-services.js,"Bombeiros, incêndios, polícia, ambulância, segurança e incidentes",3439,3440,755bba4fb527e7f9f054bdf98c8bc36da440d147ef0e76f522afefc5b344c382,0,0,0,0,0,0,0,0,1,0,0,
createNPC,16-emergency-services.js,"Bombeiros, incêndios, polícia, ambulância, segurança e incidentes",3441,3459,bab8182d6e4c2e60e308b35df3fdfbd752613370946a30421a7629a00956da48,24,4,1,0,0,2,0,0,1,0,2,addVoxelOutline | box | iconTexture | registerInteractable | renderMat | shadeColor | talkToNPC
createNpcMobility,16-emergency-services.js,"Bombeiros, incêndios, polícia, ambulância, segurança e incidentes",3460,3473,dad8bfb68bbfea4b2807cfcaec0122e330ab13d73dac43314d4e64acfa1432a8,16,5,3,0,0,4,0,0,3,0,4,addVoxelOutline | nearestRoadProjection | premiumBox | premiumCylinder
createEnemy,16-emergency-services.js,"Bombeiros, incêndios, polícia, ambulância, segurança e incidentes",3474,3480,c1859891055f97ca57a8dc076d34d01af44b501629bd220a604cc15b4699a609,12,2,2,0,0,0,0,0,1,0,1,box
createCrystal,16-emergency-services.js,"Bombeiros, incêndios, polícia, ambulância, segurança e incidentes",3481,3484,5a883a496642bc2b822de6088e1581a2dc6cf4d966dc737b44353ca6af9e8912,2,0,0,0,0,0,0,0,0,0,3,addGlow | mat
createChest,16-emergency-services.js,"Bombeiros, incêndios, polícia, ambulância, segurança e incidentes",3485,3487,ebe1893098e47e40f8a1dd911c425c4a7c3e8cac5ccb48cf2f71a8094d7446f5,4,1,0,0,0,0,0,0,1,0,2,box | openChest | registerInteractable
createPlatform,16-emergency-services.js,"Bombeiros, incêndios, polícia, ambulância, segurança e incidentes",3488,3488,ba94a9a7c1e28218623c1714c381d129dd0df36d8f12f8fad6418195c50ec245,2,0,0,0,0,0,0,0,0,0,0,box | registerPlatform
vehicleById,16-emergency-services.js,"Bombeiros, incêndios, polícia, ambulância, segurança e incidentes",3489,3489,eedf603c4c17d1c359e1dd0829955a507252d900e82712f83b247a5c2bd5a332,0,0,0,0,0,0,0,0,1,0,0,
currentVehicleRef,16-emergency-services.js,"Bombeiros, incêndios, polícia, ambulância, segurança e incidentes",3490,3490,366ba0284cce2e646772bfde71e7529e266600240d6b355dc98535739d7eac06,1,3,0,0,0,0,0,0,4,0,1,vehicleById
applyVehicleAppearance,16-emergency-services.js,"Bombeiros, incêndios, polícia, ambulância, segurança e incidentes",3491,3495,2ceeab548b7b2085f67a59ba64bfd2709b7d6143e5540d3caf93f9469cf8fc99,1,2,0,0,0,0,0,0,1,0,15,applyServiceVehicleVisual
persistParkedVehicle,,,3496,3498,454d760706698083c4a43aca723e835ab6a1dbb3378221b911764131f82cb6d4,0,1,0,0,0,0,0,0,1,0,0,
createToyCar,17-adventures-learning-world.js,"Castelo, aventuras, desafios e praça educacional",3499,3511,a9dd8f0b6ee0f9f38508476a5095658de517c39b857ad9d4f5855f1a46c2f418,20,2,0,0,0,1,0,0,1,0,22,addVoxelOutline | box | cylinder | enterVehicle | registerInteractable | renderMat
createWaypointMarker,17-adventures-learning-world.js,"Castelo, aventuras, desafios e praça educacional",3512,3517,d267690f3025ed3847162d529c16ad58079cee92a1ae74561767dc2bf8ebea26,4,0,0,0,0,0,0,0,0,0,0,box | mat | updateWaypointMarker
updateWaypointMarker,17-adventures-learning-world.js,"Castelo, aventuras, desafios e praça educacional",3518,3522,e761f037c37b5988b0aa5d2526c6de7ecf26409c70c672a0a645ebccad8ae532,0,2,0,0,0,0,0,0,1,0,0,
createAthleticsGym,17-adventures-learning-world.js,"Castelo, aventuras, desafios e praça educacional",3523,3526,028e64c5ad02c51f4eb99cb0a28f7dd471fd69c6a54b79e65e53fa84c13d583e,1,0,0,0,0,0,0,0,1,0,1,createSportsComplexV704
createSizeChallenges,17-adventures-learning-world.js,"Castelo, aventuras, desafios e praça educacional",3527,3539,176db86edf68d9995faa3b576e7a9a4da34e62f42d38ce0e3a11a191235c8699,32,3,0,0,0,0,0,0,3,0,0,addXP | box | registerCollider | registerInteractable | setFlag | toast | worldLayoutPoint
createSkyDome,17-adventures-learning-world.js,"Castelo, aventuras, desafios e praça educacional",3540,3555,083d4283a54be3555c4bce1b6b2487520fb975d14697c223acd3a4aa0c3e1c6c,2,0,0,0,0,1,0,0,0,0,0,renderMat | sharedBoxGeometry
updateClouds,17-adventures-learning-world.js,"Castelo, aventuras, desafios e praça educacional",3556,3560,a15bea9dc9c8df7d586e19ff12209b67e2fe08b7b50fe4135e30605c7a32e213,0,3,0,0,0,1,0,0,1,0,0,
createVoxelMushroom,18-water-fishing-boats.js,"Água, câmera e animação da pesca, barco e física náutica",3561,3569,c9e5c4066044849b0743a75272b19b6218e5555269b9b2e44a5c78f7e9b787d1,14,1,0,0,0,0,0,0,1,0,0,addVoxelOutline | box | renderMat | shadeColor
iconTexture,18-water-fishing-boats.js,"Água, câmera e animação da pesca, barco e física náutica",3570,3572,b96277ca7aa52b96600576ce4b205db91c89d685ee1d1678572b41f8fff55ef6,0,0,0,0,0,0,0,0,1,0,0,
createChallengeCube,18-water-fishing-boats.js,"Água, câmera e animação da pesca, barco e física náutica",3573,3573,56ca455f70a37c86e21223c7094e9228f7a72e927720e6eba53fa547cffda557,2,0,0,0,0,0,0,0,1,0,0,box | iconTexture
createPortalArch,18-water-fishing-boats.js,"Água, câmera e animação da pesca, barco e física náutica",3574,3579,4d430445d6313962ac96e14886eced86e8708bf4b2def6b8e594225a158786fd,6,0,0,0,0,1,0,0,1,0,0,addGlow | box | mat
createPlayground,18-water-fishing-boats.js,"Água, câmera e animação da pesca, barco e física náutica",3580,3583,221b2f2bbf6b47d02b0f25e6438ffe307f6385daa38f3b18088dbff0aedce33e,7,0,0,0,0,1,0,0,1,0,0,box
createFountain,18-water-fishing-boats.js,"Água, câmera e animação da pesca, barco e física náutica",3584,3584,cf080dec751002f972a0adb427f2f593d78e26d184c8976beb133a184c1c76df,5,0,0,0,0,0,0,0,1,0,0,addGlow | cylinder | mat
createAwning,18-water-fishing-boats.js,"Água, câmera e animação da pesca, barco e física náutica",3585,3585,19cd0501030fc0c606ce5d9d883736fe2d9dfd05ad41c70fb3ee92883a15ab0b,1,0,0,0,0,1,0,0,1,0,1,box
createStreetTree,18-water-fishing-boats.js,"Água, câmera e animação da pesca, barco e física náutica",3586,3593,29a3bd915163cea3d29eb9b28526fc0f6bf4a05b49edc39d202bfef4652c80c0,8,0,0,0,0,0,0,0,1,0,0,box | createManagedLOD | makePlanter | premiumBox
createBackdropBuilding,18-water-fishing-boats.js,"Água, câmera e animação da pesca, barco e física náutica",3594,3604,0774c23f4b3e0c679599f7d32b5279d49d1e512e55a20158f0c131183d971124,15,0,0,0,0,2,0,0,1,0,2,addVoxelOutline | box | createManagedLOD | renderMat | shadeColor
createFloatingIsland,18-water-fishing-boats.js,"Água, câmera e animação da pesca, barco e física náutica",3605,3608,c275c1914b022840e1eab24107ea4d9ad5bad5e7942717ddc1f2f9eb0141876f,4,0,0,0,0,1,0,0,1,0,0,addVoxelOutline | mat | premiumBox
createCoinTrail,18-water-fishing-boats.js,"Água, câmera e animação da pesca, barco e física náutica",3609,3611,75af36af5faeb52de0b60a544700926a5b6f5bcea08f763df0281f4d75195041,1,0,0,0,0,0,0,0,0,0,0,mat
createCommercialDistrict,18-water-fishing-boats.js,"Água, câmera e animação da pesca, barco e física náutica",3612,3620,b43e3608e07e9cd502a9e342b89ccfc8146cae01c13ff2391623005e14d0ea08,8,1,0,0,0,0,0,0,0,0,0,createBackdropBuilding | createCoinTrail | createFloatingIsland | createStreetTree | v704ReservedAt
createDistrictVisuals,18-water-fishing-boats.js,"Água, câmera e animação da pesca, barco e física náutica",3621,3655,b3260b6cbe844047908b5195467ff981d2ff2751f4f1e07403a1e280d639fc44,13,2,0,0,0,1,0,0,0,0,0,createAwning | createChallengeCube | createCommercialDistrict | createFountain | createPlayground | createPortalArch | createVoxelMushroom | v704ReservedAt | worldLayoutPoint
compactBusPath,18-water-fishing-boats.js,"Água, câmera e animação da pesca, barco e física náutica",3656,3660,9966eaf75770f9657beb475628d1db9970d1193631265c0834d6a08dadc405fa,0,3,0,0,0,1,0,0,1,0,0,
projectedBusPoint,18-water-fishing-boats.js,"Água, câmera e animação da pesca, barco e física náutica",3661,3661,8dfff89c4e15ddd9d49663a45584998e4aa9620fa69dd08eba6ecd7a9323c8cb,1,0,0,0,0,0,0,0,1,0,2,nearestRoadProjection
offsetBusPath,18-water-fishing-boats.js,"Água, câmera e animação da pesca, barco e física náutica",3662,3669,777c21b51755adb0017aeea3eaf0af13e8d6e803ca8c1ba8c0d68f68b761300e,2,2,0,0,0,1,0,0,4,0,0,compactBusPath | pointOnRoad
buildBusRoadPath,18-water-fishing-boats.js,"Água, câmera e animação da pesca, barco e física náutica",3670,3683,9ed29586294a24c7ee6bac0d7f1918cceba0fbdd74a08934d5199077671e44df,8,4,0,0,0,2,0,0,3,0,4,buildRoutePoints | compactBusPath | nearestRoadProjection | offsetBusPath | projectedBusPoint
busRoutePoints,18-water-fishing-boats.js,"Água, câmera e animação da pesca, barco e física náutica",3684,3684,30c1ffe03b7106e54f4f2acff8a024b77204ecf5cf663a5e3850ba3fe88c46c2,0,0,0,0,0,0,0,0,1,0,5,
busNextStop,18-water-fishing-boats.js,"Água, câmera e animação da pesca, barco e física náutica",3685,3685,d496b98f585ef3fac9cdd4f45e28593ae84237611429883c070030118aef6aca,1,1,0,0,0,1,0,0,2,0,1,busRoutePoints
nearestForwardBusSegment,18-water-fishing-boats.js,"Água, câmera e animação da pesca, barco e física náutica",3686,3690,786d71095e557a164263a594d6df48b263d83dcf67ef0fb339577e409770ea43,1,2,0,0,0,1,0,0,2,0,1,projectPointToSegment
recoverBusRoute,18-water-fishing-boats.js,"Água, câmera e animação da pesca, barco e física náutica",3691,3694,0c230fd40a44b73ee0857c6d3a1870875d72ef47c82f726e0b05fd76bfb3dbf1,4,2,0,0,0,0,0,0,2,0,0,busRoutePoints | nearestForwardBusSegment | projectPointToPolyline | setBusState
setBusState,18-water-fishing-boats.js,"Água, câmera e animação da pesca, barco e física náutica",3695,3697,20956ee86ceee7835d28913ae51c06e47c7e19b1171edb8beb47cd3e6f9b1af2,0,1,0,0,0,0,0,0,2,0,0,
setBusWaiting,18-water-fishing-boats.js,"Água, câmera e animação da pesca, barco e física náutica",3698,3700,325ba7be05ccee3078c3b495d9018ad581db79e30f6d82e656d9ee619e04ccff,1,0,0,0,0,0,0,0,1,0,0,saveState
clearBusWaiting,18-water-fishing-boats.js,"Água, câmera e animação da pesca, barco e física náutica",3701,3701,114ffb32dd0b5ca3a75bf50270ab9b63a08d98e73a2a2c189fe710035af12a16,1,1,0,0,0,0,0,0,0,0,0,saveState
restoreBusWaiting,18-water-fishing-boats.js,"Água, câmera e animação da pesca, barco e física náutica",3702,3702,cca4bd082d229451f808bb4c2664e0e943909914318538dd1d76e98ebc05fc95,0,2,0,0,0,0,0,0,3,0,2,
busStopRecord,18-water-fishing-boats.js,"Água, câmera e animação da pesca, barco e física náutica",3703,3703,8b723af77ee82378dbd2023df358e8eb3b605bdc0c792355a5148815f6715503,0,0,0,0,0,0,0,0,1,0,2,
safeBusExitPoint,18-water-fishing-boats.js,"Água, câmera e animação da pesca, barco e física náutica",3704,3709,41ef280d9bd6d84bd0d3df2e4119b220295fbab7298ec1eeed3f25e57f0a961a,4,1,0,0,0,0,0,0,2,0,3,busStopRecord | groundHeightAt | positionBlockedForPlayer | safePointNear
createMetroEntrance,18-water-fishing-boats.js,"Água, câmera e animação da pesca, barco e física náutica",3710,3718,53ecad131875d6a4c5230901027ef8ecf2d5148fff8b413c77c41f0121275123,11,0,0,0,0,2,0,0,1,0,0,iconTexture | openMetroStation | premiumBox | registerInteractable
ensureMetroOverlay,19-campfire-hunting-house-extensions.js,"Fogueira, caça, animais e ampliações de casas",3719,3721,a00a19ec9ba4d6e9561b6713a30b84df532b076a1124fd74bced2b7a29e265f6,0,1,0,0,0,0,0,0,2,0,0,
openMetroStation,19-campfire-hunting-house-extensions.js,"Fogueira, caça, animais e ampliações de casas",3722,3726,5caddd88bfe4ab3c703394361f717832ac427f5b1d6576d5e2816eb4373d24fc,3,2,0,0,0,0,0,0,1,0,4,openModal | rideMetroTo | toast
rideMetroTo,19-campfire-hunting-house-extensions.js,"Fogueira, caça, animais e ampliações de casas",3727,3740,94dc2bf590dd5a64eacf5416e98106cecc824f665a6b9a0b05a91e3410cc9abf,15,9,0,0,0,0,0,0,3,0,6,advanceAdventure | auditPlayerMode | canEnterMobility | clearMovementInputs | closeModal | ensureMetroOverlay | rememberSafePlayerPosition | safePointNear | saveState | setFlag | toast | trackDaily | updateContext | updateNavigation
ensureBusStop,19-campfire-hunting-house-extensions.js,"Fogueira, caça, animais e ampliações de casas",3741,3744,e266e4ea43705e909a1e80ccf231fbca2b00f4287bdad019079ce39dd6ac6f96,6,2,0,0,0,0,0,0,2,0,2,iconTexture | openBusStop | premiumBox | registerInteractable
busSpawnIndex,19-campfire-hunting-house-extensions.js,"Fogueira, caça, animais e ampliações de casas",3745,3747,9dbcde54f340d38206a0841093d7a9997640f2e99f123f9264a56a97aed4d1a0,2,2,0,0,0,1,0,0,2,0,2,pointOnRoad | trafficActorList
createBusModel,19-campfire-hunting-house-extensions.js,"Fogueira, caça, animais e ampliações de casas",3748,3770,f63ff6048d6edfe3c3fac26e1863fbfb3c6f4717ac1dfddd2bc3b06e4e3aa896,38,2,0,0,0,9,0,0,1,0,5,buildBusRoadPath | busSpawnIndex | ensureBusStop | enterBus | premiumBox | premiumCylinder | registerInteractable | renderMat | signTexture
createTransitWorld,19-campfire-hunting-house-extensions.js,"Fogueira, caça, animais e ampliações de casas",3771,3771,36cc6654de85ff6e897e0b25f13edc061ff3560b69033f8bb6ff15571a21c53c,3,0,0,0,0,1,0,0,0,0,0,createBusModel | restoreBusWaiting | validateBusCoverage
busAtStop,19-campfire-hunting-house-extensions.js,"Fogueira, caça, animais e ampliações de casas",3772,3772,f518a393f802650d80941be03d8aba066dbca259734a907f23833f677feb5480,0,0,0,0,0,0,0,0,1,0,0,
busEtaSeconds,19-campfire-hunting-house-extensions.js,"Fogueira, caça, animais e ampliações de casas",3773,3773,436d28c24cfb1195a0071066d5d30194b10ea1a4ea5f8272676b45dec759b568,2,3,0,0,0,1,0,0,4,0,0,busAtStop | busRoutePoints
validateBusCoverage,19-campfire-hunting-house-extensions.js,"Fogueira, caça, animais e ampliações de casas",3774,3774,53d74c331e49b8f24096c6999bc6d3ee42a50afb99ba6817c02cb1a413d3026a,0,1,0,0,0,1,0,0,0,0,0,
busDestinationsAfter,19-campfire-hunting-house-extensions.js,"Fogueira, caça, animais e ampliações de casas",3775,3777,8fbc94db18c7d5d72dae58c96b3c57f9d43f342680ca20ed236c9278230f2c67,0,1,0,0,0,1,0,0,1,0,3,
openBusArrivalOffer,19-campfire-hunting-house-extensions.js,"Fogueira, caça, animais e ampliações de casas",3778,3787,f5cea807ab514aeefda96e677e9f326096ce5afb7d1d0d5bc8e13b98cacb8986,13,2,0,0,0,0,0,0,3,0,1,busAtStop | busDestinationsAfter | clearBusWaiting | closeModal | enterBus | openModal | setBusState | setBusWaiting | toast
offerBusAtStop,19-campfire-hunting-house-extensions.js,"Fogueira, caça, animais e ampliações de casas",3788,3794,149318579f2d0756b7f647e761843f6a94f16d921bbefa433ef611c68b4fa257,2,6,1,0,0,0,0,0,4,0,0,busAtStop | openBusArrivalOffer
openBusStop,19-campfire-hunting-house-extensions.js,"Fogueira, caça, animais e ampliações de casas",3795,3806,7e70f86274e4a5a9d2d232c8ed8fa3386bf54139afdba641622e7bb90c3ee0e3,19,0,0,0,0,0,0,0,1,0,13,busAtStop | busEtaSeconds | clearBusWaiting | closeModal | openBusArrivalOffer | openModal | setBusWaiting | toast
ensureTransitPanel,20-world-build-cloud-houses.js,"Construção do mundo, recursos, baús, casas em nuvem e interiores",3807,3809,c8ae96e73810252c6d5a679f4ac18bfe1296e2f07232b0b64f9931da2bd646e1,2,2,0,0,0,0,0,0,3,0,0,toast | updateTransitPanel
updateTransitPanel,20-world-build-cloud-houses.js,"Construção do mundo, recursos, baús, casas em nuvem e interiores",3810,3812,a5ba1a811cc18268f7fc79c8beb00c2f2e336f89425f89e1342086a71e4531aa,2,1,0,0,0,0,0,0,1,0,2,busNextStop | ensureTransitPanel
enterBus,20-world-build-cloud-houses.js,"Construção do mundo, recursos, baús, casas em nuvem e interiores",3813,3823,6bdf2ea8c3781882b47555c7d4ae809c5f009aee00f99598464d61c7ddee5717,15,8,0,0,0,0,0,0,4,0,0,auditPlayerMode | busAtStop | canEnterMobility | clearBusWaiting | clearMovementInputs | closeModal | saveState | setBusState | toast | updateTransitPanel
exitBusAtStop,20-world-build-cloud-houses.js,"Construção do mundo, recursos, baús, casas em nuvem e interiores",3824,3832,7995242e7f2dfbdbf221aa35554ac91354194f4cbb31299504ce0e7798a6bceb,14,7,0,0,0,0,0,0,2,0,4,advanceAdventure | auditPlayerMode | busAtStop | busStopRecord | rememberSafePlayerPosition | safeBusExitPoint | saveState | setBusState | setFlag | toast | trackDaily | updateContext | updateTransitPanel
updateTransitWorld,20-world-build-cloud-houses.js,"Construção do mundo, recursos, baús, casas em nuvem e interiores",3833,3878,107025a912c0b7520940f1d5680f9ea8ff887e90902666ac2dcec454b46ed3f1,23,31,11,0,0,2,0,0,0,0,5,busRoutePoints | exitBusAtStop | offerBusAtStop | pointOnRoad | recoverBusRoute | setBusState | trafficSpeedFactor | updateTransitPanel
decorateCityServices,20-world-build-cloud-houses.js,"Construção do mundo, recursos, baús, casas em nuvem e interiores",3879,3899,919c9a59dbdd0e565deeb111d0e7ee106ef08316e01b1315c77106d1084a7e32,14,1,0,0,0,5,0,0,0,0,1,iconTexture | premiumBox | premiumCylinder
serviceKindForJob,20-world-build-cloud-houses.js,"Construção do mundo, recursos, baús, casas em nuvem e interiores",3900,3900,3818e7915f962d47dae98e208778313719dfbd287f55eaad1cb72795a339fb5c,0,0,0,0,0,0,0,0,1,0,2,
serviceVehiclePools,20-world-build-cloud-houses.js,"Construção do mundo, recursos, baús, casas em nuvem e interiores",3901,3901,1734e66afc6537566585c5b007976509952b915cc4c9693ee386f964eac63c54,0,3,0,0,0,0,0,0,4,0,0,
serviceVehicleById,20-world-build-cloud-houses.js,"Construção do mundo, recursos, baús, casas em nuvem e interiores",3902,3902,70859193ef97e2be83a7541bd3ad4894ae1fed85d61c0b10dc2b399ff18df386,1,0,0,0,0,0,0,0,1,0,0,serviceVehiclePools
currentServiceMissionJob,20-world-build-cloud-houses.js,"Construção do mundo, recursos, baús, casas em nuvem e interiores",3903,3903,284a3fef6175820148237e25c12c20caf2da07c45192d503cf9256f93a6f7b24,1,0,0,0,0,0,0,0,1,0,2,activeCoopServiceJob
serviceVehicleAvailable,20-world-build-cloud-houses.js,"Construção do mundo, recursos, baús, casas em nuvem e interiores",3904,3904,11a5f1cd77cd4ee8e9f589d54717ea07694b5a99d6dce571e8787427b35bc4c5,1,1,0,0,0,0,0,0,2,0,3,currentServiceMissionJob
serviceVehicleAppearance,20-world-build-cloud-houses.js,"Construção do mundo, recursos, baús, casas em nuvem e interiores",3905,3905,1c2597e35f7a9448cad5d1c4fbfc8a1a126c9ee3e46e0fe842953418d2fc3ba1,0,2,0,0,0,0,0,0,3,0,0,
safeServiceDepot,20-world-build-cloud-houses.js,"Construção do mundo, recursos, baús, casas em nuvem e interiores",3906,3906,01a28dc2c2c23c087e26f159caf65b67b90d45a2480851e300c7644d7d19937d,3,2,0,0,0,1,0,0,1,0,3,nearestRoadProjection | trafficActorList
registerServiceVehicle,20-world-build-cloud-houses.js,"Construção do mundo, recursos, baús, casas em nuvem e interiores",3907,3910,562615fdbc90896f72a5129cc41e228f266f8e833b68d80ebf5dba081ac41121,6,0,0,0,0,0,0,0,1,0,7,currentServiceMissionJob | enterServiceVehicle | registerInteractable | safeServiceDepot | serviceVehicleAppearance | serviceVehicleAvailable
enterServiceVehicle,20-world-build-cloud-houses.js,"Construção do mundo, recursos, baús, casas em nuvem e interiores",3911,3913,ed5a35d16dc11bf210440e4dc59525b9c137a6d79c028116f3a546077c6b314f,8,3,0,0,0,0,0,0,4,0,6,currentServiceMissionJob | enterVehicle | serviceKindForJob | serviceMissionVehicle | serviceVehicleAvailable | toast
serviceMissionVehicle,20-world-build-cloud-houses.js,"Construção do mundo, recursos, baús, casas em nuvem e interiores",3914,3914,78e9170bcd80a8a11016132156bfae911c67da42d2be21740b4ad30cb2b9776d,2,0,0,0,0,0,0,0,1,0,2,currentServiceMissionJob | serviceVehicleById
serviceVehicleMapLocation,20-world-build-cloud-houses.js,"Construção do mundo, recursos, baús, casas em nuvem e interiores",3915,3915,33a337ccc6aa7315767bf3fdfb00d19c0b5e06f1e79ed8dcab9f773408c46631,3,1,0,0,0,0,0,0,2,0,9,currentServiceMissionJob | serviceKindForJob | serviceMissionVehicle
reserveMissionServiceVehicle,20-world-build-cloud-houses.js,"Construção do mundo, recursos, baús, casas em nuvem e interiores",3916,3918,c2acab4223c70e2d5018512f97428b3241d250967ac4cbfcd567d24c494773de,11,4,0,0,0,0,0,0,3,0,0,buildRoutePoints | currentServiceMissionJob | serviceKindForJob | serviceMissionVehicle | serviceVehicleAvailable | serviceVehiclePools | setMissionState | toast | updateNavigation | updateWaypointMarker
releaseMissionServiceVehicle,20-world-build-cloud-houses.js,"Construção do mundo, recursos, baús, casas em nuvem e interiores",3919,3919,7a0633a2db410aef8c48d9b0690ac3e974a242d4031d5839510f9fa99509d766,1,2,0,0,0,0,0,0,0,0,1,serviceMissionVehicle
isDrivingServiceVehicle,20-world-build-cloud-houses.js,"Construção do mundo, recursos, baús, casas em nuvem e interiores",3920,3920,8e70cab351caf8b874eb9a63370a82e2d01559a07567c84b1f6695103a7ec7b4,0,0,0,0,0,0,0,0,1,0,0,
onServiceVehicleBoarded,20-world-build-cloud-houses.js,"Construção do mundo, recursos, baús, casas em nuvem e interiores",3921,3921,d0d4805da62cc37254864b69b466893591a8d5664811b85eec0d77eaf2c25538,6,3,1,0,0,0,0,0,1,0,1,currentServiceMissionJob | focusActiveJob | onCoopServiceVehicleBoarded | saveState | serviceKindForJob | setMissionState
onServiceVehicleExited,20-world-build-cloud-houses.js,"Construção do mundo, recursos, baús, casas em nuvem e interiores",3922,3922,fc851dc6ba09b6d4fbfadb4f28ea7ecb7e9bf429d4a1d2474a665b5d1fcf6186,2,1,0,0,0,0,0,0,1,0,1,currentServiceMissionJob | saveState
returnServiceVehicleHome,20-world-build-cloud-houses.js,"Construção do mundo, recursos, baús, casas em nuvem e interiores",3923,3923,b1ec5d4dd63b5ab8bb29a8383ec52692232df97d143d25dc8f0d2907f48598ab,1,2,0,0,0,0,0,0,1,0,1,moveServiceVehicle
createFireIncidentSite,20-world-build-cloud-houses.js,"Construção do mundo, recursos, baús, casas em nuvem e interiores",3924,3927,edc825eadf55009dfa32b9c6474645bc5bd6c124ceea10500e1eb64e26896fef,4,0,0,0,0,2,0,0,1,0,4,helpExtinguishFire | mat | registerInteractable | renderMat
createFireTruck,20-world-build-cloud-houses.js,"Construção do mundo, recursos, baús, casas em nuvem e interiores",3928,3933,37f3e304c823d96c97175ba7d119fa06e103de045cfaca05f0406e8bc392c1ce,18,0,0,0,0,3,0,0,1,0,0,premiumBox | premiumCylinder | registerServiceVehicle | renderMat
createFireServiceWorld,20-world-build-cloud-houses.js,"Construção do mundo, recursos, baús, casas em nuvem e interiores",3934,3934,8625331cbe780b9d987281ddd9f54da989deead0126fda4b9df6d7a5d95150cf,2,0,0,0,0,0,0,0,0,0,0,createFireTruck
activateFireIncident,20-world-build-cloud-houses.js,"Construção do mundo, recursos, baús, casas em nuvem e interiores",3935,3935,88b1cd3c8aed362c10f574438c0fdc9e49b44b32b0435cffcaf3687773618e20,2,2,0,0,0,0,0,0,3,0,1,saveState | toast
ensureActiveFire,20-world-build-cloud-houses.js,"Construção do mundo, recursos, baús, casas em nuvem e interiores",3936,3936,f8398a4ac42c580e966167bbbf3cf24e2e925a2208fe40375cdb9e566663829e,1,0,0,0,0,0,0,0,1,0,1,activateFireIncident
helpExtinguishFire,20-world-build-cloud-houses.js,"Construção do mundo, recursos, baús, casas em nuvem e interiores",3937,3937,b5a809a040e0a88fc4fc89537ad5922038cbec33ed6d212f20a8edd5ace457f3,9,7,0,0,0,1,0,0,5,0,5,extinguishFireIncident | setMissionState | spawnDust | toast
extinguishFireIncident,20-world-build-cloud-houses.js,"Construção do mundo, recursos, baús, casas em nuvem e interiores",3938,3938,86e5d452dd634b3fdf4390d04d36f702c3add9afd0a0a685e8e40fc9341739b3,6,5,0,0,0,1,0,0,1,0,5,addXP | completeActiveJob | saveState | toast | updateNavigation | updateWaypointMarker
serviceVehicleRoute,20-world-build-cloud-houses.js,"Construção do mundo, recursos, baús, casas em nuvem e interiores",3939,3939,b0a3f7647ee3cd6e04690c1f8274e6647c6dd84563f1d965ed54f39ca1f7fdb8,1,1,0,0,0,0,0,0,1,0,1,buildRoutePoints
moveServiceVehicle,20-world-build-cloud-houses.js,"Construção do mundo, recursos, baús, casas em nuvem e interiores",3940,3941,e43ec2f3f0818455104292a818edc856461292d03d000aa0c6aaab198fab583e,3,5,0,0,0,1,0,0,5,0,1,serviceVehicleRoute | snapTrafficToRoad | trafficSpeedFactor
updateFireService,20-world-build-cloud-houses.js,"Construção do mundo, recursos, baús, casas em nuvem e interiores",3942,3953,20f328449acd1a3ce9e2e8c5cb95727c0b7fdd69214067d816d34d7130544adf,5,12,1,0,0,2,0,0,1,0,3,activateFireIncident | extinguishFireIncident | moveServiceVehicle | returnServiceVehicleHome | spawnDust
createPoliceCar,21-interactions-shop-social-races.js,"Atividades, mercado, oficina, amizades, NPCs e corridas",3954,3962,dcdf1ad09d632a0a8af6e84ec629bb042b0f3e92cb09921456b2fa01bc911a1f,19,1,0,0,0,1,0,0,1,0,0,addVoxelOutline | iconTexture | mat | premiumBox | premiumCylinder | registerServiceVehicle | renderMat
createAmbulance,21-interactions-shop-social-races.js,"Atividades, mercado, oficina, amizades, NPCs e corridas",3963,3969,fc61382bdecb2fceaa3f6cab641056d781ba3c736b2c96d2bb6490db0be0bfe9,16,0,0,0,0,1,0,0,1,0,0,premiumBox | premiumCylinder | registerServiceVehicle | renderMat
createPoliceSystem,21-interactions-shop-social-races.js,"Atividades, mercado, oficina, amizades, NPCs e corridas",3970,3974,8a88b8d01eddb30645a56789f57fe532660b3e98106bb11a260291ba6264e7a0,4,0,0,0,0,0,0,0,0,0,0,createAmbulance | createPoliceCar
movePoliceToward,21-interactions-shop-social-races.js,"Atividades, mercado, oficina, amizades, NPCs e corridas",3975,3978,207d900863df9f68d2834838bd23d35301dd8dc7445acb9f651353d40724b894,2,3,0,0,0,1,0,0,3,0,0,snapTrafficToRoad | trafficSpeedFactor
updatePolicePatrol,21-interactions-shop-social-races.js,"Atividades, mercado, oficina, amizades, NPCs e corridas",3979,3981,51f3253245f2cab18151014c9de5f5e7bd75cd194f36945a49f450ba95ae228f,1,1,0,0,0,0,0,0,0,0,0,movePoliceToward
updateSafetyPanel,21-interactions-shop-social-races.js,"Atividades, mercado, oficina, amizades, NPCs e corridas",3982,3984,22e65434e886046bfac572a7b444f8df23429c4e9efad94b49113efe7489b4ab,0,2,0,0,0,0,0,0,1,0,0,
startPoliceAlert,21-interactions-shop-social-races.js,"Atividades, mercado, oficina, amizades, NPCs e corridas",3985,3989,79cda731e02b23fab452570dfaf75aa67f7583d790c0d417365f39d154291068,3,2,0,0,0,0,0,0,3,0,0,saveState | toast | updateSafetyPanel
finishSafetyStop,21-interactions-shop-social-races.js,"Atividades, mercado, oficina, amizades, NPCs e corridas",3990,3993,f0165be37f5531374820c116f2de6af4c0637082bf67e7d3b2510bfa07b53c14,6,2,0,0,0,0,0,0,1,0,2,clearMovementInputs | exitVehicle | groundHeightAt | openSafetyLesson | saveState | updateSafetyPanel
openSafetyLesson,21-interactions-shop-social-races.js,"Atividades, mercado, oficina, amizades, NPCs e corridas",3994,4003,e452c190b91998f1280992a5895a47f55622a0e2640c1b0ea637fe85ed67a6b7,7,1,0,0,0,0,0,0,0,0,8,addReputation | addXP | awardMedal | closeModal | openModal | saveState | toast
updatePoliceSystem,21-interactions-shop-social-races.js,"Atividades, mercado, oficina, amizades, NPCs e corridas",4004,4015,e030f75030dea6b0ec2295060755caf2e3087651445280940948d502a278a7ac,9,14,3,0,0,2,0,0,0,0,4,finishSafetyStop | movePoliceToward | npcSpeech | returnServiceVehicleHome | startPoliceAlert | updatePolicePatrol | updateSafetyPanel
moveIncidentResponder,21-interactions-shop-social-races.js,"Atividades, mercado, oficina, amizades, NPCs e corridas",4016,4021,35a6d8648297aa33bca6878dd2f74bf6e96c1ed16d09bea25ec524610ade5b4a,3,6,0,0,0,1,0,0,5,0,1,buildRoutePoints | snapTrafficToRoad | trafficSpeedFactor
incidentServiceLabel,21-interactions-shop-social-races.js,"Atividades, mercado, oficina, amizades, NPCs e corridas",4022,4022,9ce65fdf9ba229c195969c89939d2296999a3fed85ef9e9e7040341266f02440,0,0,0,0,0,0,0,0,1,0,2,
lockIncidentActor,21-interactions-shop-social-races.js,"Atividades, mercado, oficina, amizades, NPCs e corridas",4023,4023,46ce505a35900d44ec30b02807aefdfdc4a5e4a9ddb1680554627e0e505c1458,1,3,0,0,0,0,0,0,1,0,1,setBusState
separateIncidentActors,21-interactions-shop-social-races.js,"Atividades, mercado, oficina, amizades, NPCs e corridas",4024,4024,6bc49827e75eccf8973358ae61b9b24fd305bb5dd976568036c892ba7d5cc76e,1,3,0,0,0,0,0,0,2,0,2,snapTrafficToRoad
createIncidentVisual,21-interactions-shop-social-races.js,"Atividades, mercado, oficina, amizades, NPCs e corridas",4025,4025,a0b518b46b4a878195a8bb520c16aa3adf001aaa13597326a65184f73f9be162,5,1,0,0,0,2,0,0,1,0,0,premiumBox | premiumCylinder | renderMat
createTrafficIncidentAt,21-interactions-shop-social-races.js,"Atividades, mercado, oficina, amizades, NPCs e corridas",4026,4030,963475b46578cfc7c4e62772f3f7434aeafd002774541c4e7c4abb4e21af5317,9,3,0,0,0,1,0,0,2,0,4,assistTrafficIncident | createIncidentVisual | dispatchIncidentResponders | lockIncidentActor | nearestRoadProjection | registerInteractable | saveState | separateIncidentActors | toast
createTrafficIncident,21-interactions-shop-social-races.js,"Atividades, mercado, oficina, amizades, NPCs e corridas",4031,4031,c014d74942c14c2d44fec8ee917746f648125e2eb15ed8549b12aa1ad9b9cb44,1,1,0,0,0,0,0,0,2,0,0,createTrafficIncidentAt
ensureActiveTrafficIncident,21-interactions-shop-social-races.js,"Atividades, mercado, oficina, amizades, NPCs e corridas",4032,4032,35b340cb3381a2fe0611bed951f939bf1d186d958667fc51d16db8ebc0f3eecb,2,2,0,0,0,0,0,0,3,0,1,createTrafficIncidentAt | nearestRoadProjection
dispatchIncidentResponder,21-interactions-shop-social-races.js,"Atividades, mercado, oficina, amizades, NPCs e corridas",4033,4036,442e2a7cf6316a5a753296b85b64ea156d6ca68442cff2e30f25eb76c80c88b0,4,2,0,0,0,0,0,0,3,0,1,reserveMissionServiceVehicle | serviceKindForJob | serviceVehicleAvailable | serviceVehiclePools
dispatchIncidentResponders,21-interactions-shop-social-races.js,"Atividades, mercado, oficina, amizades, NPCs e corridas",4037,4037,12adda2deeebc659320687bb052e8bba28be2edcd759ddb8d0e4da264115295a,3,0,0,0,0,0,0,0,0,0,0,dispatchIncidentResponder
assistTrafficIncident,21-interactions-shop-social-races.js,"Atividades, mercado, oficina, amizades, NPCs e corridas",4038,4040,5a40e9f18fec5649a945fa163a95d205dcf04a901be87000e4924fe9b56eece9,10,5,0,0,0,1,0,0,6,0,8,saveState | serviceKindForJob | setMissionState | spawnDust | toast
markPlayerIncidentArrival,21-interactions-shop-social-races.js,"Atividades, mercado, oficina, amizades, NPCs e corridas",4041,4041,680350701703ffe3c44aefc3338173c307a3d4ef7565013f7c9d08a8d05380fc,7,3,0,0,0,0,0,0,3,0,1,isDrivingServiceVehicle | saveState | serviceKindForJob | setMissionState | toast | updateNavigation | updateWaypointMarker
releaseIncidentActorStates,21-interactions-shop-social-races.js,"Atividades, mercado, oficina, amizades, NPCs e corridas",4042,4042,c631a2f5ea44626a3cba69dad2422eb2e1daa6d284d85fb014d6fa3e0bf91318,1,2,0,0,0,1,0,0,0,0,0,setBusState
resolveTrafficIncident,21-interactions-shop-social-races.js,"Atividades, mercado, oficina, amizades, NPCs e corridas",4043,4047,a1e79fe6821459f7d35e43c6cdb8fc0fa0a1d55f14aa0c3725758cefe0401c7d,5,5,0,0,0,3,0,0,1,0,1,completeActiveJob | releaseIncidentActorStates | saveState | serviceKindForJob | toast
updateTrafficIncidents,21-interactions-shop-social-races.js,"Atividades, mercado, oficina, amizades, NPCs e corridas",4048,4060,f80053d0889c47d2de88462b5618d875b39f87053921b1633490b86b755110c7,8,13,1,0,0,6,0,0,3,0,3,createTrafficIncident | markPlayerIncidentArrival | moveIncidentResponder | resolveTrafficIncident | returnServiceVehicleHome | trafficActorList
openTransitGuide,21-interactions-shop-social-races.js,"Atividades, mercado, oficina, amizades, NPCs e corridas",4061,4063,e1411b6b8259573f2351630b748157ff7c2c0b864e08de5befdbaa67e0eec8f6,2,0,0,0,0,0,0,0,0,0,0,openModal | setWaypoint
createRoyalCastle,21-interactions-shop-social-races.js,"Atividades, mercado, oficina, amizades, NPCs e corridas",4064,4089,519e06961299e7092f9415f0e5d6bf038acb52913c22b08912fecdcecd74e0ab,60,0,0,0,0,10,0,0,1,0,4,addGlow | createCastleChallengeTokens | createSignpost | exitHouse | mat | premiumBox | premiumCylinder | registerCollider | registerInteractable | renderMat | toast
createCastleChallengeTokens,21-interactions-shop-social-races.js,"Atividades, mercado, oficina, amizades, NPCs e corridas",4090,4092,281bc63e6755d3d63dd17c9726f11efc377f2413fe91fb1c3c352ed69b679ac6,2,0,0,0,0,0,0,0,1,0,0,mat | worldLayoutPoint
openAdventureHub,21-interactions-shop-social-races.js,"Atividades, mercado, oficina, amizades, NPCs e corridas",4093,4095,bb014fd0e19e69d63142b12dce24854ec24763ba912a77c7463f495655a89770,2,0,0,0,0,0,0,0,0,0,6,openModal | startAdventure
startAdventure,21-interactions-shop-social-races.js,"Atividades, mercado, oficina, amizades, NPCs e corridas",4096,4098,bfd6382a66440ca195d2681793742fb0019cd2766c94c966d82042b2fcd8df55,6,3,0,0,0,1,0,0,4,0,2,closeModal | saveState | setWaypoint | toast | worldLayoutPoint
restoreActiveAdventure,21-interactions-shop-social-races.js,"Atividades, mercado, oficina, amizades, NPCs e corridas",4099,4104,22a7568d52c33a36dffee06bccb71790decb726735fa3c7d19c95ec6992fc463,0,2,0,0,0,1,0,0,2,0,5,
advanceAdventure,21-interactions-shop-social-races.js,"Atividades, mercado, oficina, amizades, NPCs e corridas",4105,4107,3ee1f91a926e155fa3dde4b950744fc93ac90ecafad5d9f42a2a8d63ea4a22cd,3,3,1,0,0,0,0,0,2,0,0,beep | finishAdventure | saveState
finishAdventure,21-interactions-shop-social-races.js,"Atividades, mercado, oficina, amizades, NPCs e corridas",4108,4110,a12e99e3d2dbf92c52ad09595bd1954eb672078e1ea9ca06335660663ee1bcd0,8,4,1,0,0,1,0,0,1,0,0,addCoins | addReputation | addXP | awardMedal | saveState | setFlag | toast
updateAdventure,21-interactions-shop-social-races.js,"Atividades, mercado, oficina, amizades, NPCs e corridas",4111,4113,afd62e0fdb42955f05e183b8d2c9f4180dad1623aa93670cdb453e681db8349c,2,6,0,0,0,1,0,0,2,0,0,advanceAdventure | finishAdventure
createLearningStation,21-interactions-shop-social-races.js,"Atividades, mercado, oficina, amizades, NPCs e corridas",4114,4116,2dd2463b23d23e89f48026bc83b81632773bcc8b013b08c681c6dd2df6b4e13a,6,0,0,0,0,0,0,0,1,0,0,iconTexture | mat | openEducationHub | premiumBox | registerInteractable
createLearningPlaza,21-interactions-shop-social-races.js,"Atividades, mercado, oficina, amizades, NPCs e corridas",4117,4123,05d0f72c328dc885f4b2cd23a6b188b18a572c3067a2cff19500761073214366,8,0,0,0,0,0,0,0,0,0,0,createLearningStation | createSignpost | worldLayoutPoint
rectOverlap,21-interactions-shop-social-races.js,"Atividades, mercado, oficina, amizades, NPCs e corridas",4124,4124,fcaacb521af3ecd98b469100fb0aa71fbfdc1d0ba1cb32864e9ae1bedb0bce05,0,0,0,0,0,0,0,0,1,0,0,
insideWater,21-interactions-shop-social-races.js,"Atividades, mercado, oficina, amizades, NPCs e corridas",4125,4125,628cba99c90a19a2a200d25c92244b90194bc0f1579808ab8163a177a50f7b6f,0,0,0,0,0,0,0,0,1,0,0,
waterAt,21-interactions-shop-social-races.js,"Atividades, mercado, oficina, amizades, NPCs e corridas",4126,4126,18502266f88b1834e6537bb7517854627d2aa6abf6bd7ea0c94ca43009322bef,1,0,0,0,0,0,0,0,1,0,0,insideWater
isInsideLakeNavigable,,,4127,4127,c60d883833c19ac17faea9b72cdda7f4e4740fd14bd9e4878ec47ca7d528704a,0,0,0,0,0,0,0,0,1,0,0,
isNearFishingArea,22-careers-jobs-uniforms.js,"Carreiras, estados de missão, uniformes, professor, bombeiro e entrega",4128,4128,4ec73ede01868681cb89112f5c73d3ec5753b77269fb0bb24c781d0c7d8dee5b,0,0,0,0,0,0,0,0,1,0,0,
resolveWaterWalking,22-careers-jobs-uniforms.js,"Carreiras, estados de missão, uniformes, professor, bombeiro e entrega",4129,4131,416fb1f1c2ba58cc4921d1d80745cf638ec07119702d08adbf077a8330e11e73,4,4,0,0,0,0,0,0,1,0,0,groundHeightAt | toast | waterAt
distanceToBoatDock,22-careers-jobs-uniforms.js,"Carreiras, estados de missão, uniformes, professor, bombeiro e entrega",4132,4132,d8c8938ee1e32112f3d4f9957cbadc6c2ad8b5d44021d793c426e6a1f4db0e43,0,0,0,0,0,0,0,0,1,0,0,
validBoatExit,22-careers-jobs-uniforms.js,"Carreiras, estados de missão, uniformes, professor, bombeiro e entrega",4133,4133,5c2b6bd65e0f37400c562e114b9773728698cbb6cd4f396ae8146c4e07677dd8,1,0,0,0,0,0,0,0,1,0,0,distanceToBoatDock
safeBoatExitPoint,22-careers-jobs-uniforms.js,"Carreiras, estados de missão, uniformes, professor, bombeiro e entrega",4134,4135,ddc7c604b66a800d7b6d9947f4f01ad78956509ee6f1b38352c807379c834e06,0,0,0,0,0,0,0,0,1,0,0,
ensureFishingVisual,22-careers-jobs-uniforms.js,"Carreiras, estados de missão, uniformes, professor, bombeiro e entrega",4136,4149,ffbb8552902765aeeeaa9997ad3ed5d01f3760973bafea2d1d5f0e0f52534c44,8,1,0,0,0,0,0,0,2,0,0,renderMat
setFishingLine,22-careers-jobs-uniforms.js,"Carreiras, estados de missão, uniformes, professor, bombeiro e entrega",4150,4150,cf7ade312d3e10d632ecb5433c39a02ebaa1746fe3608c6c9cbbd91ea1c0171c,0,1,0,0,0,0,0,0,1,0,0,
fishingCastTarget,22-careers-jobs-uniforms.js,"Carreiras, estados de missão, uniformes, professor, bombeiro e entrega",4151,4157,c59ea1dceed358ec088055db9e1a79b950647eb0c150b22b8fa509058c8a56fd,1,2,1,0,0,0,0,0,1,0,1,isInsideLakeNavigable
beginFishingVisual,22-careers-jobs-uniforms.js,"Carreiras, estados de missão, uniformes, professor, bombeiro e entrega",4158,4171,424bcb866b9f8c92934d8ad97897a63daab22a5d78b9b924074dbe16269f0f68,3,2,0,0,0,0,0,0,1,0,0,ensureFishingVisual | fishingCastTarget | setFishingLine
castFishingVisual,22-careers-jobs-uniforms.js,"Carreiras, estados de missão, uniformes, professor, bombeiro e entrega",4172,4172,6be58a4dfe1fbab36cadbc5aa335719b61f796f783ab7f4a74f0c9815bf4afc3,3,1,0,0,0,0,0,0,1,0,1,beep | ensureFishingVisual | fishingCastTarget
hookFishingVisual,22-careers-jobs-uniforms.js,"Carreiras, estados de missão, uniformes, professor, bombeiro e entrega",4173,4173,dfaf496f2516e789f3e93dc1159d68fff7efd1e332d1f74c4e143c69ff1cfd41,0,1,0,0,0,0,0,0,1,0,1,
pullFishingVisual,22-careers-jobs-uniforms.js,"Carreiras, estados de missão, uniformes, professor, bombeiro e entrega",4174,4174,11e4f51f816a46e0e9c9b6a2c5c2c6876ab965fabffd4c783ecef8a4023588f8,0,1,0,0,0,0,0,0,1,0,3,
restoreFishingCamera,22-careers-jobs-uniforms.js,"Carreiras, estados de missão, uniformes, professor, bombeiro e entrega",4175,4178,2703e6d1da1811727f1c436a2a9692fb68425586a3f974ae64dbbae0189289f7,0,1,0,0,0,0,0,0,1,0,0,
stopFishingVisual,22-careers-jobs-uniforms.js,"Carreiras, estados de missão, uniformes, professor, bombeiro e entrega",4179,4185,03f32f29c2536bb86b9644c9f576a69938949e134119d4340bbac3f39359241e,3,4,1,0,0,0,0,0,2,0,0,restoreFishingCamera | setFishingUiActive
clearFishingTimers,22-careers-jobs-uniforms.js,"Carreiras, estados de missão, uniformes, professor, bombeiro e entrega",4186,4186,7d1d72683929e2f642510702a3c453868f33e0ca1da584d3f7d1db76292d91c7,0,1,0,0,0,0,0,0,1,0,0,
setFishingUiActive,22-careers-jobs-uniforms.js,"Carreiras, estados de missão, uniformes, professor, bombeiro e entrega",4187,4191,16316f10f15ca2d97f70d60581b3500991822cdc5cd8b027e52ed1d2e02b4ac6,2,1,0,0,0,0,0,0,0,0,2,scheduleStableResize | syncMobilePanels
cancelFishingSession,22-careers-jobs-uniforms.js,"Carreiras, estados de missão, uniformes, professor, bombeiro e entrega",4192,4192,e9c36489da12a5e0384fb83283f8210457b0a585233ac36346dc6e1946a06ac8,2,0,0,0,0,0,0,0,0,0,0,clearFishingTimers | stopFishingVisual
ensureFishingModalStyle,22-careers-jobs-uniforms.js,"Carreiras, estados de missão, uniformes, professor, bombeiro e entrega",4193,4203,94b54fad2aee6e773057a6ddf8ebcfb63acd3dfce837e19f7328b72906e6d8d2,0,1,0,0,0,0,0,0,1,0,0,
updateFishingVisual,22-careers-jobs-uniforms.js,"Carreiras, estados de missão, uniformes, professor, bombeiro e entrega",4204,4214,8a3f543b7108ccc86f132c119d57cd36762a9f974ac89528bd01551e92fe6d16,2,11,6,0,0,0,0,0,1,0,1,setFishingLine | stopFishingVisual
createShoreFisher,22-careers-jobs-uniforms.js,"Carreiras, estados de missão, uniformes, professor, bombeiro e entrega",4215,4220,90eb0b54d936af048dc247751a903589bd93b47ae4fa76e1982fd4db79d1612a,3,0,0,0,0,0,0,0,1,0,0,createNPC | premiumCylinder | renderMat
createShoreFishingLife,22-careers-jobs-uniforms.js,"Carreiras, estados de missão, uniformes, professor, bombeiro e entrega",4221,4225,19f6efb165644898a4db104d094345e34841ebf5ce4702752645f49aee80a94a,1,1,0,0,0,0,0,0,1,0,0,createShoreFisher
updateShoreFishers,22-careers-jobs-uniforms.js,"Carreiras, estados de missão, uniformes, professor, bombeiro e entrega",4226,4229,3b20f43fe959689a37894c5705b1d98fa32e98c1efb536267f7f1fb38eacfa01,0,3,0,0,0,1,0,0,0,0,4,
createBoatModel,22-careers-jobs-uniforms.js,"Carreiras, estados de missão, uniformes, professor, bombeiro e entrega",4230,4234,2dc2fbfc25e28981c391018dd5dc70fd3964502ccd52be105edb107dcec42b7c,12,0,0,0,0,0,0,0,0,0,2,premiumBox | registerInteractable | renderMat
ensureBoatPanel,22-careers-jobs-uniforms.js,"Carreiras, estados de missão, uniformes, professor, bombeiro e entrega",4235,4237,b92ba7205ba691d8e785a37db9732dc7f16593c80e9e6d020224f5e0d312ee70,2,1,0,0,0,0,0,0,2,0,0,exitBoat | startFishing
updateBoatPanel,22-careers-jobs-uniforms.js,"Carreiras, estados de missão, uniformes, professor, bombeiro e entrega",4238,4247,e2cb5eb95cdf6dfe36e64a0dafc51c0d7128eb0f63b3aea211828dc0776f992e,11,8,0,0,0,0,0,0,6,0,3,auditPlayerMode | boardNpcPassenger | canEnterMobility | ensureBoatPanel | exitVehicle | nearestRideCompanion | saveState | toast | updateVehicleControlsUI
enterBoatAsPassenger,23-vehicle-effects-driving.js,"Poeira, som, efeitos, controles, direção, passageiros e ponte",4248,4255,5d0b1da716866212f78833fb28bfaa3e14d4115e1169375c22b68f43bd6cfc2b,9,4,0,0,0,0,0,0,4,0,3,auditPlayerMode | canEnterMobility | exitVehicle | saveState | toast | updateBoatPanel | updateVehicleControlsUI
exitBoat,23-vehicle-effects-driving.js,"Poeira, som, efeitos, controles, direção, passageiros e ponte",4256,4263,667f4aa50a126d73671a280b39307328b87c15ec9124aaf2446f4f3f612f9414,11,7,1,0,0,0,0,0,3,0,6,auditPlayerMode | groundHeightAt | releaseNpcPassenger | rememberSafePlayerPosition | safeBoatExitPoint | saveState | toast | updateBoatPanel | updateVehicleControlsUI | validBoatExit
updateBoatPhysics,23-vehicle-effects-driving.js,"Poeira, som, efeitos, controles, direção, passageiros e ponte",4264,4270,ec5432dda90ffe45bb9c50ae4e0d806e7bfd06203afb6615f06692e2ffa6c7d9,4,6,1,0,0,0,0,0,2,0,6,exitBoat | mobilityThrottleIntent | toast | updateMobilityControlLabels
constrainBoat,23-vehicle-effects-driving.js,"Poeira, som, efeitos, controles, direção, passageiros e ponte",4271,4271,2c6325750820686271c90e71f80b0fcb54f7814e765587961a9c9bba00cf20b1,1,3,0,0,0,0,0,0,1,0,0,isInsideLakeNavigable
weightedFish,23-vehicle-effects-driving.js,"Poeira, som, efeitos, controles, direção, passageiros e ponte",4272,4272,8ed3e4032a8e4c7fe6517988b74747fac10f6549c666160f7a87c747442637b9,0,1,0,0,0,1,0,0,2,0,0,
startFishing,23-vehicle-effects-driving.js,"Poeira, som, efeitos, controles, direção, passageiros e ponte",4273,4281,1d3a979e0b533a839206f072355038dd95d3f4e0cd46bd2ce5d2e6f635e946ef,31,14,0,0,0,0,0,0,11,0,3,addCoins | addXP | beep | beginFishingVisual | cancelFishingSession | castFishingVisual | clearFishingTimers | ensureFishingModalStyle | hookFishingVisual | isNearFishingArea | openModal | pullFishingVisual | saveState | setFishingUiActive | stopFishingVisual | toast | vibrate | weightedFish
campfireAllowed,23-vehicle-effects-driving.js,"Poeira, som, efeitos, controles, direção, passageiros e ponte",4282,4282,91b34d4a25f08e494e861fb283b21b28fef562a43b8190e5ce723383014e886f,3,4,0,0,0,0,0,0,5,0,0,rectOverlap | waterAt | worldLayoutPoint
spawnCampfire,23-vehicle-effects-driving.js,"Poeira, som, efeitos, controles, direção, passageiros e ponte",4283,4285,8605433f5dcb3fc2f6e5b9b3c63af3be33882c8bbdc7c6de44e025871089fa55,4,1,0,0,0,1,0,0,1,0,2,mat | openCampfire | premiumCylinder | registerInteractable
nearestActiveCampfire,23-vehicle-effects-driving.js,"Poeira, som, efeitos, controles, direção, passageiros e ponte",4286,4287,37f3497ed830db18937dbdc2f8c6983804aec87fd96bd5ad6efd90b0cf7addcb,7,3,0,0,0,0,0,0,4,0,3,campfireAllowed | confirmModal | saveState | spawnCampfire | toast
finishCampfireCooking,23-vehicle-effects-driving.js,"Poeira, som, efeitos, controles, direção, passageiros e ponte",4288,4288,5a8277aec60fdf34ab57b1f4860e94bb0222215227024d26675c8e4b833fb354,3,1,0,0,0,0,0,0,1,0,3,beep | saveState | toast
openCampfire,23-vehicle-effects-driving.js,"Poeira, som, efeitos, controles, direção, passageiros e ponte",4289,4291,044ddae9caccb37b07d5935edbf182ea649d7ee79196dd802ee1a79fbb371c7d,10,4,0,0,0,0,0,0,4,0,7,closeModal | confirmModal | finishCampfireCooking | openModal | saveState | toast | updateHUD
openNearestCampfire,23-vehicle-effects-driving.js,"Poeira, som, efeitos, controles, direção, passageiros e ponte",4292,4292,500572fe2fde10ca494baf41cc59dbce18276b2eb12c0e8fd2a798191902578f,3,1,1,0,0,0,0,0,0,0,0,nearestActiveCampfire | openCampfire | toast
openCampfireZone,23-vehicle-effects-driving.js,"Poeira, som, efeitos, controles, direção, passageiros e ponte",4293,4293,c25e12c2334e21d1e4c09f898130414ecbf8f78b143b9edd6875648ba51fab1e,4,1,1,0,0,0,0,0,0,0,0,closeModal | nearestActiveCampfire | openCampfire | openModal
createCampfireZone,23-vehicle-effects-driving.js,"Poeira, som, efeitos, controles, direção, passageiros e ponte",4294,4294,c97b243e7c21df22918c72cfbe9a78554cbe388bbfefa3fcf997cdf1e7ff2642,4,0,0,0,0,1,0,0,0,0,0,createSignpost | premiumBox | registerInteractable | worldLayoutPoint
createForestAnimal,23-vehicle-effects-driving.js,"Poeira, som, efeitos, controles, direção, passageiros e ponte",4295,4295,0fe162ec99813d35f65a5f69040e14d53930de78ed3c309103d66ea70e543699,5,1,0,0,0,2,0,0,1,0,0,premiumBox
startHunting,23-vehicle-effects-driving.js,"Poeira, som, efeitos, controles, direção, passageiros e ponte",4296,4296,fba00d7088f0d1f0e190949248071d70f63b9c1ccd3d20b99623729d232b5576,9,5,1,0,0,0,0,0,3,0,2,addXP | closeModal | openModal | saveState | toast | worldLayoutPoint
createHuntingArea,23-vehicle-effects-driving.js,"Poeira, som, efeitos, controles, direção, passageiros e ponte",4297,4297,10d57f5959c5f0bf6c68f497c58ecc16b0f462b9f799915edefe5ecb882deead,7,0,0,0,0,1,0,0,0,0,0,createForestAnimal | createSignpost | premiumBox | registerInteractable | startHunting | worldLayoutPoint
nearestOwnedHouseForExtension,23-vehicle-effects-driving.js,"Poeira, som, efeitos, controles, direção, passageiros e ponte",4298,4298,fbae349dbe971fe1a33f8ca5920a0155f4c63696d8df123dfd20d059ec4b2dfc,0,0,0,0,0,0,0,0,1,0,1,
extensionPlacement,23-vehicle-effects-driving.js,"Poeira, som, efeitos, controles, direção, passageiros e ponte",4299,4299,afd95024a6b3cb0bd38b32c08d500b259d58709d871fe654e8a3a839af60a4ca,0,0,0,0,0,0,0,0,1,0,3,
extensionValid,23-vehicle-effects-driving.js,"Poeira, som, efeitos, controles, direção, passageiros e ponte",4300,4311,e6de0a8bc39744495f6653c2f0851f0dc32bc18e15a8734b7ee62a153793c2e9,6,7,0,0,0,1,0,0,7,0,0,rectOverlap | v704ProtectedRectangles
furnitureCatalogForRoom,23-vehicle-effects-driving.js,"Poeira, som, efeitos, controles, direção, passageiros e ponte",4312,4312,e1ee0fe6fe4c4062d1f3a736448c764b8122d992f731e59f1081c52b2442f7fd,0,0,0,0,0,0,0,0,1,0,0,
furnitureSpec,23-vehicle-effects-driving.js,"Poeira, som, efeitos, controles, direção, passageiros e ponte",4313,4313,e61769277a12e4bf6a6a19d8881f96e1d7911dcd8bd205d5a6f8e46d9aa08475,1,0,0,0,0,0,0,0,1,0,0,furnitureCatalogForRoom
furnitureForExtension,23-vehicle-effects-driving.js,"Poeira, som, efeitos, controles, direção, passageiros e ponte",4314,4314,c97abce40e6af68183c3ce884737acb96e7c7b02557e0817476eee20f2e37228,0,0,0,0,0,0,0,0,1,0,0,
furnitureFootprint,23-vehicle-effects-driving.js,"Poeira, som, efeitos, controles, direção, passageiros e ponte",4315,4315,ce04504354cac2ced8fbd5b91fb063ab3e2ea0222191377286b74efb8b84cc0c,1,0,0,0,0,0,0,0,1,0,2,furnitureSpec
furniturePlacementValid,23-vehicle-effects-driving.js,"Poeira, som, efeitos, controles, direção, passageiros e ponte",4316,4316,0f0639eb15aaa098cbf3d4a75fe30c834ec16d2c6ca875d4b88cf65488bad3c0,3,2,0,0,0,0,0,0,3,0,2,furnitureFootprint | furnitureForExtension | rectOverlap
disposeFurnitureGroup,23-vehicle-effects-driving.js,"Poeira, som, efeitos, controles, direção, passageiros e ponte",4317,4317,890278c7886bb97762c69a67eaf737fef9ce51fc1322dbd47fa5129f6f959724,1,1,0,0,0,0,0,0,1,0,1,disposeDetachedVisual
clearFurniturePreview,23-vehicle-effects-driving.js,"Poeira, som, efeitos, controles, direção, passageiros e ponte",4318,4318,cad2e05855b6aaa20f147442a4d663313fa046ee591e6a25d13624c189b6cbf5,1,1,0,0,0,0,0,0,0,0,0,disposeFurnitureGroup
clearExtensionPreview,23-vehicle-effects-driving.js,"Poeira, som, efeitos, controles, direção, passageiros e ponte",4319,4319,eff02d62493fc224e09bf4ebbbf13257ded53a8b52c1a0852bf01ba61db221ea,2,1,0,0,0,0,0,0,0,0,0,clearFurniturePreview | disposeDetachedVisual
renderExtensionPreview,23-vehicle-effects-driving.js,"Poeira, som, efeitos, controles, direção, passageiros e ponte",4320,4320,ad90280b70e3316d1270b3b1fe1b5e01231fffa7f06d0c46fce4e29c0cf1fca0,2,2,0,0,0,1,0,0,1,0,1,disposeDetachedVisual | extensionValid
createFurnitureModel,23-vehicle-effects-driving.js,"Poeira, som, efeitos, controles, direção, passageiros e ponte",4321,4344,c79350bd58846fa29ff2ccd82c16a9c67d568fb2891cd1373143cb06e820cbee,13,23,21,0,0,14,0,0,3,0,4,furnitureSpec | mat | premiumBox | shadeColor
renderExtensionFurniture,23-vehicle-effects-driving.js,"Poeira, som, efeitos, controles, direção, passageiros e ponte",4345,4345,5091b1e2200878edaf6384177c6f3782b0b8cc92efa65dbd51f478d3e6c44be6,3,3,0,0,0,1,0,0,1,0,0,createFurnitureModel | disposeFurnitureGroup | furnitureForExtension
renderFurniturePreview,23-vehicle-effects-driving.js,"Poeira, som, efeitos, controles, direção, passageiros e ponte",4346,4346,13f61449288e91950e4a6657ce3c5e030553bfe435ca0d7d8108c65412db1824,3,1,0,0,0,0,0,0,2,0,0,clearFurniturePreview | createFurnitureModel | furniturePlacementValid
nextFurnitureSlot,23-vehicle-effects-driving.js,"Poeira, som, efeitos, controles, direção, passageiros e ponte",4347,4347,2cc54abe7c11119f3a51f64e091eb1a484e1532a9a993b3cba6617f4f997fb39,1,1,0,0,0,1,0,0,2,0,0,furniturePlacementValid
openFurniturePlacement,23-vehicle-effects-driving.js,"Poeira, som, efeitos, controles, direção, passageiros e ponte",4348,4349,32bbe50aab442a40410680c0b969e0f2d54c03eb5bbd631f9e6f4b85d04685dd,27,9,1,0,0,0,0,0,6,0,9,addCoins | clearFurniturePreview | closeModal | confirmModal | furniturePlacementValid | furnitureSpec | nextFurnitureSlot | openFurnitureManager | openModal | renderExtensionFurniture | renderFurniturePreview | saveState | toast
openFurnitureManager,23-vehicle-effects-driving.js,"Poeira, som, efeitos, controles, direção, passageiros e ponte",4350,4350,c0ea7952e02baa17c8774ee1cf4c6666e256897bc18d30b2013e672d3cb309b4,9,1,0,0,0,0,0,0,2,0,7,closeModal | furnitureCatalogForRoom | furnitureForExtension | furnitureSpec | openFurniturePlacement | openModal | saveState | toast
spawnHouseExtension,23-vehicle-effects-driving.js,"Poeira, som, efeitos, controles, direção, passageiros e ponte",4351,4351,1537019847525857b2cedb766d3723cafe1834c892739973ad333075dd636910,11,1,0,0,0,0,0,0,1,0,2,openFurnitureManager | premiumBox | registerInteractable | registerPlatform | renderExtensionFurniture | shadeColor
resourcesEnough,23-vehicle-effects-driving.js,"Poeira, som, efeitos, controles, direção, passageiros e ponte",4352,4352,78c727e3c347537370e6f050f7d5e3a8a2d76199d6740dc3c179067ee129f52d,0,0,0,0,0,0,0,0,1,0,0,
costText,23-vehicle-effects-driving.js,"Poeira, som, efeitos, controles, direção, passageiros e ponte",4353,4353,9aa5e0dd68849a850bb96af5da55e6cb91d6912a99f273bc9955cda21521c7ad,0,0,0,0,0,0,0,0,1,0,2,
openHouseExtensionPlanner,23-vehicle-effects-driving.js,"Poeira, som, efeitos, controles, direção, passageiros e ponte",4354,4354,af18b4415a0f85ea8eaeb4d89cdc167832f63d5bb99a0720d0fa82712d1673e7,22,3,0,0,0,1,0,0,3,0,4,clearExtensionPreview | closeModal | costText | extensionPlacement | extensionValid | nearestOwnedHouseForExtension | openModal | playerDisplayName | renderExtensionPreview | resourcesEnough | saveState | spawnHouseExtension | toast
openHouseExtensionMenu,23-vehicle-effects-driving.js,"Poeira, som, efeitos, controles, direção, passageiros e ponte",4355,4355,22817009ec8e5f7267f0fb81dc84b8fb4ae58ae97bebec9a678d0643dd9827c3,4,0,0,0,0,0,0,0,0,0,0,closeModal | costText | openHouseExtensionPlanner | openModal
createLakeExpansion,23-vehicle-effects-driving.js,"Poeira, som, efeitos, controles, direção, passageiros e ponte",4356,4360,03f85c7dea30fb41a764f7fd74bfc1799e6eeaa6ec13b072c706ab5304575083,10,0,0,0,0,3,0,0,0,0,0,createBoatModel | createShoreFishingLife | createSignpost | premiumBox | premiumCylinder | registerInteractable | registerPlatform | startFishing
restoreLifeExpansion,23-vehicle-effects-driving.js,"Poeira, som, efeitos, controles, direção, passageiros e ponte",4361,4361,9c9b416fb7e119a14adbf3fe2f2fe3f1e2411f81c6c5a3576e78f652de13f07a,3,2,0,0,0,2,0,0,0,0,0,finishCampfireCooking | spawnCampfire | spawnHouseExtension
updateLifeActivities,23-vehicle-effects-driving.js,"Poeira, som, efeitos, controles, direção, passageiros e ponte",4362,4365,c7a2304a514911a3da82d6426bad09ca92ef6588b94f041a8d3efca2c42f0b41,3,8,0,0,0,2,0,0,1,0,2,finishCampfireCooking | saveState | updateShoreFishers
createLifeExpansionWorld,23-vehicle-effects-driving.js,"Poeira, som, efeitos, controles, direção, passageiros e ponte",4366,4366,3e94cc7837917ef7f560e5883b0547289c2df9b2868f8e5e3e9763f929526479,5,0,0,0,0,0,0,0,0,0,0,applyCloudWorldObjects | createCampfireZone | createHuntingArea | createLakeExpansion | restoreLifeExpansion
buildWorld,23-vehicle-effects-driving.js,"Poeira, som, efeitos, controles, direção, passageiros e ponte",4367,4440,c1d21d85c3cd8fd7895263358b3e0e67f9b15b310cf2b69f848938773d5f884c,109,5,0,0,0,7,0,1,0,0,2,addHouseInterior | box | createChest | createCooperativeMissionWorld | createCrystal | createDistrictVisuals | createEnemy | createFenceLine | createFireServiceWorld | createFlower | createGoldFoundry | createGoldMine | createHouse | createKartCircuitV704 | createLamp | createLava | createLearningPlaza | createLifeExpansionWorld | createNPC | createNpcMobility | createPlatform | createPoliceSystem | createRoad | createRock | createRoyalCastle | createSignpost | createSizeChallenges | createSkyDome | createSportsComplexV704 | createToyCar | createTransitWorld | createTree | createVillageWell | createWater | createWaypointMarker | decorateCityServices | migrateWorldBuildsToSafeZoneV704 | playerDisplayName | reconcileWorldBuilds | registerInteractable | registerPlatform | restoreActiveAdventure | stableBox | updateBridgeVisual | v704ReservedAt | v704RuntimeWorldAudit | v704StaticWorldAudit | worldLayoutPoint
collectResource,24-construction-system.js,"Custos, propriedade, preview, validação, colocação, remoção e reconciliação",4441,4450,46f1a483799bc6bb64d3b76434fb3adddb9808fe19b1781e2ce8fcffbe4054de,12,3,0,0,0,0,0,0,3,0,11,addXP | advanceAdventure | beep | checkActiveJob | evaluateMissions | playToolAnimation | saveState | toast | trackDaily | vibrate
openChest,24-construction-system.js,"Custos, propriedade, preview, validação, colocação, remoção e reconciliação",4451,4457,27f1e89b5b73567418971113e26b37d5b8aeba0d5c79f36015b9635039e12106,7,2,0,0,0,0,0,0,1,0,4,addCoins | addXP | evaluateMissions | saveState | setFlag | toast
cloudHouseRecord,24-construction-system.js,"Custos, propriedade, preview, validação, colocação, remoção e reconciliação",4458,4458,ad796473a80c0150af807a6dc1005fc46a2dc2bf02647d8b9b461326753e4711,0,0,0,0,0,0,0,0,1,0,0,
isMyCloudHouse,24-construction-system.js,"Custos, propriedade, preview, validação, colocação, remoção e reconciliação",4459,4459,8608e89b0572635b5e0d336870a93b88832384bffd94d524608a357ab90cc3ea,0,0,0,0,0,0,0,0,1,0,1,
reconcileCloudHouses,24-construction-system.js,"Custos, propriedade, preview, validação, colocação, remoção e reconciliação",4460,4489,bb3529a98d0ef8f8ed39642fc0fa79c096db7f9ba157a6b5a9f7b76a3557de88,29,15,1,0,0,1,0,0,11,0,14,addCoins | awardMedal | closeModal | cloudHouseRecord | confirmModal | enterHouse | isMyCloudHouse | openModal | publicPlayerName | saveState | setFlag | startRace | toast
enterHouse,24-construction-system.js,"Custos, propriedade, preview, validação, colocação, remoção e reconciliação",4490,4501,5c837e4165571283377bb0749176cc1306e1e14be44f2b204816e8202a233df4,11,5,1,0,0,6,0,0,2,0,3,auditPlayerMode | canEnterMobility | clearMovementInputs | rememberSafePlayerPosition | safePointNear | savePlayerPosition | setFlag | toast | updateCamera | updateContext
exitHouse,25-render-init-resize-position-collision.js,"Three.js, qualidade, viewport, resize, posição segura e colisões",4502,4511,58a1112255ef31cd242d1e4769c449c41a3b77f698683e00c71313d544b8b969,6,4,1,0,0,6,0,0,2,0,6,auditPlayerMode | clearMovementInputs | rememberSafePlayerPosition | safePointNear | savePlayerPosition | toast
useActivity,25-render-init-resize-position-collision.js,"Three.js, qualidade, viewport, resize, posição segura e colisões",4512,4516,d2116b7e1478cdf737a84425bb9c626ff721e7d835f08af37636814daae44a7c,4,1,0,0,0,0,0,0,0,0,0,addXP | saveState | setFlag | toast
openHomeChest,25-render-init-resize-position-collision.js,"Three.js, qualidade, viewport, resize, posição segura e colisões",4517,4549,638b0741678c9b0a08ce1e90c7670be89f0e285080c3c7f05354afa9d3e2f540,40,20,15,0,0,0,0,0,4,0,2,addXP | closeModal | openAvatarStudio | openEducationHub | openFireStationDesk | openModal | openSafetyLesson | openShop | openTeacherJobLesson | openWorkshop | playerDisplayName | saveState | setFlag | toast | trackDaily | updateHUD
openShop,25-render-init-resize-position-collision.js,"Three.js, qualidade, viewport, resize, posição segura e colisões",4550,4576,c06fe55d902b39b799636055f995f59dec540d76c11f09915afd2f5f13a8731b,9,3,1,0,0,0,0,0,3,0,5,addCoins | addXP | closeModal | openModal | refreshEquippedToolVisual | saveState | toast | updateHUD
openWorkshop,25-render-init-resize-position-collision.js,"Three.js, qualidade, viewport, resize, posição segura e colisões",4577,4585,a070a2ec30a74afd003d43553c419c5ad19cd8f4244e27c46234e54ff7d8bc9b,16,3,0,0,0,0,0,0,3,0,0,addCoins | addXP | closeModal | openModal | saveState | toast
friendshipTier,25-render-init-resize-position-collision.js,"Three.js, qualidade, viewport, resize, posição segura e colisões",4586,4586,d7e496dfef5b5b15ed489c4d09807c0ecc3279d266c2405d1e0623acf769746e,0,0,0,0,0,0,0,0,1,0,3,
changeFriendship,25-render-init-resize-position-collision.js,"Three.js, qualidade, viewport, resize, posição segura e colisões",4587,4591,217ae8aafd438b68cd588af1b63191b410eb771dc68416bcd87715099cde88aa,6,2,0,0,0,0,0,0,0,0,0,addReputation | addXP | evaluateMissions | saveState | setFlag | toast
talkToNPC,25-render-init-resize-position-collision.js,"Three.js, qualidade, viewport, resize, posição segura e colisões",4592,4639,5e77718b54fd6b4dee1b7599f5649ca4229bf5632a71c277819bb4604eb0e0f2,49,25,18,0,0,0,0,0,1,0,8,addCoins | addReputation | changeFriendship | closeModal | completeActiveJob | friendshipTier | openHouseChallenge | openJobCenter | openModal | saveState | setFlag | startRace | toast | trackDaily | triggerEmote | updateHUD
openHouseChallenge,26-input-player-physics.js,"Entrada, corrida, pulo, física do jogador/veículo e animação",4640,4646,c3becc7c2316240ceb9806b8b929ede772d46993e24be33f295b0d38eeaf46ff,4,1,0,0,0,0,0,0,1,0,1,closeModal | openModal | startRace | toast
openRaceCenter,26-input-player-physics.js,"Entrada, corrida, pulo, física do jogador/veículo e animação",4647,4652,f4d7e4fb8c6c4ee7b27e1de5a710e1aad9c3dce4756fc385c7d731017a7e2f47,3,0,0,0,0,0,0,0,0,0,1,closeModal | openModal | startRace
createRaceOpponent,26-input-player-physics.js,"Entrada, corrida, pulo, física do jogador/veículo e animação",4653,4655,94042431fc753f3bb835f2d60c8863342032bf004f00a8dbeea1fd407aa66c38,4,0,0,0,0,0,0,0,1,0,1,box
clearRaceObjects,26-input-player-physics.js,"Entrada, corrida, pulo, física do jogador/veículo e animação",4656,4660,3522ba0b6a43fc2a7519e2097b08a67baf3dd600399e44488f30087e3328e853,0,1,0,0,0,1,0,0,0,0,1,
spawnRaceCoins,26-input-player-physics.js,"Entrada, corrida, pulo, física do jogador/veículo e animação",4661,4666,81db13d2d0e6ddae096f815c85c99bb59b250bec34eaa0ec546a10810ff87ecc,1,0,0,0,0,1,0,0,0,0,1,cylinder
startRace,26-input-player-physics.js,"Entrada, corrida, pulo, física do jogador/veículo e animação",4667,4677,ad4dcfc362f1641c57483529e32652454480ebdf2ec141369f2d22e9053e41df,8,4,0,0,0,0,0,0,2,0,5,createRaceOpponent | exitHouse | saveState | spawnRaceCoins | toast | updateWaypointMarker
finishRace,26-input-player-physics.js,"Entrada, corrida, pulo, física do jogador/veículo e animação",4678,4687,ba27e8d69613624fe83efc0c1dc622aab35413fd288245cdc6a3b814a0aab4ab,14,4,1,0,0,0,0,0,1,0,3,addCoins | addReputation | addXP | awardMedal | clearRaceObjects | evaluateMissions | saveState | setFlag | toast | trackDaily | updateWaypointMarker
updateRace,26-input-player-physics.js,"Entrada, corrida, pulo, física do jogador/veículo e animação",4688,4700,d8c33df869f9ea8bb51c5d7e43d0510d53d5be7e9fe04e15f4a5a331598bdf29,4,9,2,0,0,1,0,0,2,0,0,beep | finishRace
setMissionState,26-input-player-physics.js,"Entrada, corrida, pulo, física do jogador/veículo e animação",4701,4702,0d82783c2a000e5599a10d77bc5086bea61ab41809307c645b26833213b297fe,0,2,0,0,0,0,0,0,3,0,0,
missionVehicleName,26-input-player-physics.js,"Entrada, corrida, pulo, física do jogador/veículo e animação",4703,4704,6f46f0ccc90c16efd5da30a932756172cdf3c55c2bf90eaabb9b252711f000f8,5,3,2,0,0,0,0,0,1,0,4,finishRace | serviceKindForJob | serviceMissionVehicle
missionInstructionSteps,26-input-player-physics.js,"Entrada, corrida, pulo, física do jogador/veículo e animação",4705,4706,c5d3c716073e1c9ba23ef62cc93b70124e03eab6c01b3632d645ab8e441ef1b7,3,7,0,0,0,0,0,0,8,0,9,effectiveAvatarUniform | missionVehicleName | serviceKindForJob
missionBriefingMarkup,26-input-player-physics.js,"Entrada, corrida, pulo, física do jogador/veículo e animação",4707,4708,4e15588c4714c582192dfd517dc5556c526ab93edc39902ca324e94453ddf16d,3,0,0,0,0,0,0,0,1,0,4,activeJobProgress | missionInstructionSteps | missionVehicleName
equipJobUniform,26-input-player-physics.js,"Entrada, corrida, pulo, física do jogador/veículo e animação",4709,4718,d34df2878b79c1bc77302004370988241cfaaab95bed69f79268aa81a056a599,2,1,0,0,0,0,0,0,1,0,1,applyAvatarCustomization | saveState
focusActiveJob,26-input-player-physics.js,"Entrada, corrida, pulo, física do jogador/veículo e animação",4719,4746,9a98849ae07321aba16504729d0ad729e44385a720e9ac07fb778c9c83c030ca,33,19,8,0,0,0,0,0,8,0,5,applyAvatarCustomization | buildRoutePoints | closeModal | confirmModal | ensureActiveFire | ensureActiveTrafficIncident | exitHouse | releaseMissionServiceVehicle | reserveMissionServiceVehicle | saveState | serviceKindForJob | setMissionState | setWaypoint | toast | updateMissionHUD | updateNavigation | updateWaypointMarker
activeJobProgress,26-input-player-physics.js,"Entrada, corrida, pulo, física do jogador/veículo e animação",4747,4757,3033fb9803980c71a389bcbb3a2c44569efe16fd7a337c7bdba08749f78ad6c1,1,12,0,0,0,0,0,0,13,0,33,serviceKindForJob
openJobCenter,26-input-player-physics.js,"Entrada, corrida, pulo, física do jogador/veículo e animação",4758,4766,6faaef8852bbd996d45f3644081d669339468820fbc2f2a5134229e1a656a7fe,6,0,0,0,0,0,0,0,0,0,7,activeJobProgress | equipJobUniform | missionBriefingMarkup | openModal | startJob | toast
startJob,27-npc-enemies-combat-camera-action.js,"Sociedade NPC, inimigos, combate, câmera, contexto, ação e necessidades",4767,4775,8aa48f53c10bd04c294c3316c8ee55e1b02e61fbca5a3eb348bc70709eb6dddb,14,8,3,0,0,0,0,0,2,0,1,ensureActiveFire | ensureActiveTrafficIncident | equipJobUniform | exitHouse | focusActiveJob | reserveMissionServiceVehicle | saveState | serviceKindForJob | setMissionState | toast | updateMissionHUD
completeActiveJob,27-npc-enemies-combat-camera-action.js,"Sociedade NPC, inimigos, combate, câmera, contexto, ação e necessidades",4776,4789,8200e97fa2485894fd22fac6bc4da33b60a63cb419fc84732449a69fc81ec7f4,11,9,0,0,0,0,0,0,3,0,2,applyAvatarCustomization | evaluateMissions | releaseMissionServiceVehicle | saveState | setFlag | setMissionState | toast | updateHUD | updateMissionHUD | updateWaypointMarker
checkActiveJob,27-npc-enemies-combat-camera-action.js,"Sociedade NPC, inimigos, combate, câmera, contexto, ação e necessidades",4790,4797,92ad433cf15a2825fbb1acf1078f4fdc64354ac97596681879de774b0ab4012d,3,4,2,0,0,0,0,0,1,0,0,completeActiveJob
restoreActiveJobRuntime,27-npc-enemies-combat-camera-action.js,"Sociedade NPC, inimigos, combate, câmera, contexto, ação e necessidades",4798,4800,7525443e6b61bd8d341bf9366d443f0f2671d287bef829d6cc9f5b31eeec1534,6,6,0,0,0,0,0,0,1,0,1,applyAvatarCustomization | ensureActiveFire | ensureActiveTrafficIncident | reserveMissionServiceVehicle | serviceKindForJob | updateMissionHUD
updateCareerMissions,27-npc-enemies-combat-camera-action.js,"Sociedade NPC, inimigos, combate, câmera, contexto, ação e necessidades",4801,4812,cb2f907116b36fff116b45bce6a227b456304372d9fdea68856de3667a4b3cc8,24,18,9,0,0,0,0,0,2,0,25,activeJobProgress | beep | checkActiveJob | completeActiveJob | ensureActiveTrafficIncident | isDrivingServiceVehicle | reserveMissionServiceVehicle | saveState | serviceKindForJob | setMissionState | setWaypoint | toast | updateMissionHUD | updateWaypointMarker
openTeacherJobLesson,27-npc-enemies-combat-camera-action.js,"Sociedade NPC, inimigos, combate, câmera, contexto, ação e necessidades",4813,4816,c4e43259d38f874a40c74d3470b22b961ecb1016eaae26596eb7ebf0fb34c8bc,6,1,0,0,0,0,0,0,1,0,3,addXP | closeModal | completeActiveJob | openModal | toast
openFireStationDesk,27-npc-enemies-combat-camera-action.js,"Sociedade NPC, inimigos, combate, câmera, contexto, ação e necessidades",4817,4828,ec85308c24f3b6b7fa51d720cdc5ea0ffbbdbf1d71612d60917bdc60d0a92a31,15,6,0,0,0,0,0,0,2,0,6,buildRoutePoints | closeModal | ensureActiveFire | equipJobUniform | exitHouse | focusActiveJob | openModal | startJob | toast | updateWaypointMarker
startDeliveryJob,27-npc-enemies-combat-camera-action.js,"Sociedade NPC, inimigos, combate, câmera, contexto, ação e necessidades",4829,4833,44b57178688386fdfaf311ca3e579dde719c1e4789717b776e44c29dfdd0cdd6,3,1,0,0,0,0,0,0,1,0,0,saveState | toast
clearServiceVehicleVisual,27-npc-enemies-combat-camera-action.js,"Sociedade NPC, inimigos, combate, câmera, contexto, ação e necessidades",4834,4837,bf865ced234c1f08715b34ec35f854c5b9f915a78e6680d4c77f5be61d48c986,1,2,0,0,0,0,0,0,0,0,2,disposeDetachedVisual
serviceVehicleIcon,27-npc-enemies-combat-camera-action.js,"Sociedade NPC, inimigos, combate, câmera, contexto, ação e necessidades",4838,4838,1090dce7e9aab24b0fd628ef3bc03bd6f27e3583a3585b19415c172e1b15ff09,0,0,0,0,0,0,0,0,1,0,0,
applyServiceVehicleVisual,27-npc-enemies-combat-camera-action.js,"Sociedade NPC, inimigos, combate, câmera, contexto, ação e necessidades",4839,4851,a812754d2fbbdd8662bd9ab6d96298ef105755b9602432c08a4dafef057f803e,20,5,2,0,0,1,0,0,3,0,0,addVoxelOutline | box | clearServiceVehicleVisual | mat | signTexture
spawnDust,27-npc-enemies-combat-camera-action.js,"Sociedade NPC, inimigos, combate, câmera, contexto, ação e necessidades",4852,4857,f8da402962ec252bb8bc68a87e76b2d3711b90728b7c205df05057577395398d,0,1,0,0,0,0,0,0,0,0,0,
updateFX,27-npc-enemies-combat-camera-action.js,"Sociedade NPC, inimigos, combate, câmera, contexto, ação e necessidades",4858,4867,8e4e2ade863b8685105a4372cecb9cedc3470f5c62c16a7a0c5d0357880dc407,0,1,0,0,0,1,0,0,0,0,0,
startEngineSound,27-npc-enemies-combat-camera-action.js,"Sociedade NPC, inimigos, combate, câmera, contexto, ação e necessidades",4868,4878,c543651a02254b2eb90b0865d91963517b593fdc10fd8fbeac1b60d05231d849,0,2,0,0,0,0,0,1,2,0,0,
stopEngineSound,27-npc-enemies-combat-camera-action.js,"Sociedade NPC, inimigos, combate, câmera, contexto, ação e necessidades",4879,4883,27ec89392c4487188c2dbf1b3a559be2029a47d8bce8a4876f4c341401833f20,0,1,0,0,0,0,0,1,1,0,0,
updateVehicleFX,27-npc-enemies-combat-camera-action.js,"Sociedade NPC, inimigos, combate, câmera, contexto, ação e necessidades",4884,4908,3af7cd8a05fb288cfe6c3dd30ab8aa0bfa0192947277076e5c6c9a99359f187e,9,12,2,0,0,1,0,1,2,0,3,beep | serviceVehicleIcon | spawnDust | sprintRequested | startEngineSound | stopEngineSound
mobilityDriverActive,27-npc-enemies-combat-camera-action.js,"Sociedade NPC, inimigos, combate, câmera, contexto, ação e necessidades",4909,4909,89f8795fcc24f79cf587f5984d9552b793a93e861b14580457adfd4e32340913,0,0,0,0,0,0,0,0,1,0,0,
updateMobilityControlLabels,27-npc-enemies-combat-camera-action.js,"Sociedade NPC, inimigos, combate, câmera, contexto, ação e necessidades",4910,4917,be28be24a6b419e9815cd80a98ad86f3060e410d98255ea1396a49b389681cba,2,13,1,0,0,0,0,0,0,0,13,mobilityDriverActive | sprintRequested
updateVehicleControlsUI,27-npc-enemies-combat-camera-action.js,"Sociedade NPC, inimigos, combate, câmera, contexto, ação e necessidades",4918,4925,f823ccd13f035e85f303642a138398cee738ec5d1fe8cec792e5cabe3dee0e38,3,3,0,0,0,0,0,0,0,0,7,mobilityDriverActive | playerDisplayName | updateMobilityControlLabels
vehicleHorn,27-npc-enemies-combat-camera-action.js,"Sociedade NPC, inimigos, combate, câmera, contexto, ação e necessidades",4926,4928,2bb5c3a2ae5592140b26af4087fddef172b8beb2f5d6c0218a816238c0e763b7,5,4,0,0,0,0,0,0,2,0,8,beep | mobilityDriverActive | vibrate
enterVehicle,,,4929,4936,67b5f9b27ea334db5ec42797d47047ddfa0b12acba82045d5fb79ebc6fb318bc,19,6,0,0,0,0,0,0,2,0,1,applyVehicleAppearance | boardNpcPassenger | buildRoutePoints | canEnterMobility | clearMovementInputs | groundHeightAt | nearestRideCompanion | onServiceVehicleBoarded | saveState | serviceVehicleIcon | setFlag | setMissionState | startEngineSound | syncPlayerRootScale | toast | updateAbilityUI | updateRunUI | updateVehicleControlsUI | updateWaypointMarker
enterVehicleAsPassenger,28-multiplayer-social-online.js,"Desafios online, social, chat, presença, fantasmas e sincronização",4937,4945,af205fa53cf3f9eed6d6c6e8431f9abbeda43481a4b3581f886c184484b90c7f,11,6,0,0,0,0,0,0,4,0,3,auditPlayerMode | canEnterMobility | clearMovementInputs | exitBoat | saveState | toast | updateAbilityUI | updateRunUI | updateVehicleControlsUI
exitVehicle,28-multiplayer-social-online.js,"Desafios online, social, chat, presença, fantasmas e sincronização",4946,4954,1d31e782c4146b24f3126435985cccbe1741487971a7b76153731a12aac10421,17,8,1,0,0,0,0,0,2,0,5,auditPlayerMode | clearMovementInputs | clearServiceVehicleVisual | currentVehicleRef | groundHeightAt | onServiceVehicleExited | persistParkedVehicle | releaseNpcPassenger | rememberSafePlayerPosition | safeVehicleExitPoint | saveState | stopEngineSound | syncPlayerRootScale | toast | updateAbilityUI | updateRunUI | updateVehicleControlsUI
repairBridge,28-multiplayer-social-online.js,"Desafios online, social, chat, presença, fantasmas e sincronização",4955,4969,2e1fb004bbc473e6750d1fc544ccd54e1bfc4d9359cec8f268552db67546fc67,7,2,0,0,0,0,0,0,2,0,0,addReputation | addXP | saveState | setFlag | toast
buildCostText,28-multiplayer-social-online.js,"Desafios online, social, chat, presença, fantasmas e sincronização",4970,4970,750b4ff860ead510b2a28c00da7f015e930d1289324a898b9b6a80be335dd71f,0,0,0,0,0,0,0,0,1,0,1,
currentBuildOwnerIds,28-multiplayer-social-online.js,"Desafios online, social, chat, presença, fantasmas e sincronização",4971,4971,7f734cdc0ae9810b5ec99ddcc34431b0b38d4384a188c74e16e0ff4074f8dee0,0,0,0,0,0,0,0,0,1,0,3,
buildOwnedByPlayer,28-multiplayer-social-online.js,"Desafios online, social, chat, presença, fantasmas e sincronização",4972,4972,a18b3c741e233e1d555df44e8580b9d9b4620a629df32567418d2d1e7f5dc13e,1,0,0,0,0,0,0,0,1,0,1,currentBuildOwnerIds
buildFootprint,28-multiplayer-social-online.js,"Desafios online, social, chat, presença, fantasmas e sincronização",4973,4976,4aebbd0a624b6c6ae3d9f9d20bda729d9d4b808579344161d9d2c42e9f3ba5c5,0,0,0,0,0,0,0,0,1,0,1,
buildNeedsWorldMigrationV704,28-multiplayer-social-online.js,"Desafios online, social, chat, presença, fantasmas e sincronização",4977,4983,610c7354824dce6fcb6389369c7171d1759fbf3accfbd15efa38df41628bcd19,5,5,0,0,0,0,0,0,5,0,4,buildFootprint | v704ProtectedRectangles | v704RectOverlap | v704RoadAt | waterAt
migrateWorldBuildsToSafeZoneV704,28-multiplayer-social-online.js,"Desafios online, social, chat, presença, fantasmas e sincronização",4984,4991,9e2786d28e283f4d2d14e96c37f52c26eef79b256174964488c3f90a2274af69,8,6,0,0,0,1,0,0,5,0,0,buildFootprint | buildNeedsWorldMigrationV704 | normalizeBuildRecord | saveState | v704BuildAllowedAt | v704NearestConstructionSlot | v704RectOverlap
buildPlacementCandidate,28-multiplayer-social-online.js,"Desafios online, social, chat, presença, fantasmas e sincronização",4992,4997,ee6feb36c8f07b6c77c12488a6edd8ac9e626c2aead6caeb1caa338b222c442d,2,1,0,0,0,0,0,0,2,0,1,canBuildAt | groundHeightAt
canBuildAt,28-multiplayer-social-online.js,"Desafios online, social, chat, presença, fantasmas e sincronização",4998,5010,f49faa40bfd61ad460743a21322cf71a71054ed25f71429591f58cae54514805,11,11,0,0,0,1,0,0,11,0,1,buildFootprint | groundHeightAt | rectOverlap | v704BuildAllowedAt | v704ProtectedRectangles | v704RoadAt | waterAt
createBuildPreviewMesh,28-multiplayer-social-online.js,"Desafios online, social, chat, presença, fantasmas e sincronização",5011,5022,76d6e82475de3cf0a6ad12497e8f4663b19bf2db49d597bde7b049117951e607,1,7,6,0,0,3,0,0,3,0,0,sharedBoxGeometry
disposeBuildPreview,28-multiplayer-social-online.js,"Desafios online, social, chat, presença, fantasmas e sincronização",5023,5025,12ec6fef62b4c8a1fbec2a0795d74aae2a99c93e345a5ee00b64b8255d7de158,0,1,0,0,0,0,0,0,1,0,4,
ensureBuildPanel,28-multiplayer-social-online.js,"Desafios online, social, chat, presença, fantasmas e sincronização",5026,5030,1cf6c010303beb7f63553fe35c46df9b7745c32e7f11b8ac5064282cce215098,1,1,0,0,0,0,0,0,2,0,0,endBuildMode
updateBuildPanel,28-multiplayer-social-online.js,"Desafios online, social, chat, presença, fantasmas e sincronização",5031,5035,734d16e8821a6b272354843954a7d857ae46a950ed332e45cdb29ce3fc7c3af7,3,1,0,0,0,0,0,0,1,0,4,buildCostText | ensureBuildPanel | resourcesEnough
updateBuildPreview,28-multiplayer-social-online.js,"Desafios online, social, chat, presença, fantasmas e sincronização",5036,5041,c30d5ea4bfa06e45c73eaf014d19bddf5c9f0094692ac2ef55df1cc54de734c3,4,5,0,0,0,0,0,0,2,0,3,buildPlacementCandidate | createBuildPreviewMesh | disposeBuildPreview | updateBuildPanel
beginBuildMode,28-multiplayer-social-online.js,"Desafios online, social, chat, presença, fantasmas e sincronização",5042,5045,cdcd8ec9c99363818b102575b381c5c18f9849091450306d928cbabd86a69896,7,2,0,0,0,0,0,0,3,0,0,disposeBuildPreview | ensureBuildPanel | toast | updateBuildPreview | updateContext | updateVehicleControlsUI
endBuildMode,28-multiplayer-social-online.js,"Desafios online, social, chat, presença, fantasmas e sincronização",5046,5048,d3b98db8decddcee47cdf7b26acd640ccaa19a8554f32dff626d8a456b96d47a,4,3,0,0,0,0,0,0,2,0,0,disposeBuildPreview | toast | updateContext | updateVehicleControlsUI
rotateBuildPreview,28-multiplayer-social-online.js,"Desafios online, social, chat, presença, fantasmas e sincronização",5049,5049,5dc57b822829aa64c4ffbdd9c37f9b68a182fa53b206a93fde3bb05b37bb1c47,2,1,0,0,0,0,0,0,2,0,0,updateBuildPreview | vibrate
openBuildMenu,28-multiplayer-social-online.js,"Desafios online, social, chat, presença, fantasmas e sincronização",5050,5056,adb6a80c07fdf042a80e0b0f61032f0603e1b26997b141c34e052085324958fe,7,3,0,0,0,0,0,0,3,0,0,beginBuildMode | buildCostText | closeModal | openHouseExtensionMenu | openModal | toast
placeBuild,28-multiplayer-social-online.js,"Desafios online, social, chat, presença, fantasmas e sincronização",5057,5067,d7b33176f9e3ac244ab7b22f00a4f1bcfe6d2214ed1f31c07f38fd5373f68109,20,5,0,0,0,2,0,1,6,1,6,addXP | buildCostText | checkActiveJob | evaluateMissions | mergeBuildCollections | normalizeBuildRecord | normalizeBuildTombstones | resourcesEnough | saveState | spawnBuild | syncCloudProgress | toast | updateBuildPanel | updateBuildPreview
spawnBuild,28-multiplayer-social-online.js,"Desafios online, social, chat, presença, fantasmas e sincronização",5068,5080,caa68cbc03e369a2efd7b979e5dad29551936b39b679687de7f858eb3737d31e,25,9,7,0,0,2,0,0,4,0,1,addGlow | box | buildRecordSignature | groundHeightAt | normalizeBuildRecord | premiumBox | registerCollider | registerPlatform
buildRecordSignature,28-multiplayer-social-online.js,"Desafios online, social, chat, presença, fantasmas e sincronização",5081,5081,4ff2089643df083f991d162e9f4e6e1f4bb67feeb36a00c11a979b1c973b13a2,0,0,0,0,0,0,0,0,1,0,0,
removeWorldBuildRecord,28-multiplayer-social-online.js,"Desafios online, social, chat, presença, fantasmas e sincronização",5082,5082,ecffc38a90d70376816c69c3695518f95390d0d1cc9dfc4b245f936475ffb53e,0,0,0,0,0,0,0,0,0,0,0,
initThree,28-multiplayer-social-online.js,"Desafios online, social, chat, presença, fantasmas e sincronização",5083,5089,a6f26a97bb0dfbc777befe8d44a796ec4caf05b6fc96ac96c70814df337fea08,7,2,0,0,0,1,0,0,2,0,2,openModal | qualityTier | targetDpr | toast | viewportMetrics
buildConflictsWithMasterWorldV704,28-multiplayer-social-online.js,"Desafios online, social, chat, presença, fantasmas e sincronização",5090,5100,faae272cd3c3b8bcb078e037928092f206b6d09b258b349f2104db35d1a5d4be,23,5,0,0,0,2,0,0,6,0,2,applyAdaptiveRenderSettings | applyAvatarCustomization | applyQuality | buildFootprint | buildWorld | createPlayerModel | freezeWorldFrustumCulling | initLocalMultiplayer | initMaterials | lockStableSceneVisibility | qualityTier | reconcileCloudHouses | remotePlayerEvent | resize | restoreActiveJobRuntime | restorePosition | v704ProtectedRectangles | v704RectOverlap | v704RoadFootprint
applyQuality,28-multiplayer-social-online.js,"Desafios online, social, chat, presença, fantasmas e sincronização",5101,5101,3f9e69bfe73e9375262c54dd3c6e254461979ec936efe166e23a9b9e770d1cf1,1,1,0,0,0,0,0,0,1,0,0,applyAdaptiveRenderSettings
migrateLegacyWorldBuildsV704,28-multiplayer-social-online.js,"Desafios online, social, chat, presença, fantasmas e sincronização",5102,5102,f1d930a701b8c38be56258386fc6712c57d4676b6a7abc8c8a5d5ef339e04f5e,0,0,0,0,0,0,0,0,0,0,0,
viewportMetrics,28-multiplayer-social-online.js,"Desafios online, social, chat, presença, fantasmas e sincronização",5103,5111,769eed1544d4997a9cf1c787d2403afc4941857601c569ebc99afa6689f29f01,6,3,0,0,0,1,1,0,2,0,2,buildConflictsWithMasterWorldV704 | buildFootprint | groundHeightAt | rectOverlap | saveState | v704NearestConstructionSlot
reconcileWorldBuilds,28-multiplayer-social-online.js,"Desafios online, social, chat, presença, fantasmas e sincronização",5112,5128,8b22c7709c5e5ff649a6935af222a6a49ed8837804e60ae6fc75f54073807249,15,5,0,0,0,2,0,0,6,0,11,applyBuildTombstones | buildOwnedByPlayer | buildRecordSignature | confirmModal | mergeBuildTombstones | migrateLegacyWorldBuildsV704 | normalizeBuildTombstones | removeWorldBuildRecord | saveState | spawnBuild | syncCloudProgress | toast
resize,29-game-loop-controls-gamepad.js,"Loop principal, controles, gamepad e início do jogo",5129,5145,c36ef8c2e3ba1a1ffba7cd8aee9382130867dc43ec2f50c3a1e772640e438eea,4,2,0,0,0,0,0,0,0,0,15,clearMovementInputs | syncMobilePanels | targetDpr | viewportMetrics
scheduleStableResize,29-game-loop-controls-gamepad.js,"Loop principal, controles, gamepad e início do jogo",5146,5146,af97b3c2c1dc35f8f6e2fb1fd9cfe5c4258647764777aca4b97fa2899ae12158,1,0,0,0,0,0,0,0,0,0,0,resize
ensureViewportCoherence,29-game-loop-controls-gamepad.js,"Loop principal, controles, gamepad e início do jogo",5147,5150,7a32322ea71253de89b1e9ef13b4fbec4fcd791ab6e7d8d6ce16aa31b9bc408d,2,1,0,0,0,0,0,0,2,0,2,resize | viewportMetrics
refreshOrientationLayout,29-game-loop-controls-gamepad.js,"Loop principal, controles, gamepad e início do jogo",5151,5155,ae325d8b0d8d3731a3fce4fa40e8afd9020e17b1febe52e6741d253825057d04,8,3,0,0,0,0,0,0,0,0,2,resize | scheduleStableResize
restorePosition,29-game-loop-controls-gamepad.js,"Loop principal, controles, gamepad e início do jogo",5156,5161,2ecfacd6309431babf1c8a15ec339a4c321909b13f28b1a363954c655f884308,3,1,0,0,0,0,0,0,0,0,3,isInsideLakeNavigable | rememberSafePlayerPosition | safePointNear
returnHome,29-game-loop-controls-gamepad.js,"Loop principal, controles, gamepad e início do jogo",5162,5168,6a0600b3637f87420593b117310130d527ff273f11b080446dc00834285d83c2,10,10,1,0,0,0,0,0,1,0,0,auditPlayerMode | busAtStop | exitBoat | exitBusAtStop | exitHouse | exitVehicle | rememberSafePlayerPosition | safePointNear | savePlayerPosition | toast
savePlayerPosition,29-game-loop-controls-gamepad.js,"Loop principal, controles, gamepad e início do jogo",5169,5181,31264a5fd7dc18f5807c49a70c5dbbadfb8a27ccdd1d5e95229e4bc157ee7d1a,9,7,3,0,0,0,0,0,0,0,16,commitState | groundHeightAt | isInsideLakeNavigable | positionBlockedForPlayer | saveState
groundHeightAt,29-game-loop-controls-gamepad.js,"Loop principal, controles, gamepad e início do jogo",5182,5184,958d8ffdf38dc4e1297613e261abc1c754ae9a1c3d8a65902f7556e769ac1c21,1,2,0,0,0,1,0,0,1,0,1,professionalTerrainHeightAt
positionBlockedForPlayer,29-game-loop-controls-gamepad.js,"Loop principal, controles, gamepad e início do jogo",5185,5201,08871d7364b9015ec90c28b1461d4a0caf1fef89b6a63df582df6d10ef2e1b12,3,11,0,0,0,3,0,0,6,0,1,groundHeightAt | trafficActorList | waterAt
safePointNear,29-game-loop-controls-gamepad.js,"Loop principal, controles, gamepad e início do jogo",5202,5206,089da51a4f9a9bed138c9f1be683101b4a74274ed68d33c39086d5f232e12927,3,1,0,0,0,2,0,0,2,0,0,groundHeightAt | positionBlockedForPlayer
rememberSafePlayerPosition,29-game-loop-controls-gamepad.js,"Loop principal, controles, gamepad e início do jogo",5207,5212,55e02236d9a5c1a5d1c4fe039eb4eef05b7946f995a5c2b69fdffe42278e1483,2,2,0,0,0,0,0,0,3,0,0,groundHeightAt | positionBlockedForPlayer
resetPlayerModesForRecovery,29-game-loop-controls-gamepad.js,"Loop principal, controles, gamepad e início do jogo",5213,5219,0498eb11c8c81f2af61c2cb3529b609dffa8d84058593e74bd6aef384200b228,0,8,0,0,0,0,0,0,0,0,4,
recoverPlayerToLastSafe,29-game-loop-controls-gamepad.js,"Loop principal, controles, gamepad e início do jogo",5220,5224,7538c7cdfc09da53ddcdde32f312d2eeb0d7f1195d5f617df3cd72f0b189168c,5,1,0,0,0,0,0,0,1,0,11,rememberSafePlayerPosition | resetPlayerModesForRecovery | safePointNear | savePlayerPosition | toast
recoverPlayerIfInvalid,29-game-loop-controls-gamepad.js,"Loop principal, controles, gamepad e início do jogo",5225,5232,a2f3275be46f45f0017c2d8478d89ede209142706c20d91fde3acdd2ed843e68,4,2,0,0,0,0,0,0,3,0,5,groundHeightAt | positionBlockedForPlayer | recoverPlayerToLastSafe | rememberSafePlayerPosition
safeVehicleExitPoint,29-game-loop-controls-gamepad.js,"Loop principal, controles, gamepad e início do jogo",5233,5236,7e74d4301cc9f7323b185aa945674cee3d385a3975afb1a4e1520f3334b14b9f,1,0,0,0,0,0,0,0,1,0,0,safePointNear
vehicleHitsCollider,29-game-loop-controls-gamepad.js,"Loop principal, controles, gamepad e início do jogo",5237,5245,ce6d767180d7d16097c4d3a6fe2703a1de5776a6fcb701eef780dfaa7afdc520,2,5,0,0,0,2,0,0,4,0,1,currentVehicleRef | trafficActorList
registerVehicleImpact,30-pause-tests-public-api-bootstrap.js,"Pausa, testes de veículo, API pública de auditoria e bootstrap final",5246,5249,b832458476c92dcd02dab21ba84e304f7153695ee899529a94b6177af64150a0,3,1,0,0,0,0,0,0,0,0,0,beep | toast | vibrate
resolveCollisions,30-pause-tests-public-api-bootstrap.js,"Pausa, testes de veículo, API pública de auditoria e bootstrap final",5250,5251,5c888469b17f9574a3a4f3316b9a9788558aec7ea2515859e0fd1210ef67420a,0,1,0,0,0,0,0,0,0,0,0,
resolveMovementInput,30-pause-tests-public-api-bootstrap.js,"Pausa, testes de veículo, API pública de auditoria e bootstrap final",5252,5280,94e268556d539bd1c7b2e6a69916b3bd6d073fbca6f451b05e251774d3f732ad,5,12,7,0,0,1,0,0,2,0,6,derivePlayerMode | normalizeControlIntent | playerScaleValue | registerVehicleImpact | vehicleHitsCollider
sprintRequested,30-pause-tests-public-api-bootstrap.js,"Pausa, testes de veículo, API pública de auditoria e bootstrap final",5281,5281,58db47e7eaff126edee7a544ae272e7ad16009fc07f2280d62b814c09743f154,0,0,0,0,0,0,0,0,1,0,0,
updateRunUI,30-pause-tests-public-api-bootstrap.js,"Pausa, testes de veículo, API pública de auditoria e bootstrap final",5282,5284,55e726a4841ed503d93453317a4f1273d4a862163765449b3812febcd03648a2,3,4,0,0,0,0,0,0,2,0,0,mobilityDriverActive | sprintRequested | updateMobilityControlLabels
clearMovementInputs,30-pause-tests-public-api-bootstrap.js,"Pausa, testes de veículo, API pública de auditoria e bootstrap final",5285,5292,69f83b27e8af38f3f651f93842c0f1eaf6b19260b759be3c247ca9af1db136ce,1,1,0,0,0,0,0,0,0,0,0,updateRunUI
canJump,30-pause-tests-public-api-bootstrap.js,"Pausa, testes de veículo, API pública de auditoria e bootstrap final",5293,5293,6dd3fc3602dcbeab26b85c58b0a4cff9e776df1f4971594a81ee97e4ccf441f5,0,0,0,0,0,0,0,0,1,0,0,
requestJump,30-pause-tests-public-api-bootstrap.js,"Pausa, testes de veículo, API pública de auditoria e bootstrap final",5294,5294,69f747bbb514595f8eb03e348c3c0cb2e10e488fd01e9d0a7f681c9e7053a6af,2,2,0,0,0,0,0,0,1,0,0,canJump | doJump
doJump,30-pause-tests-public-api-bootstrap.js,"Pausa, testes de veículo, API pública de auditoria e bootstrap final",5295,5295,15710973cc01e42afd03bebc5839504df96aa6c1002a2389f4892da5eedd4fe6,4,1,0,0,0,0,0,0,1,0,2,beep | canJump | trackDaily | vibrate
updatePlayer,30-pause-tests-public-api-bootstrap.js,"Pausa, testes de veículo, API pública de auditoria e bootstrap final",5296,5330,f2e1a300e90fef2ee307f280bce8c8d685d9c786d52b3a8cd37462b6be1f905b,27,22,8,0,0,0,0,0,1,0,19,animatePlayer | beep | cameraRelativeVector | canJump | checkHazards | collectNearbyCrystals | constrainBoat | doJump | groundHeightAt | recoverPlayerIfInvalid | rememberSafePlayerPosition | resolveCollisions | resolveMovementInput | resolveWaterWalking | sprintRequested | syncPlayerRootScale | trackDaily | updateBoatPanel | updateBoatPhysics | updateContext | updateVehiclePhysics | vibrate
mobilityThrottleIntent,30-pause-tests-public-api-bootstrap.js,"Pausa, testes de veículo, API pública de auditoria e bootstrap final",5331,5343,b2e4e76dac77ed92da5116bc7cb687b2df89c177ae57afeeec5c058501338fbd,0,7,0,0,0,0,0,0,7,0,1,
updateVehiclePhysics,30-pause-tests-public-api-bootstrap.js,"Pausa, testes de veículo, API pública de auditoria e bootstrap final",5344,5358,1b87b9a8f98440036352ce252ff5ea4823727b52e9f1d4da8b84e55c9798fddd,6,7,1,0,0,0,0,0,3,0,15,exitVehicle | mobilityThrottleIntent | sprintRequested | toast | updateMobilityControlLabels
animatePlayer,30-pause-tests-public-api-bootstrap.js,"Pausa, testes de veículo, API pública de auditoria e bootstrap final",5359,5384,dbc1ca78cc6d41b68c20ecef4136cf1742f5bc32978f018d09c47b7b45a4b201,0,14,9,0,0,0,0,0,1,0,22,
checkHazards,30-pause-tests-public-api-bootstrap.js,"Pausa, testes de veículo, API pública de auditoria e bootstrap final",5385,5387,6168e673b5374723372b8db679748f7038160486d73c80ac67ee7ac899f87d27,2,4,1,0,0,1,0,0,0,0,0,returnHome | toast
collectNearbyCrystals,30-pause-tests-public-api-bootstrap.js,"Pausa, testes de veículo, API pública de auditoria e bootstrap final",5388,5391,193c311b4acac1010eb47e9066449cbda6532b5fae59dbaafcfc241edcbaa4a9,1,2,0,0,0,1,0,0,0,0,0,collectCrystal
npcSpeech,30-pause-tests-public-api-bootstrap.js,"Pausa, testes de veículo, API pública de auditoria e bootstrap final",5392,5392,f9ad41f978eef0ab0e5abd54f254712cdfd276ef696df064263c4b97db6233fa,1,1,0,0,0,0,0,0,0,0,1,toast
nearestRideCompanion,30-pause-tests-public-api-bootstrap.js,"Pausa, testes de veículo, API pública de auditoria e bootstrap final",5393,5395,51e758b32d1ae33d15d044ced20b3a212d4ffb8e0a63425a6b5cddfe9a722735,0,0,0,0,0,0,0,0,1,0,0,
nearestBoardableNpc,30-pause-tests-public-api-bootstrap.js,"Pausa, testes de veículo, API pública de auditoria e bootstrap final",5396,5398,2dbcf7410233b5f7a61d96edd3714bcdd2d3e2a04dc49176cd46bf2c4f1e55e4,0,0,0,0,0,0,0,0,1,0,0,
boardNpcPassenger,30-pause-tests-public-api-bootstrap.js,"Pausa, testes de veículo, API pública de auditoria e bootstrap final",5399,5401,f0edfc4b94d40b0fbc7171ae3dd05ff8adbecf81db77946854d448ef35f6dfb1,2,3,0,0,0,0,0,0,3,0,3,saveState | toast
releaseNpcPassenger,30-pause-tests-public-api-bootstrap.js,"Pausa, testes de veículo, API pública de auditoria e bootstrap final",5402,5404,c5b316049f6dd9858a51e9891d83db7dbcca1941e5f1e69ea25dda9ffdae19da,1,3,0,0,0,0,0,0,1,0,4,groundHeightAt
updateNpcSociety,30-pause-tests-public-api-bootstrap.js,"Pausa, testes de veículo, API pública de auditoria e bootstrap final",5405,5414,bc3f18d5b778011aa0d0ab961158510a776c0330535450138b51fc957d263062,10,9,5,0,0,0,0,0,2,0,3,cloudHouseRecord | npcSpeech | saveState | updateHUD
updateNPCs,30-pause-tests-public-api-bootstrap.js,"Pausa, testes de veículo, API pública de auditoria e bootstrap final",5415,5451,fea8b3b63847687938b29a02f6af443892d079efa47719e12ed84202aea1ca13,3,11,8,0,0,2,0,0,0,0,15,groundHeightAt | snapTrafficToRoad | trafficSpeedFactor
updateEnemies,,,5452,5460,f8b22f10e6502c2f43d429df9dcad755aff6bea7967e59226f66f7f62679cd8e,5,5,0,0,0,1,0,0,0,0,4,beep | saveState | toast | vibrate
meleeAttack,32-cooperative-missions.js,"Missões cooperativas infantis, equipes online/solo, pesca, escola e corridas",5461,5465,96848647441085acecfbe2d49c382c7ea49e124c80dac979d95decc4bcbff4c8,3,1,0,0,0,0,0,0,1,0,0,beep | damageEnemy | toast
damageEnemy,32-cooperative-missions.js,"Missões cooperativas infantis, equipes online/solo, pesca, escola e corridas",5466,5469,828f890fb2850f16754e0367a9758c7a786cab89e505eac0fb83c4b8aa85bbe8,5,2,0,0,0,0,0,0,1,0,2,addCoins | addXP | evaluateMissions | saveState | toast
firePower,32-cooperative-missions.js,"Missões cooperativas infantis, equipes online/solo, pesca, escola e corridas",5470,5475,83d213109ba62057f102bcaa13d999a1b10afd0bcc8ba627ee2da46d515b6d87,5,3,0,0,0,0,0,0,3,0,0,beep | mat | toast | vehicleHorn | vibrate
updateFireballs,32-cooperative-missions.js,"Missões cooperativas infantis, equipes online/solo, pesca, escola e corridas",5476,5479,346c20d9c353cfabce39ac97214f35e100a3df15192601d4cbdacd4601a3de20,1,2,0,0,0,2,0,0,0,0,0,damageEnemy
updateCamera,32-cooperative-missions.js,"Missões cooperativas infantis, equipes online/solo, pesca, escola e corridas",5480,5513,154f2f1e8585c6a041ac91f4a3adacc873e551e56a1c910e31254087c0abe2bd,1,6,1,0,0,0,0,0,0,0,29,playerScaleValue
nearestInteractable,32-cooperative-missions.js,"Missões cooperativas infantis, equipes online/solo, pesca, escola e corridas",5514,5531,40f72153f227c5201ae57c03718eafc9b84d8de1dec619b89dc096ecdb2c426a,14,14,0,0,0,1,0,0,12,0,6,boardNpcPassenger | isInteractionAvailable | nearestBoardableNpc | nearestRemotePlayer | openRemotePlayerActions | toast | updateTransitPanel | worldPos
updateContext,32-cooperative-missions.js,"Missões cooperativas infantis, equipes online/solo, pesca, escola e corridas",5532,5535,0dc32590dd63fb948275144cded957e4c88be91e088bd126702e9fe89ac54d03,1,4,0,0,0,0,0,0,2,0,6,nearestInteractable
doAction,32-cooperative-missions.js,"Missões cooperativas infantis, equipes online/solo, pesca, escola e corridas",5536,5548,0c6114d9aee915ae04543469b9d94f72f25700cbbb3ce378c77180ef0a6de530,8,7,0,0,0,0,0,0,3,0,1,handleActiveSportActionV704 | isInteractionAvailable | meleeAttack | nearestInteractable | syncMobilePanels | updateContext | worldPos
updateNeeds,32-cooperative-missions.js,"Missões cooperativas infantis, equipes online/solo, pesca, escola e corridas",5549,5556,1dc3fb266bca42cd5d5198a1d70317e706bf012e62cdc05234635c898dc22cb1,5,3,0,0,0,0,0,0,1,0,4,playerDisplayName | saveState | sprintRequested | toast | updateHUD
multiplayerGameLabel,32-cooperative-missions.js,"Missões cooperativas infantis, equipes online/solo, pesca, escola e corridas",5557,5557,7d5f7acd44cb511d2557ecf97178e545fb28bfd2f4a9002034081caecb5d4770,0,0,0,0,0,0,0,0,1,0,2,
guardianMultiplayerAllowed,32-cooperative-missions.js,"Missões cooperativas infantis, equipes online/solo, pesca, escola e corridas",5558,5558,254610f3bea565d6ce35ec02db8deb7b0e5f1711f3146637d3f48450632a18f7,0,0,0,0,0,0,0,0,1,0,0,
guardianCommunicationAllowed,32-cooperative-missions.js,"Missões cooperativas infantis, equipes online/solo, pesca, escola e corridas",5559,5559,108e100a338eb4277b546fe1d78d9f6993d4baf855588c1807f06f80982e3efa,0,0,0,0,0,0,0,0,1,0,0,
publicPlayerName,32-cooperative-missions.js,"Missões cooperativas infantis, equipes online/solo, pesca, escola e corridas",5560,5563,1f713970ebbdacd45004600e9e9f0f1ca0865b865816386e393ae9857f70c4a3,0,0,0,0,0,0,0,0,1,0,1,
remotePlayerName,32-cooperative-missions.js,"Missões cooperativas infantis, equipes online/solo, pesca, escola e corridas",5564,5566,ad7a779a82c8611add2e442fe27acf75f41416884bbbb149dfd2ebf84a2654f6,0,0,0,0,0,0,0,0,1,0,0,
sanitizeRemoteSession,32-cooperative-missions.js,"Missões cooperativas infantis, equipes online/solo, pesca, escola e corridas",5567,5571,0630ae59fd4238703bfa39e3ffd4fa429aacf01e28d0e6974648071cd6fc9342,5,1,0,0,0,1,0,0,1,0,5,remotePlayerName
pendingChallenges,32-cooperative-missions.js,"Missões cooperativas infantis, equipes online/solo, pesca, escola e corridas",5572,5572,3d960b87312e253a3246eca6390a0b62a14187494d87b53f78669fa60808634a,0,0,0,0,0,0,0,0,1,0,0,
readyGameSessions,32-cooperative-missions.js,"Missões cooperativas infantis, equipes online/solo, pesca, escola e corridas",5573,5573,ee4bb7e640c90c65d3fcdd123ec83f02bf20beee237a0727149d153a2d897176,0,0,0,0,0,0,0,0,1,0,1,
closeChallengePrompt,32-cooperative-missions.js,"Missões cooperativas infantis, equipes online/solo, pesca, escola e corridas",5574,5574,3321e2a6eb58abc4fe1b8e4463882130d19318e5e2738f9d7093b1fa0ab8b129,0,1,0,0,0,0,0,0,1,0,0,
showIncomingChallengePrompt,32-cooperative-missions.js,"Missões cooperativas infantis, equipes online/solo, pesca, escola e corridas",5575,5575,ae023f8a4c913282989e29e139ed4fdd4597dc9bf88007d9cd285f5d4b7d05e2,2,1,0,0,0,0,0,0,1,0,0,guardianCommunicationAllowed | multiplayerGameLabel
showReadySessionPrompt,32-cooperative-missions.js,"Missões cooperativas infantis, equipes online/solo, pesca, escola e corridas",5576,5577,ed616e7ccf67cb5c732362e86ea0a0e7ac74960497ec5067d9e47947d9739c32,3,2,0,0,0,0,0,0,2,0,3,guardianCommunicationAllowed | multiplayerGameLabel | sessionOpponentName
socialActionLabel,32-cooperative-missions.js,"Missões cooperativas infantis, equipes online/solo, pesca, escola e corridas",5578,5578,cf7ffce0a5e6f16016674f226cd5829153d954bcf199f7045fabbc203ba9e875,0,0,0,0,0,0,0,0,1,0,0,
socialRequestPending,32-cooperative-missions.js,"Missões cooperativas infantis, equipes online/solo, pesca, escola e corridas",5579,5579,15ccf2e2d771b65f0becb274c4feb17fe2756a76ba8db4bca6a26326ce4b5a81,0,0,0,0,0,0,0,0,1,0,0,
showIncomingSocialRequest,32-cooperative-missions.js,"Missões cooperativas infantis, equipes online/solo, pesca, escola e corridas",5580,5592,bbd2e90a2432ee97b2dc22dc6441e7dec27e5ecafd167e3034ab19e713c22e8d,11,7,0,0,0,0,0,0,8,0,4,guardianCommunicationAllowed | saveState | socialActionLabel | toast
applyAcceptedSocialAction,32-cooperative-missions.js,"Missões cooperativas infantis, equipes online/solo, pesca, escola e corridas",5593,5610,dd070496d8dce79bbead58d2265c34a8311f2e2e41f88f61b9dae5eb8685ac47,23,15,9,0,0,0,0,0,3,0,14,closeChallengePrompt | closeModal | enterBoatAsPassenger | enterVehicleAsPassenger | escapeHtml | multiplayerGameLabel | openModal | openNearestCampfire | saveState | sessionOpponentName | startFishing | startHunting | startMultiplayerEducationGame | toast | triggerEmote
updateOnlineAttention,32-cooperative-missions.js,"Missões cooperativas infantis, equipes online/solo, pesca, escola e corridas",5611,5611,e4ddec715dca758a9c3bcaf51fd2dfd55c40a39c73abbd16b1ffb6dac47ba207,4,2,0,0,0,0,0,0,0,0,6,guardianCommunicationAllowed | pendingChallenges | readyGameSessions | socialRequestPending
challengeInboxHtml,32-cooperative-missions.js,"Missões cooperativas infantis, equipes online/solo, pesca, escola e corridas",5612,5612,5207e83d370d6c09ad4f7aea1f3989303f7c0f0d3d434cd51d3a449456f2e800,3,0,0,0,0,0,0,0,1,0,1,escapeHtml | multiplayerGameLabel | pendingChallenges
socialRequestInboxHtml,32-cooperative-missions.js,"Missões cooperativas infantis, equipes online/solo, pesca, escola e corridas",5613,5613,62aa32fd858416efc73d36a53b791f0099a21eefddaaea218fecc25be8b6ed85,4,0,0,0,0,0,0,0,1,0,1,escapeHtml | socialActionLabel | socialRequestPending
completedGameSessions,32-cooperative-missions.js,"Missões cooperativas infantis, equipes online/solo, pesca, escola e corridas",5614,5614,e240b029291d6a0a9c6a864df83852bd97177ce6d971619e3de7f1bce2126517,0,0,0,0,0,0,0,0,1,0,3,
rememberMatchResult,32-cooperative-missions.js,"Missões cooperativas infantis, equipes online/solo, pesca, escola e corridas",5615,5615,bd80bf69bd6b52479286aacf2ba0b05fda30801938782523d2434b7476af155d,1,2,0,0,0,0,0,0,3,0,4,sessionOpponentName
duelHistoryHtml,32-cooperative-missions.js,"Missões cooperativas infantis, equipes online/solo, pesca, escola e corridas",5616,5616,fe89afa9945f2328d2336003387cb5ff8c62ed9d73067159b0399fd121477503,5,0,0,0,0,0,0,0,2,0,9,completedGameSessions | escapeHtml | multiplayerGameLabel | sessionOpponentName
activeSessionsHtml,32-cooperative-missions.js,"Missões cooperativas infantis, equipes online/solo, pesca, escola e corridas",5617,5617,0eca6747fe4b27c75d0092afa9ab83306940180d70e783e6042579a990b197ac,3,0,0,0,0,0,0,0,2,0,9,escapeHtml | multiplayerGameLabel | readyGameSessions
bindChallengeCards,32-cooperative-missions.js,"Missões cooperativas infantis, equipes online/solo, pesca, escola e corridas",5618,5620,ba5607e4da6501bf7e70ec39e4a2656ccbae08c436cdf45e0b534acbd2715c28,11,5,1,0,0,0,0,0,3,0,11,closeChallengePrompt | multiplayerGameLabel | refreshOpenSocialHub | toast | updateOnlineAttention
highestUnlockedLevel,32-cooperative-missions.js,"Missões cooperativas infantis, equipes online/solo, pesca, escola e corridas",5621,5621,80ac675cb41c188efd8959e161e6aafa4a1d23b1a072d0f34920636cb9e02bd8,1,1,0,0,0,1,0,0,1,0,0,subjectUnlocked
openChallengePicker,32-cooperative-missions.js,"Missões cooperativas infantis, equipes online/solo, pesca, escola e corridas",5622,5622,7f2e46f76f93ed86dc4c485ce9fd127870cdca640652a2dd10cd52503e9daadb,5,1,1,0,0,0,0,0,0,0,4,closeModal | highestUnlockedLevel | openModal | toast
sessionOpponentName,32-cooperative-missions.js,"Missões cooperativas infantis, equipes online/solo, pesca, escola e corridas",5623,5623,8f905d10b8bac2e861fa2c8a2e06d8dfd1705b685325e57cb128e5c0ed5d9924,1,0,0,0,0,0,0,0,1,0,4,remotePlayerName
startMultiplayerEducationGame,32-cooperative-missions.js,"Missões cooperativas infantis, equipes online/solo, pesca, escola e corridas",5624,5624,c647a9a34fda4a2bf2333f01dcc68ff61b98308783479c85f61d3b5771dbb6e6,9,2,0,0,0,0,0,0,2,0,5,closeChallengePrompt | escapeHtml | openModal | runEducationGame | saveState | sessionOpponentName | toast
maybeShowMultiplayerResult,32-cooperative-missions.js,"Missões cooperativas infantis, equipes online/solo, pesca, escola e corridas",5625,5625,a02677f154b6dce484cdc454c659c85237edb0a96280466830bf27c4d1080824,6,4,0,0,0,0,0,0,3,0,13,addCoins | addXP | escapeHtml | openModal | rememberMatchResult | saveState
currentOnlineRoom,32-cooperative-missions.js,"Missões cooperativas infantis, equipes online/solo, pesca, escola e corridas",5626,5626,e17797f461a3acde547e0511fc4ccc8e018f23d09c484c3cdf7b4aba06cdb06a,0,0,0,0,0,0,0,0,1,0,2,
multiplayerStatusText,32-cooperative-missions.js,"Missões cooperativas infantis, equipes online/solo, pesca, escola e corridas",5627,5627,48d2a773db60744ac27a3adc394aa64abbd02290e2361ca8525823e62beef5ba,1,2,0,0,0,0,0,0,3,0,2,currentOnlineRoom
updateMultiplayerBadge,32-cooperative-missions.js,"Missões cooperativas infantis, equipes online/solo, pesca, escola e corridas",5628,5628,4d0357833639cd52454227bc2369637dd51ccfa4ff7629169e6d58485d64d453,0,2,0,0,0,0,0,0,1,0,1,
onlinePlayers,32-cooperative-missions.js,"Missões cooperativas infantis, equipes online/solo, pesca, escola e corridas",5629,5629,e8917a7f3200c56b4225c91fd1f309faeb3fe9d4863bef82306407a5501eb5de,1,0,0,0,0,0,0,0,2,0,3,remotePlayerName
onlinePlayerListHtml,32-cooperative-missions.js,"Missões cooperativas infantis, equipes online/solo, pesca, escola e corridas",5630,5630,908f3b334aad968745fd0826c4bd1489a6a1fea141673142d9e6714a98a24bf4,2,0,0,0,0,0,0,0,1,0,1,escapeHtml | onlinePlayers
bindOnlinePlayerCards,32-cooperative-missions.js,"Missões cooperativas infantis, equipes online/solo, pesca, escola e corridas",5631,5631,ba43ec950dbe3c24583704cb0a7455b62362ae1d1039d1411cc988d059cda26e,1,1,0,0,0,0,0,0,0,0,0,openRemotePlayerActions
refreshOpenSocialHub,32-cooperative-missions.js,"Missões cooperativas infantis, equipes online/solo, pesca, escola e corridas",5632,5632,b52173ce89858b9d8b3fe6056516f59eb386e9275b1a126844aeb0578b0554b3,13,9,0,0,0,0,0,0,1,0,0,activeSessionsHtml | bindChallengeCards | bindOnlinePlayerCards | challengeInboxHtml | chatMessageHtml | duelHistoryHtml | multiplayerStatusText | onlinePlayerListHtml | onlinePlayers | socialRequestInboxHtml | updateOnlineAttention
approvedChatPhrases,32-cooperative-missions.js,"Missões cooperativas infantis, equipes online/solo, pesca, escola e corridas",5633,5633,17108211326ac44786ccbea6954b418d9d25f5639db96b57c34c1102931cd859,0,0,0,0,0,0,0,0,1,0,8,
openSocialHub,32-cooperative-missions.js,"Missões cooperativas infantis, equipes online/solo, pesca, escola e corridas",5634,5644,b593da73881b615f794011b3fc137d1f83f5ede225ffeb5b02920a1651878af2,26,3,0,0,0,0,0,0,2,0,4,activeSessionsHtml | approvedChatPhrases | bindChallengeCards | bindOnlinePlayerCards | challengeInboxHtml | chatMessageHtml | duelHistoryHtml | escapeHtml | guardianCommunicationAllowed | guardianMultiplayerAllowed | multiplayerStatusText | onlinePlayerListHtml | onlinePlayers | openModal | pendingChallenges | refreshOpenSocialHub | saveState | socialRequestInboxHtml | socialRequestPending | toast
escapeHtml,32-cooperative-missions.js,"Missões cooperativas infantis, equipes online/solo, pesca, escola e corridas",5645,5645,ad952d86e2bc2766a910b0617c56e0777f3e84e225574c3f99d1ada8b49a9a24,0,0,0,0,0,0,0,0,1,0,0,
chatMessageHtml,32-cooperative-missions.js,"Missões cooperativas infantis, equipes online/solo, pesca, escola e corridas",5646,5646,b4c56d8f0c1aa9ae36d5d86214f63d5cd2c670bb1eae245e9e731da930bdf237,2,0,0,0,0,0,0,0,1,0,0,escapeHtml
openReportPlayer,32-cooperative-missions.js,"Missões cooperativas infantis, equipes online/solo, pesca, escola e corridas",5647,5653,43a4a77a61b7f5c5f6889c29b358950a60de4b146515a57286379d2356e6d753,4,1,0,0,0,0,0,0,1,0,4,closeModal | openModal | toast
openRemotePlayerActions,32-cooperative-missions.js,"Missões cooperativas infantis, equipes online/solo, pesca, escola e corridas",5654,5673,df63776042f80662fecab183cb2da43809dfc72dc226b6ee71c0228fdf080c35,20,18,5,0,0,0,0,1,8,0,20,closeModal | confirmModal | guardianCommunicationAllowed | isNearFishingArea | nearestActiveCampfire | openChallengePicker | openModal | openReportPlayer | openSocialHub | toast | triggerEmote
nearestRemotePlayer,32-cooperative-missions.js,"Missões cooperativas infantis, equipes online/solo, pesca, escola e corridas",5674,5674,f8f0fe3591b48a2cd4e068f837e571d62ee7364f2f7712057d53602612a2cbad,0,1,0,0,0,1,0,0,1,0,0,
openMultiplayerConfig,32-cooperative-missions.js,"Missões cooperativas infantis, equipes online/solo, pesca, escola e corridas",5675,5675,20dca2933128993b5af35538a14a30838cc6600ec2530111c6c16d98fe286795,1,0,0,0,0,0,0,0,0,0,0,openSocialHub
applyCloudWorldObjects,32-cooperative-missions.js,"Missões cooperativas infantis, equipes online/solo, pesca, escola e corridas",5676,5682,3655c3d3088437ff3fda8c7304e457a7ebffad0fd6502d66b99e76f15a42d578,2,8,0,0,0,6,0,0,1,0,1,spawnCampfire | spawnHouseExtension
remotePlayerEvent,33-otthi-world-professional-core.js,"Fundação OTTHI World, PBR local, diagnóstico e painel das cinco etapas",5683,5721,52ff186b4e20677d06fb14153a5286a41f56cb16c909fa3a84a22687eaac8671,80,47,11,0,0,2,1,1,11,0,37,applyAcceptedSocialAction | applyCloudWorldObjects | applyRemoteAvatarIfChanged | closeChallengePrompt | createGhost | exitBoat | exitVehicle | guardianCommunicationAllowed | guardianMultiplayerAllowed | hasValidPlayerName | maybeShowMultiplayerResult | mergeCloudProgress | multiplayerAvatarPrimaryColor | multiplayerGameLabel | publicPlayerName | reconcileCloudHouses | refreshOpenSocialHub | remotePlayerName | sanitizeMultiplayerAvatar | sanitizeRemoteSession | saveState | showIncomingChallengePrompt | showIncomingSocialRequest | showReadySessionPrompt | socialActionLabel | toast | triggerEmote | updateGhostName | updateMultiplayerBadge | updateOnlineAttention
initLocalMultiplayer,33-otthi-world-professional-core.js,"Fundação OTTHI World, PBR local, diagnóstico e painel das cinco etapas",5722,5726,26de92e2b9d2d5fcfdb52283fdf584f5f30928a66c9875b4fc5205a1a48afec0,8,6,0,0,0,0,0,0,4,0,12,guardianMultiplayerAllowed | hasValidPlayerName | publicPlayerName | remotePlayerEvent | updateMultiplayerBadge
sanitizeMultiplayerAvatar,33-otthi-world-professional-core.js,"Fundação OTTHI World, PBR local, diagnóstico e painel das cinco etapas",5727,5732,88f41f2e4449a455f2847c3385567a57bf1790e5bc6c88b0c7216af990fc811e,2,1,1,0,0,1,0,0,1,0,6,normalizeAvatarV2 | safeAvatarColor
multiplayerAvatarDescriptor,33-otthi-world-professional-core.js,"Fundação OTTHI World, PBR local, diagnóstico e painel das cinco etapas",5733,5733,28e2646d7166695099d62bcd825df5f0a18a2964813c33a6e149056894b234c5,1,0,0,0,0,0,0,0,1,0,0,sanitizeMultiplayerAvatar
multiplayerAvatarSignature,33-otthi-world-professional-core.js,"Fundação OTTHI World, PBR local, diagnóstico e painel das cinco etapas",5734,5734,e3e7f750e0153223a3e3cb4660471835f0d45749f009e1ace7e6ee843c378d11,1,0,0,0,0,0,0,0,1,0,0,sanitizeMultiplayerAvatar
avatarHex,33-otthi-world-professional-core.js,"Fundação OTTHI World, PBR local, diagnóstico e painel das cinco etapas",5735,5735,d62c2698de6d8735651ae33b457e4bfe1f82734ade5d301fc59d1d1e49f65cd4,0,1,0,0,0,0,0,0,2,0,1,
avatarIdIncludes,33-otthi-world-professional-core.js,"Fundação OTTHI World, PBR local, diagnóstico e painel das cinco etapas",5736,5736,62d4f524e34719b3f482998e7656cc60b96f0044d7efea945815bf238b9b497a,0,0,0,0,0,0,0,0,1,0,0,
avatarSkinHex,33-otthi-world-professional-core.js,"Fundação OTTHI World, PBR local, diagnóstico e painel das cinco etapas",5737,5737,b7327c4a6a4780228689115352f3108f82010f000a93bbd9909b6593e7199c5d,1,0,0,0,0,0,0,0,1,0,2,avatarHex
multiplayerAvatarPrimaryColor,33-otthi-world-professional-core.js,"Fundação OTTHI World, PBR local, diagnóstico e painel das cinco etapas",5738,5738,e0e5d3dcfb95909408cef65fa21a54243b6dcb40313025974606bb8637bff320,1,0,0,0,0,0,0,0,1,0,0,avatarHex
disposeGhostAvatar,33-otthi-world-professional-core.js,"Fundação OTTHI World, PBR local, diagnóstico e painel das cinco etapas",5739,5739,006e21bd2fc62f4b35e3653412caeaac8b1cbcb078d1fec9df15aec93267f736,0,3,1,0,0,1,0,0,1,0,8,
ghostSphere,33-otthi-world-professional-core.js,"Fundação OTTHI World, PBR local, diagnóstico e painel das cinco etapas",5740,5740,0a53d3642b47b2c34d96fd325dc9185b10e9b7d3ecfcd1048e3f110e51344b0f,1,0,0,0,0,0,0,0,1,0,0,renderMat
addGhostFace,33-otthi-world-professional-core.js,"Fundação OTTHI World, PBR local, diagnóstico e painel das cinco etapas",5741,5747,4d177ae742244ab2252215fea85a89298436698884a5ea1ecf3ba13b2bdc9b25,10,2,1,0,0,0,0,0,0,0,4,avatarIdIncludes | box
addGhostHair,33-otthi-world-professional-core.js,"Fundação OTTHI World, PBR local, diagnóstico e painel das cinco etapas",5748,5753,fa74bdf0365012d84855ca602ac214fc87f91d6b01b4fe2ad23495f5e7ea7539,10,4,2,0,0,2,0,0,1,0,0,avatarHex | avatarIdIncludes | box | ghostSphere
updatePlayUsage,33-otthi-world-professional-core.js,"Fundação OTTHI World, PBR local, diagnóstico e painel das cinco etapas",5754,5758,76323c409e2c2683a971f24112ad88e30fe80c15931c2b60db0138e4ca4a603b,1,1,1,0,0,0,0,0,1,0,0,box
buildRemoteAvatarVisual,33-otthi-world-professional-core.js,"Fundação OTTHI World, PBR local, diagnóstico e painel das cinco etapas",5759,5789,41345a946a4d1ca9a1b64937e13abc23053692ae30299864cfe51cfc8a032221,36,5,3,0,0,0,0,0,0,0,1,avatarHex | avatarSkinHex | box | cylinder | disposeGhostAvatar | ghostSphere | multiplayerAvatarPrimaryColor | openModal | sanitizeMultiplayerAvatar | saveState | stopGame
showWorldLoading,33-otthi-world-professional-core.js,"Fundação OTTHI World, PBR local, diagnóstico e painel das cinco etapas",5790,5799,353383bdd7bdfc4b1a9b57580aaae4c968e1cb8af4a5e48f58282591a13c1c27,19,7,4,0,0,0,0,0,0,0,2,addGhostFace | addGhostHair | avatarIdIncludes | box | openModal
showWorldLoadFailure,33-otthi-world-professional-core.js,"Fundação OTTHI World, PBR local, diagnóstico e painel das cinco etapas",5800,5814,7baa6c198ca9184120b85b438bdf143b825e2bcaf2f152b7f6ef721be8f2e441,28,12,4,0,0,1,0,0,1,0,9,avatarIdIncludes | box | escapeHtml | ghostSphere | multiplayerAvatarSignature | openModal | showScreen
applyRemoteAvatarIfChanged,34-avatar-studio-professional-v3.js,Avatar modular V3 sobre o rig procedural preservado,5815,5815,0ef2f172d5695345d1d2ef2e9692fe61fbd3f493769cce00690bf8e5b3d341b6,2,1,0,0,0,0,0,0,2,0,0,buildRemoteAvatarVisual | multiplayerAvatarSignature
gameLoop,34-avatar-studio-professional-v3.js,Avatar modular V3 sobre o rig procedural preservado,5816,5816,7fc34d6fbdcedbd379d46731851c34492f75ba886568b2190f9261eb0478dee7,0,0,0,0,0,0,0,0,0,0,0,
multiplayerNameTexture,34-avatar-studio-professional-v3.js,Avatar modular V3 sobre o rig procedural preservado,5817,5818,cd4d104ccf5be59059e38deb2c6286b719b7d3a534aa727ea9a3ec659771bc4f,2,2,1,0,0,0,0,0,2,0,0,samplePerformance | sanitizePlayerName
updateLocalPlayerNameLabel,34-avatar-studio-professional-v3.js,Avatar modular V3 sobre o rig procedural preservado,5819,5820,5aef36d197390337647be7a6fb3e7112a0b8c730ee4cbc7f51204677f5a800aa,3,2,0,0,0,0,0,0,2,0,4,multiplayerNameTexture | playerDisplayName | updatePlayUsage
updateGhostName,34-avatar-studio-professional-v3.js,Avatar modular V3 sobre o rig procedural preservado,5821,5822,24154d8e7cd3fbef810020aba2a218a9e5cc7d392ff6a1b10352394a03f085c6,2,3,0,0,0,0,0,0,1,0,2,multiplayerNameTexture | sanitizePlayerName
ghostVehicleKind,34-avatar-studio-professional-v3.js,Avatar modular V3 sobre o rig procedural preservado,5823,5824,8fba8151dcc24a1bcaa66ffc120a0cbfcd71a7642dff0d4c3c77a7a199a662cb,2,3,0,0,0,0,0,0,4,0,0,pollGamepad | qualityTier
styleGhostVehicle,34-avatar-studio-professional-v3.js,Avatar modular V3 sobre o rig procedural preservado,5825,5838,762cb70e103e2cf00434dca5d25a63be68ee12fd8c5b028094134f9d84cf13e6,10,11,3,0,0,1,0,0,1,0,26,ghostVehicleKind | updateBuildPreview | updateCamera | updateFX | updateFireballs | updateFishingVisual | updateOtthiWorldEnvironment | updatePlayer | updateVehicleFX | updateWorldHeroAdventure
createGhost,34-avatar-studio-professional-v3.js,Avatar modular V3 sobre o rig procedural preservado,5839,5852,144d65cd5b8e7cea4a8b2b9b22d34654b351cf40485a4cc9dab355180c6f2c14,37,6,0,0,0,1,0,0,1,0,4,box | buildRemoteAvatarVisual | captureTrafficPositions | cylinder | mat | multiplayerNameTexture | resolveTrafficOverlaps | sanitizePlayerName | updateCareerMissions | updateCoopMissions | updateCoopVisuals | updateFireService | updateNavigation | updateNeeds | updatePoliceSystem | updateRace | updateTrafficIncidents | updateTransitWorld | updateWorldSportsV704
updateMultiplayer,34-avatar-studio-professional-v3.js,Avatar modular V3 sobre o rig procedural preservado,5853,5877,25a43a4efadb30245ce4474c7177423ecc7d120bfde1f3e5690f7a6411a7ec78,16,11,0,0,0,1,0,0,1,0,35,auditPlayerMode | ensureViewportCoherence | guardianMultiplayerAllowed | multiplayerAvatarDescriptor | multiplayerAvatarPrimaryColor | multiplayerAvatarSignature | publicPlayerName | refreshTechnicalPanel | styleGhostVehicle | updateAdventure | updateClouds | updateEnemies | updateLifeActivities | updateNPCs | updateNpcSociety | updateVisualLOD
setupControls,34-avatar-studio-professional-v3.js,Avatar modular V3 sobre o rig procedural preservado,5878,5903,5e18f62bdaee379d427f803918e6841a09a3571d634bd29a3d97f841ce1c2ca1,33,30,4,0,0,0,0,0,5,0,12,closeModal | doAction | endBuildMode | firePower | mobilityDriverActive | openPauseMenu | requestJump | rotateBuildPreview | saveState | setScaleMode | spinPlayer | toast | toggleCrouch | updateMobilityControlLabels | updateRunUI
pollGamepad,35-world-render-pbr-environment.js,"Mundo profissional, materiais PBR, vegetação, atmosfera e detalhes",5904,5927,01c166de5d5b7eb97fbb4161dc877592d416aebb24701f381b2e97a2d10ff474,44,19,2,0,0,0,0,1,6,2,25,accountLinked | accountPromptWasHandled | applyAvatarCustomization | closeModal | doAction | equippedTool | evaluateMissions | firePower | gameLoop | hasValidPlayerName | initThree | mobilityDriverActive | openAccountCenter | openModal | openParentGate | openPlayerNameModal | requestJump | resize | restorePosition | saveState | setScaleMode | setupControls | showScreen | showWorldLoadFailure | showWorldLoading | syncMobilePanels | toast | toggleCrouch | updateAbilityUI | updateContext | updateHUD | updateMobilityControlLabels | updateNavigation | updateRunUI
stopGame,35-world-render-pbr-environment.js,"Mundo profissional, materiais PBR, vegetação, atmosfera e detalhes",5928,5933,a4322b48815ad251e4dafdb3a92358746868eccb3532177b0eba42003423c28b,9,10,0,0,0,0,0,0,0,0,0,endBuildMode | exitBoat | exitBusAtStop | exitVehicle | savePlayerPosition | showScreen | stopEngineSound | updateLobbyStats | updateSafetyPanel
openPauseMenu,35-world-render-pbr-environment.js,"Mundo profissional, materiais PBR, vegetação, atmosfera e detalhes",5934,5946,bb474843f9c9fea1f156163a7f42d4101321368dd1ad065bf85ae5dfb4991c09,13,4,0,0,0,0,0,0,1,0,0,closeModal | endBuildMode | openLifePanel | openModal | recoverPlayerToLastSafe | returnHome | startEngineSound | stopEngineSound | stopGame
updateBridgeVisual,35-world-render-pbr-environment.js,"Mundo profissional, materiais PBR, vegetação, atmosfera e detalhes",5947,5949,a459af86d7ad6e630837d8759c1fff417039b60eed74dbe5bae7845ea0bb275c,0,0,0,0,0,0,0,0,0,0,0,
prepareVehicleTestArea,35-world-render-pbr-environment.js,"Mundo profissional, materiais PBR, vegetação, atmosfera e detalhes",5950,5962,bc3b68c68cd72fdf2af9d524c9444c64d8f04906400d42b286979115cf46e023,4,2,0,0,0,0,0,0,1,0,0,clearMovementInputs | enterVehicle | exitVehicle | groundHeightAt
stepVehicleSimulation,36-modular-build-machines.js,"Construção modular, oficina e veículos montáveis",5963,6113,703624a9dbb2a90153d393de8ff28dc9569f7279727f1264aa5789517a9d0ffc,90,11,0,0,0,5,0,0,36,0,134,activateFireIncident | applyAdaptiveRenderSettings | auditPlayerMode | beginBuildMode | buildRoutePoints | busAtStop | cameraRelativeVector | closeModal | completeActiveJob | constrainBoat | currentVehicleRef | detectStableAutoTier | distanceToBoatDock | doAction | educationSummary | endBuildMode | enterBoatAsPassenger | enterBus | enterHouse | enterVehicle | enterVehicleAsPassenger | evaluateMissions | exitBoat | exitBusAtStop | exitVehicle | firePower | generateEducationRounds | groundHeightAt | initTechnicalPanel | lockStableSceneVisibility | mobilityDriverActive | openPauseMenu | pendingChallenges | placeBuild | prepareVehicleTestArea | qualityTier | reconcileWorldBuilds | recoverPlayerToLastSafe | remotePlayerEvent | requestJump | requestedQuality | resolveCollisions | resolveMovementInput | rideMetroTo | rotateBuildPreview | routeProgressInfo | savePlayerPosition | saveState | setWaypoint | socialRequestPending | sprintRequested | startFishing | startHunting | startJob | startPoliceAlert | startRace | toggleCrouch | updateAdventure | updateBoatPanel | updateBoatPhysics | updateContext | updateFireService | updateInstallUI | updateLobbyStats | updateMobilityControlLabels | updateMultiplayer | updateNavigation | updatePlayer | updateRunUI | updateTransitWorld | updateVehicleControlsUI | updateVehiclePhysics | updateWaypointMarker | validBoatExit
roomWorldInfo,37-hero-platform-gameplay.js,"Poderes originais, circuito de plataforma e aventura",6114,6114,383129c99853102eb04cba6cb480243860c13ac5df1b8082cedd8819fc837573,0,0,0,0,0,0,0,0,1,0,3,
roomHouseMarkers,37-hero-platform-gameplay.js,"Poderes originais, circuito de plataforma e aventura",6115,6115,22da86c76cb820084cbc62f8fa020c6f8b46bb88e39639be49551c0f605d00fb,0,0,0,0,0,0,0,0,2,0,5,
mapHouseLocations,37-hero-platform-gameplay.js,"Poderes originais, circuito de plataforma e aventura",6116,6116,0c5a77c97e8a8d156f7ec54274f72072e34c6b2c80180d6b3283f108753cbeba,1,0,0,0,0,0,0,0,1,0,1,roomHouseMarkers
mapRegionsMarkup,37-hero-platform-gameplay.js,"Poderes originais, circuito de plataforma e aventura",6117,6117,1305be767810fe15071074295e9bc2445070022dd66db4ae112b303faaab5e63,1,0,0,0,0,0,0,0,2,0,4,escapeHtml
clearRemoteRoomEntities,37-hero-platform-gameplay.js,"Poderes originais, circuito de plataforma e aventura",6118,6121,be223ef786ed09719a13e8d726eacd4078eef7013eda175bf9663be510b141ab,5,0,0,0,0,1,0,0,0,0,1,applyCloudWorldObjects | closeChallengePrompt | reconcileCloudHouses | refreshOpenSocialHub | updateMultiplayerBadge
resetMobilityForRoomChange,37-hero-platform-gameplay.js,"Poderes originais, circuito de plataforma e aventura",6122,6126,e9755b7d93ea749e79d90e072e94a274f7e5dae5e3b89c97fb63b42cdbb5b272,6,10,0,0,0,0,0,0,0,0,0,cancelFishingSession | clearMovementInputs | endBuildMode | exitBoat | exitHouse | exitVehicle
canChangeRoom,38-otthi-world-integration-bootstrap.js,"Integração, fallbacks e bootstrap das cinco etapas",6127,6127,a06f72afff91ed7dceb31354d749e8f2ad9c28a668a8e00ff1fb082ec8cb92ab,0,0,0,0,0,0,0,0,1,0,0,
focusCurrentRoom,38-otthi-world-integration-bootstrap.js,"Integração, fallbacks e bootstrap das cinco etapas",6128,6128,29ada80d0607c4f3cd132e05941030e2076f41d2c74bf4d405db181cadf64912,4,0,0,0,0,0,0,0,0,0,0,buildRoutePoints | roomWorldInfo | toast | updateNavigation
applyRoomWorld,38-otthi-world-integration-bootstrap.js,"Integração, fallbacks e bootstrap das cinco etapas",6129,6150,d836cb688a509fab321b6ed0b68279f12df0265e0acd2b9909dd91e663b738ea,13,6,0,0,0,0,0,0,3,0,8,clearRemoteRoomEntities | refreshOpenMapAfterResize | rememberSafePlayerPosition | resetMobilityForRoomChange | roomWorldInfo | safePointNear | saveState | toast | updateContext | updateHUD | updateNavigation
coopStreetRoutePoint,38-otthi-world-integration-bootstrap.js,"Integração, fallbacks e bootstrap das cinco etapas",6151,6154,716239d42c331e83ad997232278a9d979c06c9cd18fe278faeb37328c7adae54,0,1,0,0,0,1,0,0,3,0,1,
coopPointAccessible,,,6155,6155,d17251ec5b0d479d7824ed3c993012e5ca782701acd8936364d952ea4d6a7eb6,2,2,0,0,0,0,0,0,3,0,0,positionBlockedForPlayer | waterAt
coopMissionPreflight,,,6156,6166,206e0ff38a27196a94a449da42509c67e463bfd2a5cbdfa6d1cd7343afad4897,5,20,6,0,0,1,0,0,1,0,0,coopMissionTemplate | coopPointAccessible | pointOnRoad | waterAt | worldLayoutPoint
coopObjectiveSnapshot,,,6167,6169,99a9981913c3d937c120efd5de5419d6e21830f35a46b58add72feee765b9eb9,6,1,0,0,0,0,0,0,2,0,13,activeCoopMission | activeCoopRecord | coopCurrentInstruction | coopCurrentTarget | coopMissionTemplate | coopProgress
ensureCooperativeState,,,6170,6170,2516ddf6d051006846280720a829f1d2473b8bb20584521a69628f3d60b0a588,0,0,0,0,0,0,0,0,1,0,0,
coopUid,,,6171,6171,4b03c78c14c75c0f0eadc97193b059a121520d6b193fae043cebac6b7ba9025e,0,0,0,0,0,0,0,0,1,0,2,
coopMissionTemplate,,,6172,6172,27143b81a612f04906aedcd737cc6ca391866a89e8280e740e1460b1f3d8221a,0,0,0,0,0,0,0,0,1,0,0,
activeCoopMission,,,6173,6173,0c524bc7f44253a91ba93754ddccd2b56e4b93dccf83e2a6be47c6413229ac28,1,0,0,0,0,0,0,0,1,0,0,ensureCooperativeState
activeCoopRecord,,,6174,6174,568bb6545111544fc5124d50ef44234de6ec1b8b19f8e2876ece026c430daa0b,1,1,0,0,0,0,0,0,2,0,1,activeCoopMission
activeCoopServiceJob,,,6175,6175,1739c4518c92d935614004764cf4306cda255d6bdccde6076e3218a2b5806c37,1,0,0,0,0,0,0,0,1,0,1,activeCoopMission
coopParticipants,,,6176,6176,68658f5f4ae19afadf3f12eba4ee7ccf330b96c717316a02abe1c5ccc6af9f1a,1,0,0,0,0,0,0,0,1,0,1,activeCoopRecord
coopOwnParticipant,,,6177,6177,ad28fd920be348ad5d4e824cae82a2d7671b9d6ff739707032e83a33ce3fb367,2,0,0,0,0,0,0,0,1,0,2,activeCoopRecord | coopUid
coopRoleLabel,,,6178,6178,7fb28014c349cae0157e388bee9cb51d2bb9a4c99a48c3f375771e8c39d99ff3,0,0,0,0,0,0,0,0,1,0,0,
coopProgress,,,6179,6179,3daf0a47ea3aa5fa4cb8bb1454dc413f4417bb71bf5efebcaf6d2e90af0b4270,1,0,0,0,0,0,0,0,1,0,8,activeCoopRecord
coopEventValues,,,6180,6180,ae5d1862b446a60e1ed756d5433deaa44595809a741c2361b598c49e848769de,2,0,0,0,0,0,0,0,1,0,1,activeCoopRecord | coopProgress
coopHasEvent,,,6181,6181,e3e8456a69e0f265dcfa10b8519cb57abf86382c0a94cd379e323865959cd872,2,0,0,0,0,0,0,0,1,0,0,activeCoopRecord | coopEventValues
coopIndividualCount,,,6182,6182,619ef34cdeca154c883119f4975f6e735faea2d86b8e9a17179adce3353e420d,3,0,0,0,0,0,0,0,1,0,1,activeCoopRecord | coopEventValues | coopUid
coopRoleCapacity,,,6183,6183,852d3f300b7b44c9d1ee1570b45b92e9668bd9c0773f289954eba7d51a285ffc,0,0,0,0,0,0,0,0,1,0,2,
coopRoleTaken,,,6184,6184,6b70bdf7d63e329305559adff0187b89925adfc84e1fdecc81bb51404b6c6783,2,0,0,0,0,0,0,0,1,0,0,coopParticipants | coopUid
coopEventSubjectId,,,6185,6185,c30dcc9afefe0fff454b5d89bbb461661ab4dc7e835f180bfd40dbadba119c2c,0,0,0,0,0,0,0,0,1,0,0,
coopMedicalDestination,,,6186,6186,e9b7acca0166fcffe72fac48594fc2ca2918e17b1598510117bbac5b842d10e6,0,1,0,0,0,0,0,0,2,0,12,
coopRaceStandings,,,6187,6189,022b2521bc18dc6aede014ceba748bb00a90359400e8138b885c0c87ade97016,3,0,0,0,0,0,0,0,2,0,5,activeCoopRecord | coopEventValues | coopParticipants
coopRaceTargetReached,,,6190,6190,58b60c49a303499cfe718d1aedee189a5873245ae5a916428106efbe08e48fd8,3,0,0,0,0,0,0,0,1,0,5,activeCoopRecord | coopProgress | coopRaceStandings
coopMissionMapLocations,,,6191,6195,f5529974cb3bfffc48b5f9008928f7bab2aad8912855c24de751273f2d313a79,7,2,0,0,0,0,0,0,3,0,7,activeCoopMission | activeCoopRecord | coopCurrentInstruction | coopCurrentTarget | coopMissionTemplate | coopOwnParticipant | coopRoleLabel
coopServiceKind,,,6196,6196,74205e85ad68fcc73f5415df25fedab2137931feb7c7d5c774cd293a1fde440c,0,0,0,0,0,0,0,0,1,0,1,
coopMissionHash,,,6197,6197,b00cb6f37691b5db7997f5ed924e443f214b6dc5f490176eaf80a422f86f62d8,0,0,0,0,0,1,0,0,1,0,0,
coopSceneTarget,,,6198,6204,9b15da2b71eea4b3693ff4edddbc4a2c112500fc98e2d7126d25f465a9a43ea6,6,8,0,0,0,2,0,0,4,0,7,activateFireIncident | activeCoopMission | coopMissionHash | createTrafficIncidentAt | nearestRoadProjection | serviceVehiclePools
coopNearestSchool,,,6205,6205,278f15d2ff295c85e9ed19c6fc69ca8383bf1e95d52211b224b5ba54dbbff962,0,0,0,0,0,0,0,0,1,0,0,
coopNearestInvitableNpc,,,6206,6206,b382ecdbd1c59560b4c5bd9d21b023d7be2b84751ce7000aeb42a4b745f8c3e4,4,0,0,0,0,0,0,0,1,0,1,activeCoopRecord | coopEventSubjectId | coopProgress
coopCurrentTarget,,,6207,6225,44dc5ab6fdabe08463c2a1b807b7193602a536aa65d19ee3eba9740a510f8520,15,15,0,0,0,0,0,0,13,0,12,activeCoopMission | activeCoopRecord | coopMedicalDestination | coopNearestInvitableNpc | coopNearestSchool | coopProgress | coopSceneTarget | coopServiceKind | serviceMissionVehicle | worldLayoutPoint
coopCurrentInstruction,,,6226,6240,7426e10768d01780d8fb53e7dd509a8c3c8d65dd68740d6aac2645c6753aba2a,8,12,0,0,0,0,0,0,13,0,12,activeCoopMission | activeCoopRecord | coopIndividualCount | coopMissionTemplate | coopOwnParticipant | coopProgress | coopRoleLabel
coopMissionProgressLabel,,,6241,6241,c719e44133ddbc37c7d8a61d05501a1d0004d77693691091e1d7f25c0afec6ad,5,1,0,0,0,0,0,0,2,0,1,activeCoopMission | activeCoopRecord | coopCurrentInstruction | coopMissionTemplate | coopProgress
coopMissionBriefingMarkup,,,6242,6245,cf210c156684e30c8489923d0dd4a3860c6ec23fb4849e5bd877cdb4a57f889f,14,1,0,0,0,0,0,0,2,0,16,activeCoopMission | activeCoopRecord | coopCurrentInstruction | coopIndividualCount | coopMissionProgressLabel | coopMissionTemplate | coopOwnParticipant | coopParticipants | coopProgress | coopRaceStandings | coopRoleLabel | coopUid
coopPermissionDenied,,,6246,6247,d02a16ce7a4aec18817afd647cc7282d5105eef19412faf7ceb86c39c691a64c,0,1,0,0,0,0,0,1,4,0,2,
bindCoopActionButton,,,6248,6248,af0120481768e140fbefa02d80cf0b812d07706d942687a1afb32f8a54a66703,0,3,0,0,0,0,0,0,2,0,0,
coopLocalRecord,,,6249,6251,ae701df451c2cbbeca42db95923e55cf369f4515d25a316f84218227ca01ad5e,4,0,0,0,0,0,0,0,1,0,1,coopUid | publicPlayerName
coopActiveState,,,6252,6266,645fb7aa071ffad39e98eda13d9da6d343a7e28abab58a67a4389a76d7e3a719,58,29,6,0,0,0,0,0,26,0,29,activeCoopMission | activeCoopRecord | closeModal | continueCoopMissionOffline | coopLocalRecord | coopMissionPreflight | coopMissionTemplate | coopOwnParticipant | coopParticipants | coopPermissionDenied | coopRoleCapacity | coopRoleTaken | coopUid | ensureCooperativeState | openCoopLobby | prepareCoopMissionRuntime | saveState | toast | updateMissionHUD
continueCoopMissionOffline,,,6267,6271,01b3682e659a343ce036256e1bfb5e6bd88844b057e358776a09cdd6e8ead432,9,1,0,0,0,0,0,0,2,0,1,activeCoopMission | activeCoopRecord | closeModal | coopUid | prepareCoopMissionRuntime | publicPlayerName | saveState | toast | updateMissionHUD
prepareCoopMissionRuntime,,,6272,6279,81a03e85adccce30bfc6c1ac38f3f98cfa62e0ece74e7bb56d3b8f64b630104f,15,8,3,0,0,0,0,0,1,0,10,activateCoopRaceBots | activeCoopMission | activeCoopRecord | applyAvatarCustomization | coopCurrentTarget | coopMissionTemplate | coopSceneTarget | coopServiceKind | coopSetWaypoint | equipJobUniform | reserveMissionServiceVehicle | safePointNear | saveState | spawnCampfire
coopSetWaypoint,,,6280,6280,5a8dab9028950e11534d9b7ff676e3d1a021b2555f826333d83e326a1ca7ffb9,3,1,0,0,0,0,0,0,1,0,8,buildRoutePoints | updateNavigation | updateWaypointMarker
onCoopServiceVehicleBoarded,,,6281,6289,d29272b75883eaf10c780cf3c37ccf7e8a44b52307bee8183c528d2e70b7a42a,17,14,0,0,0,0,0,0,12,0,4,activeCoopMission | activeCoopRecord | coopSceneTarget | coopSetWaypoint | coopUid | toast
coopNearbyParticipantCount,,,6290,6328,286f93f1eefc3773f781816d2500888e974ef8385ec10ebaa2bbd15f45199f3c,67,47,0,0,0,1,0,0,35,0,15,activeCoopMission | activeCoopRecord | coopCurrentInstruction | coopCurrentTarget | coopEventSubjectId | coopHasEvent | coopMedicalDestination | coopNearestInvitableNpc | coopNearestSchool | coopOwnParticipant | coopParticipants | coopProgress | coopServiceKind | coopSetWaypoint | coopUid | ensureActiveFire | saveState | serviceMissionVehicle | startFishing | toast
updateCoopFishingProgress,,,6329,6329,b2e477849f5cda98a3c27603d41fff5014da9ee23365dcd44d683ad45fb6c23c,6,3,0,0,0,0,0,1,1,0,0,activeCoopRecord | coopProgress | coopSetWaypoint | updateMissionHUD | worldLayoutPoint
updateCoopSchoolFollowers,,,6330,6330,8d487800185f88ed69de90f62dc70d28f16ae8530fb35f3ef77e492425c89088,0,2,0,0,0,1,0,0,0,0,0,
activateCoopRaceBots,,,6331,6331,1015b8761029c84b97347369221a7f62d6f4aded0d677711ca962479b4e1c194,1,1,0,0,0,0,0,0,0,0,0,coopStreetRoutePoint
deactivateCoopRaceBots,,,6332,6332,8f4940ea5f2e7ea9094c4a71e50a3cc1c46dad6f83501017bf5e345f62bf8e8a,0,0,0,0,0,1,0,0,0,0,0,
updateCoopRaceVisuals,,,6333,6334,7203f1cfaa95165b523634ea8c76cae08a195535bc7a9dc7a7104e96015e6e67,5,5,1,0,0,1,0,0,1,0,1,activeCoopMission | activeCoopRecord | coopStreetRoutePoint | worldLayoutPoint
updateCoopRaceProgress,,,6335,6354,8fcba23fa72ee77588912e50658b35cfaee61734bf6cd19b5bbf7b071c2d53a0,28,22,8,0,0,0,0,2,6,0,2,activeCoopMission | activeCoopRecord | completeCoopMissionLocal | coopCurrentTarget | coopHasEvent | coopMissionTemplate | coopProgress | coopRaceTargetReached | coopSetWaypoint | coopUid | toast | worldLayoutPoint
removeCoopCampfire,,,6355,6355,04513fb0a6ffc94b4942d4a3e3a4f6173a635bf17ad9ddf23416732dde6b0510,1,2,0,0,0,0,0,0,1,0,3,activeCoopMission
resolveCoopMissionScene,,,6356,6356,9177d4b6cb0cfac5e4abf321af5c598eb18ec1123b2837c0982aa46e19d5239b,6,7,3,0,0,2,0,0,0,0,5,activeCoopMission | activeCoopRecord | extinguishFireIncident | releaseIncidentActorStates | resolveTrafficIncident | serviceVehiclePools
resetCoopMissionNpcs,,,6357,6357,7732bae77f296ad8490e2c2426c53216ed131e24dbecbc68d254f0f765e47286,1,3,0,0,0,1,0,0,0,0,7,activeCoopMission
completeCoopMissionLocal,,,6358,6361,309b69c4b306cffdec7db54199c1954f7718b9b63d52620bad98267297820fad,33,8,0,0,0,0,0,0,5,0,2,activeCoopMission | activeCoopRecord | addCoins | addReputation | addXP | applyAvatarCustomization | awardMedal | closeModal | confirmModal | coopMissionTemplate | coopParticipants | coopUid | deactivateCoopRaceBots | releaseMissionServiceVehicle | removeCoopCampfire | resetCoopMissionNpcs | resolveCoopMissionScene | saveState | toast | updateMissionHUD | updateNavigation | updateWaypointMarker
openCoopLobby,,,6362,6371,d8b31301e10e80ca9c50a22cba3187ed64c4134d9e1f5e30c06b24d8b40e7c98,21,2,0,0,0,0,0,0,2,0,26,activeCoopMission | activeCoopRecord | bindCoopActionButton | closeModal | coopCurrentTarget | coopMissionBriefingMarkup | coopMissionTemplate | coopParticipants | coopRoleCapacity | coopRoleLabel | coopRoleTaken | coopSetWaypoint | coopUid | openCoopMissionCenter | openModal
openCoopMissionCenter,,,6372,6383,2e6a63e6539e8d360bc69a4f582ef22618f7156acfa14400216dac3036115612,15,1,0,0,0,0,0,0,2,0,9,activeCoopMission | bindCoopActionButton | closeModal | coopCurrentTarget | coopMissionBriefingMarkup | coopMissionTemplate | coopParticipants | coopSetWaypoint | coopUid | ensureCooperativeState | openCoopLobby | openModal
createCoopOvalTrackWorld,,,6384,6397,0ab5e78b60d7eab799fef379f69cc87592a7dfc135e503f369a337c2d45e77b9,2,1,0,0,0,0,0,0,1,0,0,createSportsComplexV704
createCooperativeMissionWorld,,,6398,6407,73a8f43583f49713b01423bb09bb27b2f636426ba081ba6cef55cf8e1f3c1e26,16,6,1,0,0,1,0,0,1,0,5,activeCoopMission | activeCoopRecord | completeCoopMissionLocal | coopCurrentTarget | createCoopOvalTrackWorld | createNPC | ensureCooperativeState | prepareCoopMissionRuntime | registerInteractable | toast | updateMissionHUD | worldLayoutPoint
updateCoopMissions,,,6408,6418,9e966d12eb5f7f86873ac8e4858ffda08d524019cf94f2221f60fa9eb72aac89,27,15,0,0,0,0,0,2,5,0,10,activeCoopMission | activeCoopRecord | completeCoopMissionLocal | coopHasEvent | coopMedicalDestination | coopMissionProgressLabel | coopProgress | coopServiceKind | deactivateCoopRaceBots | isDrivingServiceVehicle | prepareCoopMissionRuntime | releaseMissionServiceVehicle | removeCoopCampfire | resetCoopMissionNpcs | resolveCoopMissionScene | saveState | toast | updateCoopFishingProgress | updateCoopRaceProgress | updateCoopSchoolFollowers | updateMissionHUD | updateWaypointMarker
ensureOtthiWorldState,,,6419,6421,9c366ff9e52335eedc7451734c42d7d47c7608c9f4cc8815f3e912a310a656f1,0,0,0,0,0,0,0,0,0,0,4,
updateCoopVisuals,,,6422,6429,196b877ee9c4eaee65e34b8cd041ae82a481c35e84e04cec253faf055cdb345e,2,0,0,0,0,0,0,0,1,0,24,normalizeAvatarV2 | updateCoopRaceVisuals
worldPbrPath,,,6430,6430,c7a3dd0b5df5a4f82eb6cac9dd8e0a97a57b355eb4c7baac68c50afd626f8116,0,0,0,0,0,0,0,0,1,0,0,
configureWorldTexture,,,6431,6440,7807edf7bfc3e8cc87c7eb0e8587285747f2f8e3b57345a35b3e7f95b34ffd1a,0,3,1,0,0,0,0,0,2,0,2,
loadWorldTexture,,,6441,6450,bd3b126fa0f5909bcbb56a360f91dfd2cff0b57ce28a7906cb07aeeb3885a6a4,6,1,0,0,0,0,0,0,2,0,1,configureWorldTexture | registerVisualAsset | updateVisualAsset | worldPbrPath
ensureUv2,,,6451,6454,4604b431c2bc8924e4b9e13504485c9bfee505b7175f558363e22bb47290dfbd,0,1,0,0,0,0,0,0,2,0,3,
applyPbrPack,,,6455,6466,34f91b8c59dae0d5bd728f964ac695e98b633d29b2e743b4ce1b9ccf540b8825,5,4,0,0,0,0,0,0,2,0,5,loadWorldTexture
upgradeCoreMaterialsToWorldPbr,,,6467,6475,fa3d8642cf64f4d30efd0ad604516919162b5fd0eae1c89294236c215b6a3beb,2,3,0,0,0,1,0,0,2,0,1,applyPbrPack
improveSceneMeshMaterials,,,6476,6486,3f85e65e75afc9a7d24f25b77b0db70238867373f045f208d92199047869968e,3,4,0,0,0,1,0,0,3,0,6,configureWorldTexture | ensureUv2 | qualityTier
otthiWorldStageMarkup,,,6487,6489,466892bd0b7b08b5cbc924a2d809e9bbcea9b40211efc5aa235ecb4897ce9063,0,0,0,0,0,0,0,0,1,0,0,
openOtthiWorldCenter,,,6490,6493,10888186ef7fd8eeba75d8e5e17a220468872f76d9a5c9289a56bcfc03424d59,2,0,0,0,0,0,0,0,1,0,0,ensureOtthiWorldState | openAvatarStudio
injectOtthiWorldButtons,,,6494,6498,b67632d9eca29390874fb26a90c2b3d4b1c73eb904280ef8be19b9666673c1a8,0,0,0,0,0,0,0,0,1,0,2,
applyOtthiWorldRuntimeSettings,,,6499,6504,ff87e24e5995a78e8045722f6d20dea33256c6df11fc5e4444e3bb5c593112a9,1,3,0,0,0,0,0,0,0,0,5,qualityTier
otthiWorldDiagnostics,,,6505,6517,1ec9f6c504b3adeb7524582980ea1f51acbfc0015814f9ae52c3f13e31ada312,0,0,0,0,0,0,0,0,1,0,2,
worldAvatarSafeChoice,,,6518,6520,e4776af9a3f189a647b1c1f307a16ff7a6faaa1f6697171e1968566099662b42,0,0,0,0,0,0,0,0,1,0,2,
disposeWorldAvatarObject,,,6521,6523,bb029e1427137513f54ffb3297d13785d04e6a85699ae8d7d017a708d3f6a7b3,0,2,0,0,0,1,0,0,0,0,8,
clearWorldAvatarV3,,,6524,6528,2f85b595858f905d8efbfc2fe93bf8efa0335881c08ea2ad47f898380949846a,1,1,0,0,0,1,0,0,0,0,3,disposeWorldAvatarObject
worldAvatarMaterial,,,6529,6531,112ac54c10b05757103f6bbe8ce4ac274e4c1b03997b00c764bd822a59916a85,0,0,0,0,0,0,0,0,1,0,10,
worldAvatarLayer,,,6532,6534,98f564ef2a865ce3706fdd9ac2534c9085d0761a37bc3d5c407f580da5a42da6,0,0,0,0,0,0,0,0,1,0,1,
avatarV3Box,,,6535,6535,d5d1c44d1c69c241a44646cd9301438a70c84dee8adf742a6fef807ec0d7b78b,1,1,0,0,0,0,0,0,1,0,1,addVoxelOutline
avatarV3Sphere,,,6536,6536,88576ddf52c1d32634d4cfffad912950dd338c546d3d5af93459364f7af7dfcf,0,0,0,0,0,0,0,0,1,0,0,
avatarPatternColor,,,6537,6537,760d664d0e32035f0f4cf56d2308e15e59d49b1c3ed4e7c32c4eff428d999138,0,0,0,0,0,0,0,0,1,0,3,
applyWorldAvatarV3,,,6538,6594,774f8030a2588e0383eebe60b0e6ae99dbee210550f6dbc4ffb9519c0e068411,130,26,15,0,0,4,0,0,2,0,6,avatarPatternColor | avatarV3Box | avatarV3Sphere | clearWorldAvatarV3 | ensureOtthiWorldState | worldAvatarLayer | worldAvatarMaterial | worldAvatarSafeChoice
worldAvatarOptions,,,6595,6603,3d72b93de9bca5573fae58b965e8160aae43d8477161cdcac88e37cdfe041d68,7,0,0,0,0,0,0,0,1,0,1,applyWorldAvatarV3 | avatarChoiceGroup | ensureOtthiWorldState | openModal | playerDisplayName
otthiSeededRandom,,,6604,6605,5f5b0206860fd82fe3b660ca8835e7d31cd40a66ec4bb656f7459bd39507a5d2,2,0,0,0,0,0,0,0,2,0,0,applyAvatarCustomization | worldAvatarSafeChoice
worldDetailAllowed,,,6606,6618,117f1e93c3270bd483879aefcb8976cd60fbe647e1632ddf7eef8ee8148c8ccf,11,4,0,0,0,0,0,0,5,0,3,applyAvatarCustomization | closeModal | normalizeAvatarV2 | safeAvatarColor | saveState | setFlag | toast | updateAvatarV2LegacyChoice | waterAt
createWorldInstancedDetails,,,6619,6628,656349ca1a13456371ccf9bcb22e0272b24227eef32c2dc086f6a73e583d68f3,7,3,0,0,0,0,2,0,2,0,5,loadWorldTexture | otthiSeededRandom | qualityTier | worldDetailAllowed
createWorldMushroomCluster,,,6629,6633,de42b46d01d0b959c50c393c01757780db4888339366d1fbdf26aa917e09f06e,5,0,0,0,0,0,0,0,1,0,0,groundHeightAt | loadWorldTexture | worldAvatarMaterial
enhanceWorldHouses,,,6634,6644,a2dc1150e7c79136209d809fb982725fb47dd9a49bb9b533575073146a03710d,10,2,0,0,0,4,0,0,2,0,3,premiumBox | renderMat | shadeColor
createWorldAtmosphericDetails,,,6645,6650,bb31cf7aefa3bb8ef409c729aa04eba7fea06be6de52115fe9852e246a65808f,5,1,0,0,0,1,0,0,2,0,2,loadWorldTexture | otthiSeededRandom | qualityTier
createWorldLandmarks,,,6651,6656,03898fbe9109b01d9425912685f573f6cc4dd910546c916bc74496b1e6c20b8d,5,1,0,0,0,1,0,0,2,0,1,createWorldMushroomCluster | premiumBox | signTexture
createOtthiWorldProfessionalLayer,,,6657,6661,2593114da2eda8949fb205ff1b8581b394481f8be82c70409737c7b4e21abc1a,8,2,0,0,0,0,0,0,2,0,0,applyOtthiWorldRuntimeSettings | createWorldAtmosphericDetails | createWorldInstancedDetails | createWorldLandmarks | enhanceWorldHouses | ensureOtthiWorldState | improveSceneMeshMaterials | upgradeCoreMaterialsToWorldPbr
updateOtthiWorldEnvironment,,,6662,6698,4f62923d3c783417c0741a1c9b4240c1a70a339d4084117181e783ec6564a5ef,1,17,9,0,0,4,0,0,7,0,5,sharedBoxGeometry
registerWorldBuildRecord,,,6699,6733,342fa9c361dc86e38bf5e8fa4a35d249d1a871b864bc7b08072a7c6657c39a2f,47,14,9,0,0,7,0,0,5,0,1,addGlow | buildRecordSignature | ensureUv2 | groundHeightAt | loadWorldTexture | normalizeBuildRecord | premiumBox | premiumCylinder | registerCollider | registerPlatform | worldAvatarMaterial
defaultWorldVehicleParts,,,6734,6734,1c3dc7328b3f74c8682f6dc34888e53fd4627a5215b4c006704e54664309aaac,0,0,0,0,0,0,0,0,1,0,0,
worldVehicleParts,,,6735,6739,133c063e2c8d2da3615ad5f862ae3c5c5ffa972033d76b867edcc9c241e8bafb,3,0,0,0,0,0,0,0,1,0,2,defaultWorldVehicleParts | ensureOtthiWorldState
removeWorldVehicleModules,,,6740,6740,2deee7b35b98de5b3dbff90753a39cf67a917077dd299e1c0be06a5e2865b595,1,2,0,0,0,0,0,0,0,0,3,disposeWorldAvatarObject
worldVehicleModuleMaterial,,,6741,6741,4f0ba87e8c070b7896246090daabd6348c6894c0266dd96285c39360b175d231,3,0,0,0,0,0,0,0,1,0,0,loadWorldTexture
applyWorldVehicleModulesToGroup,,,6742,6764,76229bc17467743addaf885adbf682b57a7a22072cdf4023b7e708b84626b4ce,12,15,9,0,0,9,0,0,4,0,12,addVoxelOutline | loadWorldTexture | removeWorldVehicleModules | worldVehicleModuleMaterial | worldVehicleParts
worldVehicleMapLocations,,,6765,6781,405c6d61cf19ad5efe98ab643980e96ada19e9361e8c688d69e0ab8bb9dc8a9b,6,9,0,0,0,6,0,0,5,0,41,applyWorldVehicleModulesToGroup | currentVehicleRef | saveState | toast
vehicleCatalogOptions,,,6782,6782,dc6330c44187bad11e7911b2a6e55151f39835b13527276d23841a273ab32c91,0,0,0,0,0,0,0,0,1,0,4,
worldHeroState,,,6783,6783,29d7e987b0fc24479896a1c4ce00a2c540b93bf2c50c4ee211a07deb45eaded0,1,0,0,0,0,0,0,0,1,0,0,ensureOtthiWorldState
openWorldModularGarage,,,6784,6784,010b5754b83b7e7134b95066ee828bfca010269088375eb7dec29d8ef351446f,0,0,0,0,0,0,0,0,0,0,0,
heroPowerUnlocked,,,6785,6786,636a3b1fb71c460aaa236241ee73645220f271fa9bf5b0ebb392d716e3e2da1a,4,0,0,0,0,0,0,0,1,0,3,ensureOtthiWorldState | vehicleById | worldHeroState | worldVehicleParts
heroPowerReady,,,6787,6788,c093eef99edf7d688daa80b204ad7ce7f46c36af2e60bedd78395c5e130dfaf2,5,0,0,0,0,0,0,0,1,0,2,escapeHtml | openModal | vehicleCatalogOptions | worldHeroState
createHeroPulseVisual,,,6789,6794,f9377823cd4e13dddd1c4f2f4f1ad81fa94a25a05ce8303649405672fc18aa64,8,6,1,0,0,0,0,0,1,0,3,applyWorldVehicleModulesToGroup | openWorldModularGarage | safeAvatarColor | worldVehicleParts
activateWorldHeroPower,,,6795,6803,5516d2ead1ad17fd9485ea0ca1647f4beaac1a781d678e472f84e9cdc6c6479e,21,9,0,0,0,1,0,0,4,0,2,applyWorldVehicleModulesToGroup | beep | closeModal | createHeroPulseVisual | damageEnemy | heroPowerReady | heroPowerUnlocked | openWorldModularGarage | repairVehicleV704 | saveState | syncCloudProgress | toast | worldHeroState
createWorldModularGarageInteractable,,,6804,6817,5d7d77dd1294f5c70d063a79fb71c357712ebce5377e0ff21b6b82aa2f4c3e4b,14,7,4,0,0,3,0,0,2,0,4,beep | collectCrystal | createHeroPulseVisual | damageEnemy | saveState | spawnDust | toast | updateWorldHeroHud | vibrate
worldHeroPowerCards,,,6818,6818,9d6412556f69c0bd40975507d6d554fc1ff2aa1768513d859c052e21b8394119,2,0,0,0,0,0,0,0,2,0,4,heroPowerUnlocked | worldHeroState
openWorldHeroCenter,,,6819,6826,227fc4b73ba306088842154517f9aafaeb31e8e1ba18332caac47116b196a14a,9,0,0,0,0,0,0,0,0,0,1,activateWorldHeroPower | closeModal | openModal | saveState | startWorldHeroChallenge | updateWorldHeroHud | worldHeroPowerCards | worldHeroState
createHeroPlatform,,,6827,6827,3725e28732beabc9d58efa6625089b6dddbfd9ee6c6c8064cbfbb0a91658d549,3,0,0,0,0,0,0,0,1,0,0,premiumBox | registerPlatform
createHeroToken,,,6828,6828,c16075624c4675a3f7695a73135df57c0396551ec6939c8f8fec2ff3488c058f,2,0,0,0,0,0,0,0,1,0,2,loadWorldTexture
createWorldHeroAdventure,,,6829,6836,2aa1ff456cbc00e4336d4d8249f30ff1f8fe16cf5fd0c44a6f81a1b12fa5f495,7,1,0,0,0,2,0,0,2,0,2,addGlow | createHeroPlatform | createHeroToken | premiumBox | registerInteractable | signTexture
resetWorldHeroTokens,,,6837,6837,cd81ddd49d76e3264569694c03b5ee261675a8fe6e47d560619cfc8e9c0522ca,0,1,0,0,0,1,0,0,1,0,1,
startWorldHeroChallenge,,,6838,6840,251f4305cd85368e67435e0dc881bbc4e039cd63f876a022e22313397f92bb4e,8,4,0,0,0,0,0,0,2,0,1,exitBoat | exitHouse | exitVehicle | resetWorldHeroTokens | toast | updateWaypointMarker | worldHeroState
completeWorldHeroChallenge,,,6841,6841,344f805fc002dae885fa3bdc0bdf6637d027dfc09692833f84dc36fa496a1d64,10,2,0,0,0,1,0,0,1,0,3,addCoins | addXP | awardMedal | saveState | setFlag | syncCloudProgress | toast | updateWaypointMarker | updateWorldHeroHud | worldHeroState
updateWorldHeroAdventure,,,6842,6848,60acd59a090273c60a6e5d5400846180640583ca2f222be004c068ec7336e768,8,5,0,0,0,1,0,0,0,0,3,addXP | beep | completeWorldHeroChallenge | groundHeightAt | toast | updateWorldHeroHud | worldHeroState
ensureWorldHeroHud,,,6849,6851,e763bf46c7144861c9fa17c6387cd410462d8349490464cf5bcf2bbcf3782ead,1,1,0,0,0,0,0,0,1,0,1,activateWorldHeroPower
updateWorldHeroHud,,,6852,6861,4ddf639220b1e5e5b459e65f6ab70f7020ba832d5921d17790c0f8de9eac3868,11,3,0,0,0,0,0,1,3,0,2,applyOtthiWorldRuntimeSettings | applyWorldAvatarV3 | createOtthiWorldProfessionalLayer | createWorldHeroAdventure | createWorldModularGarageInteractable | ensureOtthiWorldState | ensureWorldHeroHud | otthiWorldDiagnostics | toast | upgradeCoreMaterialsToWorldPbr | worldHeroState
bootstrapOtthiWorldShell,,,6862,6879,ae15bdd56c7acbb4ea3cdb57f53acc048a62fb6f52a184e54815a982e572d340,14,3,0,0,0,0,0,1,1,0,2,activateWorldHeroPower | applyAvatarCustomization | applyWorldAvatarV3 | applyWorldVehicleModulesToGroup | createOtthiWorldProfessionalLayer | ensureOtthiWorldState | ensureWorldHeroHud | injectOtthiWorldButtons | startWorldHeroChallenge | updateWorldHeroHud | vehicleById
