type,module,sourceLine,snippet
if,00-runtime-foundation.js,22,"const lerpAngle = (a, b, t) => { let d=((b-a+Math.PI)%(Math.PI*2))-Math.PI; if(d<-Math.PI)d+=Math.PI*2; return a+d*t; };"
if,00-runtime-foundation.js,25,"const safePointerCapture=(element,pointerId)=>{try{if(element?.setPointerCapture&&Number.isInteger(pointerId))element.setPointerCapture(pointerId);return true;}catch{return false;}};"
catch,00-runtime-foundation.js,25,"const safePointerCapture=(element,pointerId)=>{try{if(element?.setPointerCapture&&Number.isInteger(pointerId))element.setPointerCapture(pointerId);return true;}catch{return false;}};"
if,00-runtime-foundation.js,26,"const safePointerRelease=(element,pointerId)=>{try{if(element?.hasPointerCapture?.(pointerId))element.releasePointerCapture(pointerId);return true;}catch{return false;}};"
catch,00-runtime-foundation.js,26,"const safePointerRelease=(element,pointerId)=>{try{if(element?.hasPointerCapture?.(pointerId))element.releasePointerCapture(pointerId);return true;}catch{return false;}};"
catch,00-runtime-foundation.js,30,const safeLocalGet = key => { try { return window.localStorage?.getItem(key) ?? null; } catch { return null; } };
catch,00-runtime-foundation.js,31,"const safeLocalSet = (key, value) => { try { window.localStorage?.setItem(key, value); return true; } catch { return false; } };"
catch,00-runtime-foundation.js,32,const safeLocalRemove = key => { try { window.localStorage?.removeItem(key); return true; } catch { return false; } };
if,00a-visual-foundation-avatar-v2.js,163,"if(!Object.prototype.hasOwnProperty.call(OTTHI_AVATAR_LEGACY_CHOICES,type))return current;"
if,00a-visual-foundation-avatar-v2.js,167,if(type==='outfit')next.torso=`legacy-outfit-${selected}`;
if,00a-visual-foundation-avatar-v2.js,168,if(type==='accessory')next.back=selected==='backpack'?'legacy-backpack':'none';
if,00a-visual-foundation-avatar-v2.js,194,if(!key)return null;
for,00a-visual-foundation-avatar-v2.js,207,for(const record of records){
if,00a-visual-foundation-avatar-v2.js,218,if(!highObject)return null;
if,00a-visual-foundation-avatar-v2.js,220,if(!Three?.LOD||!lowObject){
for,00a-visual-foundation-avatar-v2.js,241,for(const record of visualFoundation.lods){
if,00a-visual-foundation-avatar-v2.js,243,"if(level)level.distance=Math.max(8,record.baseDistance*profile.lodDistanceScale);"
if,00a-visual-foundation-avatar-v2.js,248,if(!activeCamera)return;
for,00a-visual-foundation-avatar-v2.js,249,for(const record of visualFoundation.lods){
catch,00a-visual-foundation-avatar-v2.js,253,}catch(error){
while,00a-visual-foundation-avatar-v2.js,260,while(owner){
if,00a-visual-foundation-avatar-v2.js,261,if(owner===playerGroup||owner===playerModel||owner===vehicleVisual||owner.userData?.alwaysOutline===true)return true;
if,00a-visual-foundation-avatar-v2.js,267,if(!world?.outlines||!camera)return;
for,00a-visual-foundation-avatar-v2.js,271,for(const line of world.outlines){
if,00a-visual-foundation-avatar-v2.js,272,if(!line?.parent)continue;
if,00a-visual-foundation-avatar-v2.js,274,if(keep){
if,00a-visual-foundation-avatar-v2.js,282,if(show)visible++;else hidden++;
else,00a-visual-foundation-avatar-v2.js,282,if(show)visible++;else hidden++;
for,00a-visual-foundation-avatar-v2.js,289,for(const record of visualFoundation.lods){
if,00a-visual-foundation-avatar-v2.js,290,if(record.currentLevel>0)lodLevels.far++;else lodLevels.near++;
else,00a-visual-foundation-avatar-v2.js,290,if(record.currentLevel>0)lodLevels.far++;else lodLevels.near++;
if,00a-visual-foundation-avatar-v2.js,315,if(!root||!bodyRoot||!parts)return null;
if,00a-visual-foundation-avatar-v2.js,318,if(parts.body)parts.body.name='TORSO';
if,00a-visual-foundation-avatar-v2.js,319,if(parts.head)parts.head.name='HEAD';
if,00a-visual-foundation-avatar-v2.js,320,if(parts.leftArm)parts.leftArm.name='ARM_LEFT';
if,00a-visual-foundation-avatar-v2.js,321,if(parts.rightArm)parts.rightArm.name='ARM_RIGHT';
if,00a-visual-foundation-avatar-v2.js,322,if(parts.leftLeg)parts.leftLeg.name='LEG_LEFT';
if,00a-visual-foundation-avatar-v2.js,323,if(parts.rightLeg)parts.rightLeg.name='LEG_RIGHT';
for,01-build-persistence.js,372,"for(let i=0;i<source.length;i++){hash^=source.charCodeAt(i);hash=Math.imul(hash,16777619);}"
if,01-build-persistence.js,376,if(!item||typeof item!=='object')return null;
if,01-build-persistence.js,378,if(!type||!Number.isFinite(x)||!Number.isFinite(z))return null;
if,01-build-persistence.js,385,"const record=normalizeBuildRecord(item,index);if(!record)return;"
if,01-build-persistence.js,387,"if(!previous||Number(record.updatedAt||record.createdAt||0)>=Number(previous.updatedAt||previous.createdAt||0))byId.set(record.id,record);"
if,01-build-persistence.js,394,if(!item)return;const id=String(typeof item==='string'?item:item.id||'').trim();if(!id)return;
if,01-build-persistence.js,396,"const previous=byId.get(id);if(!previous||removedAt>=previous.removedAt)byId.set(id,{id,removedAt});"
if,01-build-persistence.js,411,"if(!item||typeof item!=='object')return;const id=String(item.id||`entity-${index}-${Number(item.createdAt||0)}`),stamp=Number(item.updatedAt||item.createdAt||0),previous=byId.get(id);"
if,01-build-persistence.js,412,"if(!previous||stamp>=Number(previous.updatedAt||previous.createdAt||0))byId.set(id,{...item,id});"
if,02-state-save-cloud-account.js,494,if (oldFriendship.otto !== undefined && oldFriendship.nino === undefined) friendship.nino = oldFriendship.otto;
if,02-state-save-cloud-account.js,497,if (flags.talkedOtto && !flags.talkedNeighbor) flags.talkedNeighbor = true;
if,02-state-save-cloud-account.js,555,if (!raw) {
for,02-state-save-cloud-account.js,556,for (const key of LEGACY_STORAGE_KEYS) {
if,02-state-save-cloud-account.js,558,if (raw) break;
if,02-state-save-cloud-account.js,561,if (!raw) return fresh;
catch,02-state-save-cloud-account.js,564,} catch (error) {
if,02-state-save-cloud-account.js,571,if(state.career?.activeJob){const legacyJob=state.career.activeJob;legacyJob.instanceId=legacyJob.instanceId||`legacy-${legacyJob.id||'job'}-${Number(legacyJob.startedAt||Date.now())}`;legacyJob.missionState=legacyJob.missionState||'TRAVELLING';legacyJob.rewardClaimed=!!legacyJob.rewardClaimed;legacyJob.previousUniform=legacyJob.previousUniform||'none';legacyJob.previousPackage=Number(legacyJob.previousPackage||0);}
if,02-state-save-cloud-account.js,573,if(accountSession){
if,02-state-save-cloud-account.js,576,if(!state.profile.nameConfirmed){
if,02-state-save-cloud-account.js,578,if(legacyName&&legacyName.toLowerCase()!=='otthos'){state.profile.name=legacyName;state.profile.nameConfirmed=true;}
else,02-state-save-cloud-account.js,579,else{state.profile.name='';state.profile.nameConfirmed=false;}
if,02-state-save-cloud-account.js,583,if (window.OTTHOS_DB) {
if,02-state-save-cloud-account.js,585,if (saved && saved.profile) {
if,02-state-save-cloud-account.js,587,"if(accountSession)state.account={...(state.account||{}),linked:true,accountId:accountSession.accountId,username:accountSession.username||state.account?.username||''};"
else,02-state-save-cloud-account.js,589,} else {
catch,02-state-save-cloud-account.js,590,window.OTTHOS_DB.save(state).catch(console.warn);
catch,02-state-save-cloud-account.js,595,"}).catch(error => { console.warn('IndexedDB indisponível; usando armazenamento local.', error); return state; });"
catch,02-state-save-cloud-account.js,596,window.OTTHOS_DB.requestPersistentStorage().catch(() => false);
catch,02-state-save-cloud-account.js,608,? lastSavePromise.catch(()=>true).then(()=>window.OTTHOS_DB.save(snapshot)).catch(error => {
if,02-state-save-cloud-account.js,620,if (immediate) return commitState();
if,02-state-save-cloud-account.js,635,if(!hasValidPlayerName())return false;
if,02-state-save-cloud-account.js,639,if(!remote||typeof remote!=='object')return false;
if,02-state-save-cloud-account.js,641,if(remoteSaved<=localSaved+2500){syncCloudProgress(true);return false;}
if,02-state-save-cloud-account.js,656,"safeLocalSet(STORAGE_KEY,JSON.stringify(state));window.OTTHOS_DB?.save?.(state).catch(()=>{});if(worldGroup&&world?.builds)reconcileWorldBuilds();updatePlayerNameUI();updateHUD();updateLobbyStats();toast('Progresso recuperado do Firebase sem apagar construções locais.','good',2300);return true;"
catch,02-state-save-cloud-account.js,656,"safeLocalSet(STORAGE_KEY,JSON.stringify(state));window.OTTHOS_DB?.save?.(state).catch(()=>{});if(worldGroup&&world?.builds)reconcileWorldBuilds();updatePlayerNameUI();updateHUD();updateLobbyStats();toast('Progresso recuperado do Firebase sem apagar construções locais.','good',2300);return true;"
if,02-state-save-cloud-account.js,664,if(window.OTTHOS_RTDB)return window.OTTHOS_RTDB;
if,02-state-save-cloud-account.js,667,"const finish=value=>{if(done)return;done=true;clearTimeout(timer);window.removeEventListener('otthos:rtdb-ready',ready);resolve(value);};"
if,02-state-save-cloud-account.js,674,"if(!backend?.configured)return{ok:false,error:'A nuvem do jogo ainda não está configurada.'};"
if,02-state-save-cloud-account.js,675,"if(backend.connected?.())return{ok:true,backend};"
if,02-state-save-cloud-account.js,681,if(!accountLinked()||accountSyncing)return false;
if,02-state-save-cloud-account.js,683,if(!accountLinked()||accountSyncing)return false;
if,02-state-save-cloud-account.js,684,const connection=await ensureAccountConnection();if(!connection.ok)return false;
if,02-state-save-cloud-account.js,686,if(!cloudAccount||cloudAccount.anonymous||cloudAccount.username!==accountSession.username)return false;
if,02-state-save-cloud-account.js,693,if(result?.ok)state.account.lastCloudSync=Date.now();
catch,02-state-save-cloud-account.js,695,"}catch(error){console.warn('Conta do jogo:',error);return false}"
if,02-state-save-cloud-account.js,698,if(force)return run();
if,02-state-save-cloud-account.js,702,if(!window.OTTHOS_ACCOUNT)throw new Error('Proteção de conta indisponível neste navegador.');
if,02-state-save-cloud-account.js,703,const cleanName=sanitizePlayerName(displayName);if(cleanName.length<3)throw new Error('Escolha um nome de jogador com pelo menos 3 caracteres.');
if,02-state-save-cloud-account.js,705,if(!connection.ok)throw new Error(connection.error);
if,02-state-save-cloud-account.js,707,if(!authResult?.ok)throw new Error(authResult?.error||'Não foi possível criar a conta protegida.');
if,02-state-save-cloud-account.js,710,"await commitState();const saved=await syncGameAccount(true);if(!saved)throw new Error('A conta foi criada, mas a primeira cópia online não terminou. Tente sincronizar novamente.');"
if,02-state-save-cloud-account.js,714,if(!window.OTTHOS_ACCOUNT)throw new Error('Proteção de conta indisponível neste navegador.');
if,02-state-save-cloud-account.js,719,if(!connection.ok)throw new Error(connection.error);
if,02-state-save-cloud-account.js,721,if(!authResult?.ok)throw new Error(authResult?.error||'Nome ou senha incorretos.');
if,02-state-save-cloud-account.js,723,if(!result?.ok)throw new Error(result?.error||'Não foi possível consultar a conta.');
if,02-state-save-cloud-account.js,724,"if(!result.exists)throw new Error('A conta existe, mas ainda não possui uma cópia de progresso. Entre no aparelho onde ela foi criada e toque em “Sincronizar agora”.');"
if,02-state-save-cloud-account.js,737,"const result=await window.OTTHOS_RTDB?.signOutPlayerAccount?.(password);if(!result?.ok)return result||{ok:false,error:'Não foi possível confirmar a saída.'};"
if,02-state-save-cloud-account.js,746,"submit.onclick=async()=>{error.hidden=true;const pass=password.value;if(creating&&pass!==$('[data-account-confirm]',root).value){showError('As duas senhas precisam ser iguais.');return;}submit.disabled=true;submit.textContent=creating?'Criando conta...':'Recuperando...';try{if(creating)await createGameAccount($('[data-account-display]',root).value,user.value,pass);else await loginGameAccount(user.value,pass);closeModal();toast(creating?'Conta criada e progresso protegido.':'Progresso recuperado "
else,02-state-save-cloud-account.js,746,"submit.onclick=async()=>{error.hidden=true;const pass=password.value;if(creating&&pass!==$('[data-account-confirm]',root).value){showError('As duas senhas precisam ser iguais.');return;}submit.disabled=true;submit.textContent=creating?'Criando conta...':'Recuperando...';try{if(creating)await createGameAccount($('[data-account-display]',root).value,user.value,pass);else await loginGameAccount(user.value,pass);closeModal();toast(creating?'Conta criada e progresso protegido.':'Progresso recuperado "
catch,02-state-save-cloud-account.js,746,"submit.onclick=async()=>{error.hidden=true;const pass=password.value;if(creating&&pass!==$('[data-account-confirm]',root).value){showError('As duas senhas precisam ser iguais.');return;}submit.disabled=true;submit.textContent=creating?'Criando conta...':'Recuperando...';try{if(creating)await createGameAccount($('[data-account-display]',root).value,user.value,pass);else await loginGameAccount(user.value,pass);closeModal();toast(creating?'Conta criada e progresso protegido.':'Progresso recuperado "
if,02-state-save-cloud-account.js,756,"$('[data-account-offline]',root)?.addEventListener('click',()=>openPlayerNameModal(true,()=>{state.flags.accountPromptedV635=true;saveState(true);if(typeof onReady==='function')onReady();}));"
if,02-state-save-cloud-account.js,762,"const submit=async()=>{error.hidden=true;button.disabled=true;button.textContent='Confirmando...';const result=await unlinkGameAccount(input.value);if(!result?.ok){error.textContent=result?.error||'Senha incorreta.';error.hidden=false;button.disabled=false;button.textContent='Sair desta conta';input.select();return;}closeModal();toast('Conta desconectada. As restrições de segurança foram preservadas.','good',2800);};"
if,02-state-save-cloud-account.js,763,"button.onclick=submit;$('[data-account-logout-back]',root).onclick=()=>openAccountCenter(required,onReady);input.onkeydown=e=>{if(e.key==='Enter'){e.preventDefault();submit();}};setTimeout(()=>input.focus(),80);"
if,03-ui-modal-install-pwa.js,761,if (nextLevel > state.profile.level) {
if,03-ui-modal-install-pwa.js,778,if (state.medals.includes(name)) return;
if,03-ui-modal-install-pwa.js,784,if (state.flags[flag] === value) return;
if,03-ui-modal-install-pwa.js,802,if (state.settings.vibration && navigator.vibrate) navigator.vibrate(pattern);
if,03-ui-modal-install-pwa.js,805,if (!state.settings.sound) return;
if,03-ui-modal-install-pwa.js,808,if (!Ctx) return;
catch,03-ui-modal-install-pwa.js,816,} catch {}
if,03-ui-modal-install-pwa.js,821,if (els.quickBar) els.quickBar.hidden = true;
if,03-ui-modal-install-pwa.js,825,if (typeof player !== 'undefined' && player.vehicle) player.car.speed *= .7;
if,03-ui-modal-install-pwa.js,831,if (onReady) onReady(els.modalBody);
if,03-ui-modal-install-pwa.js,836,if (typeof fishingSession !== 'undefined' && fishingSession) cancelFishingSession();
if,03-ui-modal-install-pwa.js,837,else if (typeof fishingVisual !== 'undefined' && fishingVisual?.active) stopFishingVisual();
else,03-ui-modal-install-pwa.js,837,else if (typeof fishingVisual !== 'undefined' && fishingVisual?.active) stopFishingVisual();
if,03-ui-modal-install-pwa.js,846,if (resumePausedGame) {
if,03-ui-modal-install-pwa.js,849,if (running && player.vehicle) startEngineSound();
if,03-ui-modal-install-pwa.js,861,"els.modal.addEventListener('pointerdown', e => { if (e.target === els.modal) closeModal(); });"
if,03-ui-modal-install-pwa.js,871,if (els.installBtn) {
if,03-ui-modal-install-pwa.js,876,if (els.installHint) {
if,03-ui-modal-install-pwa.js,895,if (isStandalone()) { updateInstallUI(); return; }
if,03-ui-modal-install-pwa.js,896,if (deferredInstallPrompt) {
if,03-ui-modal-install-pwa.js,908,if (els.installBtn) els.installBtn.onclick = installApp;
catch,03-ui-modal-install-pwa.js,920,} catch {
catch,03-ui-modal-install-pwa.js,926,try { await saveState(true); } catch {}
catch,03-ui-modal-install-pwa.js,927,try { await lastSavePromise; } catch {}
if,03-ui-modal-install-pwa.js,931,if (otthiUpdateReloading) return false;
if,03-ui-modal-install-pwa.js,941,if (!isOfficialOtthiGameAddress() || !navigator.onLine || otthiUpdateReloading) return false;
if,03-ui-modal-install-pwa.js,943,if (!force && now - otthiLastUpdateCheck < OTTHI_UPDATE_INTERVAL_MS) return false;
if,03-ui-modal-install-pwa.js,949,if (!response.ok) throw new Error(`HTTP ${response.status}`);
if,03-ui-modal-install-pwa.js,953,if ((remoteBuild && remoteBuild !== OTTHI_GAME_WEB_BUILD)
if,03-ui-modal-install-pwa.js,955,if (!otthiServiceWorkerRegistration) {
catch,03-ui-modal-install-pwa.js,958,await otthiServiceWorkerRegistration?.update?.().catch(() => {});
if,03-ui-modal-install-pwa.js,959,if (otthiServiceWorkerRegistration?.waiting) {
catch,03-ui-modal-install-pwa.js,965,} catch (error) {
if,03-ui-modal-install-pwa.js,972,if (!('serviceWorker' in navigator) || !isOfficialOtthiGameAddress()) return;
if,03-ui-modal-install-pwa.js,976,if (controllerHandled) return;
if,03-ui-modal-install-pwa.js,978,if (hadController) reloadForOtthiUpdate(`sw-${OTTHI_GAME_WEB_BUILD}`);
if,03-ui-modal-install-pwa.js,986,if (registration.waiting) registration.waiting.postMessage({ type:'SKIP_WAITING' });
if,03-ui-modal-install-pwa.js,989,if (!worker) return;
if,03-ui-modal-install-pwa.js,991,if (worker.state === 'installed' && navigator.serviceWorker.controller) {
catch,03-ui-modal-install-pwa.js,996,await registration.update().catch(() => {});
catch,03-ui-modal-install-pwa.js,999,registration.update().catch(() => {});
catch,03-ui-modal-install-pwa.js,1002,} catch (error) {
if,03-ui-modal-install-pwa.js,1007,if ('serviceWorker' in navigator) {
if,03-ui-modal-install-pwa.js,1017,if (!document.hidden) probeOtthiGameUpdate(false);
if,03-ui-modal-install-pwa.js,1020,if (!window.OTTHI_RELEASE_COHERENT) {
if,03-ui-modal-install-pwa.js,1024,} else if (!navigator.onLine) {
else,03-ui-modal-install-pwa.js,1024,} else if (!navigator.onLine) {
if,04-education-daily-quiz.js,1044,"function daysBetween(a,b){if(!a||!b)return 99;return Math.round((new Date(`${b}T12:00:00`)-new Date(`${a}T12:00:00`))/86400000)}"
if,04-education-daily-quiz.js,1045,"function ensureDailyChallenges(){const key=localDateKey();if(state.daily.date===key&&state.daily.quests?.length)return;const gap=daysBetween(state.daily.lastDate,key);state.daily.streak=gap===1?(state.daily.streak||0)+1:gap===0?(state.daily.streak||1):1;let seed=Number(key.replaceAll('-',''));const pool=[...DAILY_QUEST_POOL],picked=[];while(picked.length<3&&pool.length){seed=(seed*9301+49297)%233280;const q=pool.splice(Math.floor(seed/233280*pool.length),1)[0];picked.push({id:q.id,progress:0,tar"
while,04-education-daily-quiz.js,1045,"function ensureDailyChallenges(){const key=localDateKey();if(state.daily.date===key&&state.daily.quests?.length)return;const gap=daysBetween(state.daily.lastDate,key);state.daily.streak=gap===1?(state.daily.streak||0)+1:gap===0?(state.daily.streak||1):1;let seed=Number(key.replaceAll('-',''));const pool=[...DAILY_QUEST_POOL],picked=[];while(picked.length<3&&pool.length){seed=(seed*9301+49297)%233280;const q=pool.splice(Math.floor(seed/233280*pool.length),1)[0];picked.push({id:q.id,progress:0,tar"
if,04-education-daily-quiz.js,1049,"for(const q of state.daily.quests){if(q.id!==type||q.claimed)continue;const before=q.progress;q.progress=clamp((q.progress||0)+amount,0,q.target);if(q.progress!==before){changed=true;if(before<q.target&&q.progress>=q.target)completedNow=true;}}"
for,04-education-daily-quiz.js,1049,"for(const q of state.daily.quests){if(q.id!==type||q.claimed)continue;const before=q.progress;q.progress=clamp((q.progress||0)+amount,0,q.target);if(q.progress!==before){changed=true;if(before<q.target&&q.progress>=q.target)completedNow=true;}}"
if,04-education-daily-quiz.js,1050,if(!changed)return;updateDailyBadge();const now=performance.now();
if,04-education-daily-quiz.js,1051,if(completedNow||!trackDaily.lastSave||now-trackDaily.lastSave>6000){trackDaily.lastSave=now;saveState();}
if,04-education-daily-quiz.js,1053,"function updateDailyBadge(){if(!els.dailyBtn)return;ensureDailyChallenges();const ready=state.daily.quests.filter(q=>!q.claimed&&q.progress>=q.target).length;els.dailyBtn.classList.toggle('reward-ready',ready>0);const span=$('span',els.dailyBtn);if(span)span.textContent=ready?`Prêmio ${ready}`:'Desafios';}"
if,04-education-daily-quiz.js,1054,"function claimDailyQuest(index){const q=state.daily.quests[index],def=dailyDefinition(q?.id);if(!q||!def||q.claimed||q.progress<q.target)return;q.claimed=true;addCoins(q.reward);addXP(q.xp);addReputation(3);beep(980,90);vibrate(30);toast(`Desafio concluído! +${q.reward} moedas`,'good',2200);saveState(true);openDailyChallenges();}"
if,04-education-daily-quiz.js,1073,"if(level===1){const n=1+Math.floor(rand()*9);return{kind:'choice',visual:emoji.repeat(n),prompt:'Quantos objetos aparecem?',answer:String(n),options:choiceSet(String(n),[n-2,n-1,n+1,n+2].filter(x=>x>0).map(String),rand)};}"
if,04-education-daily-quiz.js,1074,"if(level===2){const a=1+Math.floor(rand()*8),b=1+Math.floor(rand()*7),ans=a+b;return{kind:'choice',visual:`${emoji.repeat(a)} + ${emoji.repeat(b)}`,prompt:`Quanto é ${a} + ${b}?`,answer:String(ans),options:choiceSet(String(ans),[ans-2,ans-1,ans+1,ans+2].map(String),rand)};}"
if,04-education-daily-quiz.js,1075,"if(level===3){const a=5+Math.floor(rand()*10),b=1+Math.floor(rand()*Math.min(8,a)),ans=a-b;return{kind:'choice',visual:`${a} − ${b}`,prompt:'Quanto sobrou?',answer:String(ans),options:choiceSet(String(ans),[ans-2,ans-1,ans+1,ans+2].filter(x=>x>=0).map(String),rand)};}"
if,04-education-daily-quiz.js,1076,"if(level===4){const start=1+Math.floor(rand()*5),step=1+Math.floor(rand()*3),seq=[start,start+step,'?',start+step*3],ans=start+step*2;return{kind:'choice',visual:seq.join('  •  '),prompt:'Qual número completa a sequência?',answer:String(ans),options:choiceSet(String(ans),[ans-step,ans+step,ans+2,ans-1].map(String),rand)};}"
if,04-education-daily-quiz.js,1077,"if(level===5){const a=1+Math.floor(rand()*20),b=1+Math.floor(rand()*20),ans=a===b?'=':a>b?'>':'<';return{kind:'choice',visual:`${a}  ?  ${b}`,prompt:'Escolha o sinal correto.',answer:ans,options:['>','<','=']};}"
if,04-education-daily-quiz.js,1082,"if(level===1){const ans=word.pt[0];return{kind:'choice',visual:word.emoji,prompt:`Com qual letra começa ${word.pt}?`,answer:ans,options:choiceSet(ans,['A','B','C','G','L','M','P','S','T'],rand)};}"
if,04-education-daily-quiz.js,1083,"if(level===2){return{kind:'choice',visual:word.emoji,prompt:'Qual é o nome desta imagem?',answer:word.pt,options:choiceSet(word.pt,WORD_BANK.map(w=>w.pt),rand)};}"
if,04-education-daily-quiz.js,1084,"if(level===3){const positions=[...word.pt].map((c,i)=>/[AEIOUÁÉÍÓÚÃÕ]/.test(c)?i:-1).filter(i=>i>=0),pos=positions[Math.floor(rand()*positions.length)]??1,ans=word.pt[pos],masked=[...word.pt];masked[pos]='_';return{kind:'choice',visual:word.emoji,prompt:`Complete: ${masked.join('')}`,answer:ans,options:choiceSet(ans,['A','E','I','O','U'],rand)};}"
if,04-education-daily-quiz.js,1085,"if(level===4){return{kind:'sequence',visual:word.emoji,prompt:'Toque nas sílabas para montar a palavra.',answer:word.syllables.join(''),tokens:shuffled(word.syllables,rand),displayAnswer:word.pt};}"
if,04-education-daily-quiz.js,1086,"if(level===5){const correct=`O ${word.pt.toLowerCase()} aparece na imagem.`;return{kind:'choice',visual:word.emoji,prompt:'Qual frase está escrita corretamente?',answer:correct,options:shuffled([correct,`A ${word.pt.toLowerCase()} aparecem na imagem.`,`Os ${word.pt.toLowerCase()} aparece na imagem.`],rand)};}"
if,04-education-daily-quiz.js,1091,"if(level===1){return{kind:'choice',visual:word.emoji,prompt:'Choose the English word.',answer:word.en,options:choiceSet(word.en,WORD_BANK.map(w=>w.en),rand),speak:word.en};}"
if,04-education-daily-quiz.js,1092,"if(level===2){return{kind:'choice',visual:word.pt,prompt:`Como se diz “${word.pt.toLowerCase()}” em inglês?`,answer:word.en,options:choiceSet(word.en,WORD_BANK.map(w=>w.en),rand),speak:word.en};}"
if,04-education-daily-quiz.js,1093,"if(level===3){return{kind:'choice',visual:'🔊',prompt:'Ouça e escolha a palavra.',answer:word.en,options:choiceSet(word.en,WORD_BANK.map(w=>w.en),rand),speak:word.en,autoSpeak:true};}"
if,04-education-daily-quiz.js,1094,"if(level===4){const pos=Math.floor(rand()*word.en.length),ans=word.en[pos],masked=[...word.en];masked[pos]='_';return{kind:'choice',visual:word.emoji,prompt:`Complete: ${masked.join('')}`,answer:ans,options:choiceSet(ans,'ABCDEFGHIJKLMNOPQRSTUVWXYZ'.split(''),rand),speak:word.en};}"
if,04-education-daily-quiz.js,1095,"if(level===5){const phrases=[['HELLO','Olá'],['THANK YOU','Obrigado'],['GOOD MORNING','Bom dia'],['PLEASE','Por favor'],['GOODBYE','Tchau']],pair=phrases[Math.floor(rand()*phrases.length)];return{kind:'choice',visual:'💬',prompt:`Qual é o significado de “${pair[0]}”?`,answer:pair[1],options:choiceSet(pair[1],phrases.map(p=>p[1]),rand),speak:pair[0]};}"
if,04-education-daily-quiz.js,1101,"function educationSummary(){let done=0,total=0;for(const id of Object.keys(EDUCATION_SUBJECTS))for(let l=1;l<=6;l++){total++;if(subjectLevelRecord(id,l).completed)done++;}return{done,total,pct:Math.round(done/total*100)};}"
for,04-education-daily-quiz.js,1101,"function educationSummary(){let done=0,total=0;for(const id of Object.keys(EDUCATION_SUBJECTS))for(let l=1;l<=6;l++){total++;if(subjectLevelRecord(id,l).completed)done++;}return{done,total,pct:Math.round(done/total*100)};}"
catch,04-education-daily-quiz.js,1102,function speakKidWord(text){try{speechSynthesis.cancel();const u=new SpeechSynthesisUtterance(String(text));u.lang='en-US';u.rate=.78;u.pitch=1.08;speechSynthesis.speak(u);}catch{}}
if,04-education-daily-quiz.js,1112,"root.onclick=e=>{const tabBtn=e.target.closest('[data-edu-tab]'),playBtn=e.target.closest('[data-edu-play]'),startBtn=e.target.closest('[data-academy-start]'),claimBtn=e.target.closest('[data-daily-claim]'),onlineBtn=e.target.closest('[data-open-online]');if(tabBtn){openEducationHub(tabBtn.dataset.eduTab);return;}if(startBtn){startSoloEducationGame(startBtn.dataset.academyStart,1);return;}if(playBtn){startSoloEducationGame(playBtn.dataset.eduPlay,Number(playBtn.dataset.eduLevel));return;}if(clai"
if,04-education-daily-quiz.js,1119,"const complete=()=>{const elapsed=Math.round(performance.now()-started),result={score,total:items.length,elapsed,subject,level};if(onFinish)return onFinish(result);finishSoloEducationGame(result);};"
if,04-education-daily-quiz.js,1120,"const render=()=>{if(step>=items.length||hearts<=0)return complete();const q=items[step],progress=Math.round(step/items.length*100),speak=q.speak?`<button class=""edu-speak"" data-edu-speak>🔊 Ouvir</button>`:'';"
if,04-education-daily-quiz.js,1123,"if(q.autoSpeak)setTimeout(()=>speakKidWord(q.speak),180);$('[data-edu-speak]',root)?.addEventListener('click',()=>speakKidWord(q.speak));"
if,04-education-daily-quiz.js,1124,"const resolveAnswer=(answer,button=null)=>{if(locked)return;locked=true;const correct=String(answer).toUpperCase()===String(q.answer).toUpperCase(),feedback=$('#eduFeedback',root);if(correct){score++;state.learning.totalCorrect++;button?.classList.add('correct');feedback.hidden=false;feedback.className='lesson-feedback good';feedback.innerHTML='<b>Correto!</b><span>Continue assim.</span>';beep(780,80);addXP(5);}else{hearts--;button?.classList.add('wrong');feedback.hidden=false;feedback.className"
else,04-education-daily-quiz.js,1124,"const resolveAnswer=(answer,button=null)=>{if(locked)return;locked=true;const correct=String(answer).toUpperCase()===String(q.answer).toUpperCase(),feedback=$('#eduFeedback',root);if(correct){score++;state.learning.totalCorrect++;button?.classList.add('correct');feedback.hidden=false;feedback.className='lesson-feedback good';feedback.innerHTML='<b>Correto!</b><span>Continue assim.</span>';beep(780,80);addXP(5);}else{hearts--;button?.classList.add('wrong');feedback.hidden=false;feedback.className"
if,04-education-daily-quiz.js,1126,"$$('[data-sequence-token]',root).forEach(btn=>btn.onclick=()=>{if(locked||btn.disabled)return;sequence.push(q.tokens[Number(btn.dataset.sequenceToken)]);btn.disabled=true;$('#sequenceBuilt',root).textContent=sequence.join('');});"
catch,04-education-daily-quiz.js,1131,"function startSoloEducationGame(subject,level){try{closeChallengePrompt();runEducationGame({subject,level:Number(level)||1,seed:Date.now()});}catch(error){console.error('Academia Kids:',error);toast('Não foi possível abrir o jogo. Atualize a página.','bad',3000);}}"
if,04-education-daily-quiz.js,1132,"function finishSoloEducationGame(result){const passed=result.score>=3,stars=passed?(result.score===result.total?3:result.score>=4?2:1):0,key=`${result.subject}-${result.level}`,old=subjectLevelRecord(result.subject,result.level);state.learning.lessons[key]={completed:old.completed||passed,stars:Math.max(old.stars||0,stars),best:Math.max(old.best||0,result.score),attempts:(old.attempts||0)+1};state.learning.lastLesson=key;state.learning.subjectXP[result.subject]=(state.learning.subjectXP[result.s"
else,04-education-daily-quiz.js,1132,"function finishSoloEducationGame(result){const passed=result.score>=3,stars=passed?(result.score===result.total?3:result.score>=4?2:1):0,key=`${result.subject}-${result.level}`,old=subjectLevelRecord(result.subject,result.level);state.learning.lessons[key]={completed:old.completed||passed,stars:Math.max(old.stars||0,stars),best:Math.max(old.best||0,result.score),attempts:(old.attempts||0)+1};state.learning.lastLesson=key;state.learning.subjectXP[result.subject]=(state.learning.subjectXP[result.s"
if,04-education-daily-quiz.js,1136,"if(!['dance','play','selfie','highfive','hug'].includes(type))return;clearTimeout(cinematicEmoteTimer);document.body.classList.add('cinematic-emote');cinematicEmoteTimer=setTimeout(()=>document.body.classList.remove('cinematic-emote'),Math.max(900,duration));"
if,04-education-daily-quiz.js,1140,if(npc){npc.emoteType=type;npc.emoteUntil=performance.now()+duration;}
if,04-education-daily-quiz.js,1141,"if(['dance','play','selfie','highfive','hug'].includes(type)){"
if,04-education-daily-quiz.js,1143,"setTimeout(()=>{if(triggerEmote.cinemaToken===token)document.body.classList.remove('social-moment');},duration+180);"
if,04-education-daily-quiz.js,1145,"if(type==='play')state.needs.fun=clamp(state.needs.fun+8,0,100);"
if,05-avatar-life-customization.js,1175,if(job&&!terminal.includes(String(job.missionState||''))){
if,05-avatar-life-customization.js,1205,"const cancel=$('[data-life-cancel-companions]',root);if(cancel)cancel.onclick=()=>{for(const npc of world.npcs||[]){npc.following=false;npc.pendingRide=false;npc.passengerMode=null;if(npc.group)npc.group.visible=true;}closeModal();toast('Passeio encerrado com segurança.','good');};"
for,05-avatar-life-customization.js,1205,"const cancel=$('[data-life-cancel-companions]',root);if(cancel)cancel.onclick=()=>{for(const npc of world.npcs||[]){npc.following=false;npc.pendingRide=false;npc.passengerMode=null;if(npc.group)npc.group.visible=true;}closeModal();toast('Passeio encerrado com segurança.','good');};"
if,05a-world-layout-v704.js,111,"function worldLayoutStructure(id){const item=WORLD_LAYOUT_V704.structures.find(entry=>entry.id===id);if(!item)return null;const p=item.point?worldLayoutPoint(item.point):item;return{...item,x:Number(item.x??p.x),z:Number(item.z??p.z)};}"
if,05a-world-layout-v704.js,119,"function v704ReservedAt(x,z,margin=0){if(v704RoadAt(x,z,margin,true))return true;return v704ProtectedRectangles().some(rect=>v704PointInRect({x,z},rect,Number(rect.margin||0)+margin));}"
if,05a-world-layout-v704.js,120,"function v704BuildAllowedAt(x,z,w=1.5,d=1.5){const zone=WORLD_LAYOUT_V704.zones.construction,rect={x,z,w,d};if(x-w/2<zone.x-zone.w/2||x+w/2>zone.x+zone.w/2||z-d/2<zone.z-zone.d/2||z+d/2>zone.z+zone.d/2)return false;return !WORLD_LAYOUT_V704.roads.some(road=>v704RectOverlap(rect,v704RoadFootprint(road,true),.25));}"
if,05a-world-layout-v704.js,126,"for(const road of roads){if(road.x-road.w/2<bounds.minX||road.x+road.w/2>bounds.maxX||road.z-road.d/2<bounds.minZ||road.z+road.d/2>bounds.maxZ)problems.push({type:'road-out-of-bounds',a:road.id});}"
for,05a-world-layout-v704.js,126,"for(const road of roads){if(road.x-road.w/2<bounds.minX||road.x+road.w/2>bounds.maxX||road.z-road.d/2<bounds.minZ||road.z+road.d/2>bounds.maxZ)problems.push({type:'road-out-of-bounds',a:road.id});}"
for,05a-world-layout-v704.js,127,for(const item of structures){
if,05a-world-layout-v704.js,128,"if(item.x-item.w/2<bounds.minX||item.x+item.w/2>bounds.maxX||item.z-item.d/2<bounds.minZ||item.z+item.d/2>bounds.maxZ)problems.push({type:'structure-out-of-bounds',a:item.id});"
if,05a-world-layout-v704.js,129,if(item.kind==='construction')continue;
if,05a-world-layout-v704.js,130,"for(const road of roads){if((item.allowedRoads||[]).includes(road.id))continue;if(v704RectOverlap(item,road,Number(item.margin||0)))problems.push({type:'structure-on-road',a:item.id,b:road.id});}"
for,05a-world-layout-v704.js,130,"for(const road of roads){if((item.allowedRoads||[]).includes(road.id))continue;if(v704RectOverlap(item,road,Number(item.margin||0)))problems.push({type:'structure-on-road',a:item.id,b:road.id});}"
for,05a-world-layout-v704.js,132,for(let i=0;i<structures.length;i++)for(let j=i+1;j<structures.length;j++){
if,05a-world-layout-v704.js,133,"const a=structures[i],b=structures[j];if(a.kind==='construction'||b.kind==='construction'||compatible.has(`${a.id}|${b.id}`)||a.inside===b.id||b.inside===a.id)continue;"
if,05a-world-layout-v704.js,134,"if(v704RectOverlap(a,b,Math.max(Number(a.margin||0),Number(b.margin||0))))problems.push({type:'structure-overlap',a:a.id,b:b.id});"
if,05a-world-layout-v704.js,136,"const water=[WORLD_LAYOUT_V704.zones.lake,WORLD_LAYOUT_V704.zones.lakeNorth];for(const item of structures.filter(s=>!['terrain'].includes(s.kind)))for(const hazard of water)if(v704RectOverlap(item,hazard,.1))problems.push({type:'structure-in-water',a:item.id,b:hazard.id});"
for,05a-world-layout-v704.js,136,"const water=[WORLD_LAYOUT_V704.zones.lake,WORLD_LAYOUT_V704.zones.lakeNorth];for(const item of structures.filter(s=>!['terrain'].includes(s.kind)))for(const hazard of water)if(v704RectOverlap(item,hazard,.1))problems.push({type:'structure-in-water',a:item.id,b:hazard.id});"
if,05a-world-layout-v704.js,137,"for(const path of WORLD_LAYOUT_V704.paths){const rect=v704PathRect(path);for(const structure of structures){if(['construction-zone'].includes(structure.id)||path.destination===structure.id)continue;const startInside=v704PointInRect({x:path.x1,z:path.z1},structure,.1),endInside=v704PointInRect({x:path.x2,z:path.z2},structure,.1);if(!startInside&&!endInside&&v704RectOverlap(rect,structure,.2))problems.push({type:'path-through-structure',a:path.id,b:structure.id});}}"
for,05a-world-layout-v704.js,137,"for(const path of WORLD_LAYOUT_V704.paths){const rect=v704PathRect(path);for(const structure of structures){if(['construction-zone'].includes(structure.id)||path.destination===structure.id)continue;const startInside=v704PointInRect({x:path.x1,z:path.z1},structure,.1),endInside=v704PointInRect({x:path.x2,z:path.z2},structure,.1);if(!startInside&&!endInside&&v704RectOverlap(rect,structure,.2))problems.push({type:'path-through-structure',a:path.id,b:structure.id});}}"
if,05a-world-layout-v704.js,140,"function v704ActualHouseRect(house){if(!house)return null;if(house.id==='castle-hall')return worldLayoutStructure('castle');return{id:String(house.id||'house'),kind:'runtime-house',x:Number(house.x),z:Number(house.z),w:Number(house.w||9),d:Number(house.d||7)};}"
if,05a-world-layout-v704.js,144,"for(const house of houses)for(const road of roads)if(v704RectOverlap(house,road,1.0))add('house-on-road',house.id,road.id);"
for,05a-world-layout-v704.js,144,"for(const house of houses)for(const road of roads)if(v704RectOverlap(house,road,1.0))add('house-on-road',house.id,road.id);"
if,05a-world-layout-v704.js,145,"for(let i=0;i<houses.length;i++)for(let j=i+1;j<houses.length;j++)if(v704RectOverlap(houses[i],houses[j],1.0))add('house-overlap',houses[i].id,houses[j].id);"
for,05a-world-layout-v704.js,145,"for(let i=0;i<houses.length;i++)for(let j=i+1;j<houses.length;j++)if(v704RectOverlap(houses[i],houses[j],1.0))add('house-overlap',houses[i].id,houses[j].id);"
if,05a-world-layout-v704.js,146,"for(const house of houses)for(const hazard of hazards)if(Number.isFinite(hazard.w)&&v704RectOverlap(house,hazard,.25))add('house-in-hazard',house.id,hazard.type);"
for,05a-world-layout-v704.js,146,"for(const house of houses)for(const hazard of hazards)if(Number.isFinite(hazard.w)&&v704RectOverlap(house,hazard,.25))add('house-in-hazard',house.id,hazard.type);"
if,05a-world-layout-v704.js,147,"const protectedGameplay=protectedRects.filter(rect=>['sport','kart','farm','castle'].includes(rect.kind));for(const collider of world?.colliders||[]){const rect={x:Number(collider.x),z:Number(collider.z),w:Number(collider.w),d:Number(collider.d)};if(!Number.isFinite(rect.x)||collider.sportsV704||collider.kartV704)continue;for(const protectedRect of protectedGameplay)if(v704RectOverlap(rect,protectedRect,.15))add('collider-in-protected-area',collider.houseId||collider.buildId||collider.landmark||"
for,05a-world-layout-v704.js,147,"const protectedGameplay=protectedRects.filter(rect=>['sport','kart','farm','castle'].includes(rect.kind));for(const collider of world?.colliders||[]){const rect={x:Number(collider.x),z:Number(collider.z),w:Number(collider.w),d:Number(collider.d)};if(!Number.isFinite(rect.x)||collider.sportsV704||collider.kartV704)continue;for(const protectedRect of protectedGameplay)if(v704RectOverlap(rect,protectedRect,.15))add('collider-in-protected-area',collider.houseId||collider.buildId||collider.landmark||"
if,05a-world-layout-v704.js,148,"for(const vehicle of vehicles){const x=Number(vehicle.group?.position?.x??vehicle.x),z=Number(vehicle.group?.position?.z??vehicle.z),id=String(vehicle.id||'vehicle');if(!Number.isFinite(x)||!Number.isFinite(z)){add('vehicle-invalid-position',id);continue;}const isKart=String(vehicle.kind||'')==='kart';if(!isKart)for(const road of roads)if(v704PointInRect({x,z},road,Number(vehicle.radius||1.35)))add('vehicle-on-road',id,road.id);for(const structure of protectedRects){if(isKart&&['kart-circuit','k"
for,05a-world-layout-v704.js,148,"for(const vehicle of vehicles){const x=Number(vehicle.group?.position?.x??vehicle.x),z=Number(vehicle.group?.position?.z??vehicle.z),id=String(vehicle.id||'vehicle');if(!Number.isFinite(x)||!Number.isFinite(z)){add('vehicle-invalid-position',id);continue;}const isKart=String(vehicle.kind||'')==='kart';if(!isKart)for(const road of roads)if(v704PointInRect({x,z},road,Number(vehicle.radius||1.35)))add('vehicle-on-road',id,road.id);for(const structure of protectedRects){if(isKart&&['kart-circuit','k"
if,05a-world-layout-v704.js,149,"const spawn=worldLayoutPoint('spawn');if(typeof positionBlockedForPlayer==='function'&&positionBlockedForPlayer(spawn.x,spawn.z,.42,{ignoreTraffic:true,allowWater:false}))add('spawn-blocked','spawn');"
if,05a-world-layout-v704.js,150,"const important=['sportsEntrance','volley','footvolley','kartEntrance','farmEntrance','castleEntrance','mountainEntrance','constructionEntrance'];for(const id of important){const p=worldLayoutPoint(id);if(typeof nearestRoadProjection==='function'){const projection=nearestRoadProjection(p);if(!projection||projection.distance>18||projection.clear===false)add('destination-inaccessible',id,'road',projection?`distance=${projection.distance.toFixed(1)}`:'no-projection');}}"
for,05a-world-layout-v704.js,150,"const important=['sportsEntrance','volley','footvolley','kartEntrance','farmEntrance','castleEntrance','mountainEntrance','constructionEntrance'];for(const id of important){const p=worldLayoutPoint(id);if(typeof nearestRoadProjection==='function'){const projection=nearestRoadProjection(p);if(!projection||projection.distance>18||projection.clear===false)add('destination-inaccessible',id,'road',projection?`distance=${projection.distance.toFixed(1)}`:'no-projection');}}"
if,05a-world-layout-v704.js,151,"const names={};worldGroup?.traverse?.(object=>{const name=String(object.name||'');if(name)names[name]=(names[name]||0)+1;});for(const name of['OTTHI_V702_FARM','OTTHI_V702_MOUNTAIN','OTTHI_V704_SPORTS','OTTHI_V704_KART'])if((names[name]||0)>1)add('duplicate-world-system',name,String(names[name]));"
for,05a-world-layout-v704.js,151,"const names={};worldGroup?.traverse?.(object=>{const name=String(object.name||'');if(name)names[name]=(names[name]||0)+1;});for(const name of['OTTHI_V702_FARM','OTTHI_V702_MOUNTAIN','OTTHI_V704_SPORTS','OTTHI_V704_KART'])if((names[name]||0)>1)add('duplicate-world-system',name,String(names[name]));"
if,05a-world-layout-v704.js,152,"const result={version:704,passed:problems.length===0,problems,houses:houses.length,vehicles:vehicles.length,colliders:world?.colliders?.length||0,hazards:hazards.length,interactables:world?.interactables?.length||0,at:Date.now()};world.layoutAuditRuntime=result;if(!result.passed)console.error('[OTTHI V704] auditoria geométrica do mundo real',problems);return result;"
for,06-missions-profile-hud-inventory-tools.js,1330,for (const chapter of missionChapters) {
if,06-missions-profile-hud-inventory-tools.js,1332,if (complete && !state.completedChapters.includes(chapter.id)) {
if,06-missions-profile-hud-inventory-tools.js,1340,if(state.objectives?.pinnedChapterId&&!pinned)state.objectives.pinnedChapterId='';
if,06-missions-profile-hud-inventory-tools.js,1347,"const coop=typeof coopMissionProgressLabel==='function'?coopMissionProgressLabel():null;if(coop){els.missionChapter.textContent='MISSÃO COOPERATIVA';els.missionTitle.textContent=coop.title;els.missionStep.textContent=coop.label;els.missionFill.style.width=`${coop.percent}%`;els.missionCard.title='Toque para abrir os detalhes da missão cooperativa';els.missionCard.setAttribute('aria-label',`Abrir missão cooperativa. ${coop.label}`);return;}"
if,06-missions-profile-hud-inventory-tools.js,1349,if (job) {
if,06-missions-profile-hud-inventory-tools.js,1358,if (!activeMission) return;
if,06-missions-profile-hud-inventory-tools.js,1382,"function updatePlayerNameUI(){const name=hasValidPlayerName()?state.profile.name:'Escolher nome';if(els.lobbyPlayerName)els.lobbyPlayerName.textContent=name;if(els.hudPlayerName)els.hudPlayerName.textContent=hasValidPlayerName()?state.profile.name:'Jogador';if(els.accountStatusLabel)els.accountStatusLabel.textContent=accountStatusText();const menu=$('#avatarMenuName'),quick=$('#avatarQuickName');if(menu)menu.textContent=`Meu ${playerDisplayName()}`;if(quick)quick.textContent=playerDisplayName();"
if,06-missions-profile-hud-inventory-tools.js,1383,"function applyPlayerName(name){const clean=sanitizePlayerName(name);if(clean.length<3){toast('Digite um apelido com pelo menos 3 caracteres.','warn',2200);return false;}state.profile.name=clean;state.profile.nameConfirmed=true;state.multiplayer.displayName=clean;updatePlayerNameUI();saveState(true);const publicName=publicPlayerName(clean);window.OTTHOS_RTDB?.setDisplayName?.(publicName);if(running)window.OTTHOS_RTDB?.publish?.({name:publicName,x:player.x,y:player.y,z:player.z,r:player.facing,veh"
if,06-missions-profile-hud-inventory-tools.js,1386,"openModal(required?'Escolha seu nome de jogador':'Nome do jogador',`<div class=""player-name-modal""><div class=""player-name-icon"">👤</div><p>${required?'Antes de entrar, escolha o nome que aparecerá para os outros jogadores.':'Este nome aparece sobre seu personagem no multiplayer.'}</p><label class=""field""><span>Nome público</span><input id=""playerNameInput"" maxlength=""18"" autocomplete=""nickname"" inputmode=""text"" value=""${current.replace(/""/g,'&quot;')}"" placeholder=""Ex.: Thiago""></label><small>De"
if,06-missions-profile-hud-inventory-tools.js,1407,"if (els.needsToggleBtn) { els.needsToggleBtn.textContent = lowest < 20 ? '⚠️' : lowest < 50 ? '💛' : '❤️'; els.needsToggleBtn.classList.toggle('warning', lowest < 35); }"
if,06-missions-profile-hud-inventory-tools.js,1416,"</div><div class=""modal-actions""><button class=""btn primary"" data-open-tools>Ferramentas</button>${inv.cookedFish>0?'<button class=""btn"" data-eat-cooked>Comer peixe assado</button>':''}</div>`,root=>{$('[data-open-tools]',root)?.addEventListener('click',openToolbelt);$('[data-eat-cooked]',root)?.addEventListener('click',()=>{if((state.inventory.cookedFish||0)<1)return;state.inventory.cookedFish--;state.needs.hunger=clamp(state.needs.hunger+32,0,100);state.needs.energy=clamp(state.needs.energy+6,"
if,06-missions-profile-hud-inventory-tools.js,1428,"if(!TOOL_DEFS[id]||!state.tools.owned.includes(id))return false;state.tools.equipped=id;saveState(true);refreshEquippedToolVisual();if(els.toolsBtn){els.toolsBtn.firstChild.textContent=TOOL_DEFS[id].icon;$('span',els.toolsBtn).textContent=TOOL_DEFS[id].name;}toast(`${TOOL_DEFS[id].name} equipado.`,'good',1200);return true;"
if,06-missions-profile-hud-inventory-tools.js,1434,if(!playerModel?.userData?.parts?.rightArm)return;
if,06-missions-profile-hud-inventory-tools.js,1435,const arm=playerModel.userData.parts.rightArm;if(toolVisual){arm.remove(toolVisual);toolVisual=null;}
if,06-missions-profile-hud-inventory-tools.js,1438,if(type==='bucket'){
else,06-missions-profile-hud-inventory-tools.js,1440,}else{
if,06-missions-profile-hud-inventory-tools.js,1442,"if(type==='axe'){box(.48,.3,.14,metal,.17,.25,0,toolVisual);box(.18,.18,.17,metal,-.13,.25,0,toolVisual);}"
if,06-missions-profile-hud-inventory-tools.js,1443,"else if(type==='hoe'){box(.68,.11,.12,metal,.18,.25,0,toolVisual);box(.12,.35,.12,metal,-.12,.09,0,toolVisual);}"
else,06-missions-profile-hud-inventory-tools.js,1443,"else if(type==='hoe'){box(.68,.11,.12,metal,.18,.25,0,toolVisual);box(.12,.35,.12,metal,-.12,.09,0,toolVisual);}"
if,06-missions-profile-hud-inventory-tools.js,1444,"else if(type==='shovel'){const blade=new THREE.Mesh(new THREE.CylinderGeometry(.24,.31,.34,6),metal);blade.position.set(0,.28,0);blade.scale.z=.45;toolVisual.add(blade);}"
else,06-missions-profile-hud-inventory-tools.js,1444,"else if(type==='shovel'){const blade=new THREE.Mesh(new THREE.CylinderGeometry(.24,.31,.34,6),metal);blade.position.set(0,.28,0);blade.scale.z=.45;toolVisual.add(blade);}"
else,06-missions-profile-hud-inventory-tools.js,1445,"else{box(.72,.16,.16,metal,0,.25,0,toolVisual);box(.16,.28,.16,metal,-.3,.14,0,toolVisual);box(.16,.28,.16,metal,.3,.14,0,toolVisual);}"
for,07-navigation-traffic-routes.js,1456,"function routeLength(points){let total=0;for(let i=1;i<points.length;i++)total+=Math.hypot(points[i].x-points[i-1].x,points[i].z-points[i-1].z);return total;}"
if,07-navigation-traffic-routes.js,1457,"function compactRoute(points){const out=[];for(const p of points){if(!p)continue;const last=out[out.length-1];if(!last||Math.hypot(last.x-p.x,last.z-p.z)>.25)out.push({x:+p.x,z:+p.z});}return out;}"
for,07-navigation-traffic-routes.js,1457,"function compactRoute(points){const out=[];for(const p of points){if(!p)continue;const last=out[out.length-1];if(!last||Math.hypot(last.x-p.x,last.z-p.z)>.25)out.push({x:+p.x,z:+p.z});}return out;}"
if,07-navigation-traffic-routes.js,1459,"function navBlocked(x,z){for(const h of world.hazards||[]){if(Math.abs(x-h.x)<=h.w/2+.55&&Math.abs(z-h.z)<=h.d/2+.55)return true;}for(const c of world.colliders||[]){if(c.houseId&&currentHouse&&c.houseId===currentHouse.id)continue;if(Math.abs(x-c.x)<=c.w/2+.45&&Math.abs(z-c.z)<=c.d/2+.45)return true;}return false;}"
for,07-navigation-traffic-routes.js,1459,"function navBlocked(x,z){for(const h of world.hazards||[]){if(Math.abs(x-h.x)<=h.w/2+.55&&Math.abs(z-h.z)<=h.d/2+.55)return true;}for(const c of world.colliders||[]){if(c.houseId&&currentHouse&&c.houseId===currentHouse.id)continue;if(Math.abs(x-c.x)<=c.w/2+.45&&Math.abs(z-c.z)<=c.d/2+.45)return true;}return false;}"
if,07-navigation-traffic-routes.js,1460,"function segmentClear(a,b){const len=Math.hypot(b.x-a.x,b.z-a.z),steps=Math.max(1,Math.ceil(len/1.8));for(let i=1;i<steps;i++){const t=i/steps;if(navBlocked(a.x+(b.x-a.x)*t,a.z+(b.z-a.z)*t))return false;}return true;}"
for,07-navigation-traffic-routes.js,1460,"function segmentClear(a,b){const len=Math.hypot(b.x-a.x,b.z-a.z),steps=Math.max(1,Math.ceil(len/1.8));for(let i=1;i<steps;i++){const t=i/steps;if(navBlocked(a.x+(b.x-a.x)*t,a.z+(b.z-a.z)*t))return false;}return true;}"
if,07-navigation-traffic-routes.js,1461,"function nearestRoadProjection(pos){let best=null;for(const [aId,bId] of NAV_BASE_EDGES){const a=NAV_BASE_NODES[aId],b=NAV_BASE_NODES[bId],p=projectPointToSegment(pos,a,b),distance=Math.hypot(pos.x-p.x,pos.z-p.z),clear=segmentClear(pos,p);const score=distance+(clear?0:120);if(!best||score<best.score)best={aId,bId,point:p,distance,clear,score};}return best;}"
for,07-navigation-traffic-routes.js,1461,"function nearestRoadProjection(pos){let best=null;for(const [aId,bId] of NAV_BASE_EDGES){const a=NAV_BASE_NODES[aId],b=NAV_BASE_NODES[bId],p=projectPointToSegment(pos,a,b),distance=Math.hypot(pos.x-p.x,pos.z-p.z),clear=segmentClear(pos,p);const score=distance+(clear?0:120);if(!best||score<best.score)best={aId,bId,point:p,distance,clear,score};}return best;}"
if,07-navigation-traffic-routes.js,1464,if(!points?.length)return null;let best=null;
if,07-navigation-traffic-routes.js,1465,"for(let i=0;i<points.length;i++){const a=points[i],b=points[(i+1)%points.length];if(!a||!b)continue;const point=projectPointToSegment(pos,a,b),distance=Math.hypot(pos.x-point.x,pos.z-point.z);if(!best||distance<best.distance)best={point,distance,index:i,nextIndex:(i+1)%points.length};}"
for,07-navigation-traffic-routes.js,1465,"for(let i=0;i<points.length;i++){const a=points[i],b=points[(i+1)%points.length];if(!a||!b)continue;const point=projectPointToSegment(pos,a,b),distance=Math.hypot(pos.x-point.x,pos.z-point.z);if(!best||distance<best.distance)best={point,distance,index:i,nextIndex:(i+1)%points.length};}"
if,07-navigation-traffic-routes.js,1469,"if(!group||pointOnRoad(group.position.x,group.position.z,.15))return true;"
if,07-navigation-traffic-routes.js,1471,"if(projection?.point&&pointOnRoad(projection.point.x,projection.point.z,.05)){group.position.x=projection.point.x;group.position.z=projection.point.z;return true;}"
if,07-navigation-traffic-routes.js,1472,if(previous){group.position.x=previous.x;group.position.z=previous.z;}return false;
if,07-navigation-traffic-routes.js,1476,if(world.trafficSnapshot&&now-(world.trafficSnapshotAt||0)<12)return world.trafficSnapshot;
if,07-navigation-traffic-routes.js,1478,"for(const bus of world.buses||[])if(bus.group?.visible)actors.push({id:`bus-${bus.id}`,type:'bus',group:bus.group,radius:3.05,speed:Math.abs(bus.currentSpeed||0),ref:bus});"
for,07-navigation-traffic-routes.js,1478,"for(const bus of world.buses||[])if(bus.group?.visible)actors.push({id:`bus-${bus.id}`,type:'bus',group:bus.group,radius:3.05,speed:Math.abs(bus.currentSpeed||0),ref:bus});"
if,07-navigation-traffic-routes.js,1479,"for(const car of world.policeCars||[])if(car.group?.visible)actors.push({id:`police-${car.id}`,type:'police',group:car.group,radius:1.8,speed:Math.abs(car.currentSpeed||car.speed||0),ref:car});"
for,07-navigation-traffic-routes.js,1479,"for(const car of world.policeCars||[])if(car.group?.visible)actors.push({id:`police-${car.id}`,type:'police',group:car.group,radius:1.8,speed:Math.abs(car.currentSpeed||car.speed||0),ref:car});"
if,07-navigation-traffic-routes.js,1480,"for(const truck of world.fireTrucks||[])if(truck.group?.visible)actors.push({id:`fire-${truck.id}`,type:'fire',group:truck.group,radius:2.5,speed:Math.abs(truck.currentSpeed||truck.speed||0),ref:truck});"
for,07-navigation-traffic-routes.js,1480,"for(const truck of world.fireTrucks||[])if(truck.group?.visible)actors.push({id:`fire-${truck.id}`,type:'fire',group:truck.group,radius:2.5,speed:Math.abs(truck.currentSpeed||truck.speed||0),ref:truck});"
if,07-navigation-traffic-routes.js,1481,"for(const ambulance of world.ambulances||[])if(ambulance.group?.visible)actors.push({id:`ambulance-${ambulance.id}`,type:'ambulance',group:ambulance.group,radius:2.1,speed:Math.abs(ambulance.currentSpeed||ambulance.speed||0),ref:ambulance});"
for,07-navigation-traffic-routes.js,1481,"for(const ambulance of world.ambulances||[])if(ambulance.group?.visible)actors.push({id:`ambulance-${ambulance.id}`,type:'ambulance',group:ambulance.group,radius:2.1,speed:Math.abs(ambulance.currentSpeed||ambulance.speed||0),ref:ambulance});"
if,07-navigation-traffic-routes.js,1482,"for(const npc of world.npcs||[])if(npc.mobility?.group?.visible&&npc.mobility.type!=='walk')actors.push({id:`npc-${npc.id}`,type:npc.mobility.type,group:npc.mobility.group,radius:npc.mobility.radius||1.25,speed:Math.abs(npc.mobility.currentSpeed||npc.mobility.speed||0),ref:npc.mobility});"
for,07-navigation-traffic-routes.js,1482,"for(const npc of world.npcs||[])if(npc.mobility?.group?.visible&&npc.mobility.type!=='walk')actors.push({id:`npc-${npc.id}`,type:npc.mobility.type,group:npc.mobility.group,radius:npc.mobility.radius||1.25,speed:Math.abs(npc.mobility.currentSpeed||npc.mobility.speed||0),ref:npc.mobility});"
if,07-navigation-traffic-routes.js,1486,"function trafficPriority(actor){if(actor?.incidentTargetId||actor?.targetFireId)return 50;let type=actor?.route?.schoolBus?'school':actor?.route?'bus':actor?.type||actor?.kind||actor?.trafficType||'';if(!type&&world.ambulances?.includes(actor))type='ambulance';else if(!type&&world.fireTrucks?.includes(actor))type='fire';else if(!type&&world.policeCars?.includes(actor))type='police';return({ambulance:45,fire:44,police:43,school:28,bus:22,car:16,moto:14,bike:10,skate:8})[type]||18;}"
else,07-navigation-traffic-routes.js,1486,"function trafficPriority(actor){if(actor?.incidentTargetId||actor?.targetFireId)return 50;let type=actor?.route?.schoolBus?'school':actor?.route?'bus':actor?.type||actor?.kind||actor?.trafficType||'';if(!type&&world.ambulances?.includes(actor))type='ambulance';else if(!type&&world.fireTrucks?.includes(actor))type='fire';else if(!type&&world.policeCars?.includes(actor))type='police';return({ambulance:45,fire:44,police:43,school:28,bus:22,car:16,moto:14,bike:10,skate:8})[type]||18;}"
if,07-navigation-traffic-routes.js,1488,if(!actor?.group)return 1;const now=performance.now();if(actor.incidentLocked||now<Number(actor.incidentUntil||0)||now<Number(actor.trafficHoldUntil||0))return 0;
if,07-navigation-traffic-routes.js,1490,"for(const other of trafficActorList()){if(other.ref===actor||other.id===actor.id)continue;const dx=other.group.position.x-ax,dz=other.group.position.z-az,forward=dx*fx+dz*fz,side=Math.abs(dx*rx+dz*rz),gap=actorRadius+Number(other.radius||1.5)+.75;"
for,07-navigation-traffic-routes.js,1490,"for(const other of trafficActorList()){if(other.ref===actor||other.id===actor.id)continue;const dx=other.group.position.x-ax,dz=other.group.position.z-az,forward=dx*fx+dz*fz,side=Math.abs(dx*rx+dz*rz),gap=actorRadius+Number(other.radius||1.5)+.75;"
if,07-navigation-traffic-routes.js,1491,"if(forward>-.15&&forward<lookAhead+gap&&side<gap*.9){const clearance=forward-gap;if(other.ref?.incidentLocked||other.ref?.incidentUntil===Number.MAX_SAFE_INTEGER||clearance<=.22)factor=0;else factor=Math.min(factor,clamp(clearance/Math.max(1.2,lookAhead*.72),0,1));}"
else,07-navigation-traffic-routes.js,1491,"if(forward>-.15&&forward<lookAhead+gap&&side<gap*.9){const clearance=forward-gap;if(other.ref?.incidentLocked||other.ref?.incidentUntil===Number.MAX_SAFE_INTEGER||clearance<=.22)factor=0;else factor=Math.min(factor,clamp(clearance/Math.max(1.2,lookAhead*.72),0,1));}"
if,07-navigation-traffic-routes.js,1493,"if(futureGap<gap*1.28&&Math.hypot(dx,dz)<lookAhead+gap+5){const myPriority=trafficPriority(actor),otherPriority=trafficPriority(other);if(myPriority<=otherPriority)factor=Math.min(factor,clamp((futureGap-gap*.82)/(gap*.65),0,.48));}"
for,07-navigation-traffic-routes.js,1497,"function captureTrafficPositions(){const before=new Map();world.trafficSnapshot=null;for(const actor of trafficActorList())before.set(actor.id,{x:actor.group.position.x,z:actor.group.position.z,heading:Number(actor.group.rotation?.y||0)});return before;}"
if,07-navigation-traffic-routes.js,1499,"world.trafficSnapshot=null;const actors=trafficActorList();for(const actor of actors)if(!pointOnRoad(actor.group.position.x,actor.group.position.z,.5))snapTrafficToRoad(actor.group,before?.get(actor.id));"
for,07-navigation-traffic-routes.js,1499,"world.trafficSnapshot=null;const actors=trafficActorList();for(const actor of actors)if(!pointOnRoad(actor.group.position.x,actor.group.position.z,.5))snapTrafficToRoad(actor.group,before?.get(actor.id));"
for,07-navigation-traffic-routes.js,1500,for(let pass=0;pass<2;pass++)for(let i=0;i<actors.length;i++)for(let j=i+1;j<actors.length;j++){
if,07-navigation-traffic-routes.js,1501,"const a=actors[i],b=actors[j],dx=b.group.position.x-a.group.position.x,dz=b.group.position.z-a.group.position.z,d=Math.hypot(dx,dz),gap=(a.radius+b.radius)*.94+.25;if(d>=gap)continue;if(a.ref?.incidentLocked&&b.ref?.incidentLocked)continue;"
if,07-navigation-traffic-routes.js,1502,"const aEmergency=!!a.ref?.incidentTargetId||!!a.ref?.targetFireId,bEmergency=!!b.ref?.incidentTargetId||!!b.ref?.targetFireId;let yieldActor;if(aEmergency!==bEmergency)yieldActor=aEmergency?b:a;else{const pa=trafficPriority(a),pb=trafficPriority(b);yieldActor=pa===pb?(a.id>b.id?a:b):(pa<pb?a:b);}const other=yieldActor===a?b:a,old=before?.get(yieldActor.id),otherOld=before?.get(other.id);"
else,07-navigation-traffic-routes.js,1502,"const aEmergency=!!a.ref?.incidentTargetId||!!a.ref?.targetFireId,bEmergency=!!b.ref?.incidentTargetId||!!b.ref?.targetFireId;let yieldActor;if(aEmergency!==bEmergency)yieldActor=aEmergency?b:a;else{const pa=trafficPriority(a),pb=trafficPriority(b);yieldActor=pa===pb?(a.id>b.id?a:b):(pa<pb?a:b);}const other=yieldActor===a?b:a,old=before?.get(yieldActor.id),otherOld=before?.get(other.id);"
if,07-navigation-traffic-routes.js,1503,"if(old){yieldActor.group.position.x=old.x;yieldActor.group.position.z=old.z;snapTrafficToRoad(yieldActor.group,old);}yieldActor.ref.currentSpeed=0;yieldActor.ref.trafficHoldUntil=performance.now()+950;"
if,07-navigation-traffic-routes.js,1504,"let remain=Math.hypot(b.group.position.x-a.group.position.x,b.group.position.z-a.group.position.z);if(remain<gap*.9&&otherOld&&!other.ref?.incidentLocked){other.group.position.x=otherOld.x;other.group.position.z=otherOld.z;snapTrafficToRoad(other.group,otherOld);other.ref.currentSpeed=0;other.ref.trafficHoldUntil=performance.now()+620;remain=Math.hypot(b.group.position.x-a.group.position.x,b.group.position.z-a.group.position.z);}"
if,07-navigation-traffic-routes.js,1505,"if(remain<gap*.82){const nx=(b.group.position.x-a.group.position.x)/(remain||1),nz=(b.group.position.z-a.group.position.z)/(remain||1),push=(gap-remain)*.56;yieldActor.group.position.x-=nx*push;yieldActor.group.position.z-=nz*push;snapTrafficToRoad(yieldActor.group,old);}"
if,07-navigation-traffic-routes.js,1509,"function graphAdd(adj,a,b,w){if(!adj.has(a))adj.set(a,[]);if(!adj.has(b))adj.set(b,[]);adj.get(a).push({id:b,w});adj.get(b).push({id:a,w});}"
if,07-navigation-traffic-routes.js,1510,"function graphShortest(nodes,adj,startId,endId){const dist=new Map([[startId,0]]),prev=new Map(),open=new Set(nodes.keys());while(open.size){let current=null,best=Infinity;for(const id of open){const d=dist.get(id)??Infinity;if(d<best){best=d;current=id;}}if(current===null||current===endId)break;open.delete(current);for(const e of adj.get(current)||[]){if(!open.has(e.id))continue;const nd=best+e.w;if(nd<(dist.get(e.id)??Infinity)){dist.set(e.id,nd);prev.set(e.id,current);}}}if(!dist.has(endId))r"
for,07-navigation-traffic-routes.js,1510,"function graphShortest(nodes,adj,startId,endId){const dist=new Map([[startId,0]]),prev=new Map(),open=new Set(nodes.keys());while(open.size){let current=null,best=Infinity;for(const id of open){const d=dist.get(id)??Infinity;if(d<best){best=d;current=id;}}if(current===null||current===endId)break;open.delete(current);for(const e of adj.get(current)||[]){if(!open.has(e.id))continue;const nd=best+e.w;if(nd<(dist.get(e.id)??Infinity)){dist.set(e.id,nd);prev.set(e.id,current);}}}if(!dist.has(endId))r"
while,07-navigation-traffic-routes.js,1510,"function graphShortest(nodes,adj,startId,endId){const dist=new Map([[startId,0]]),prev=new Map(),open=new Set(nodes.keys());while(open.size){let current=null,best=Infinity;for(const id of open){const d=dist.get(id)??Infinity;if(d<best){best=d;current=id;}}if(current===null||current===endId)break;open.delete(current);for(const e of adj.get(current)||[]){if(!open.has(e.id))continue;const nd=best+e.w;if(nd<(dist.get(e.id)??Infinity)){dist.set(e.id,nd);prev.set(e.id,current);}}}if(!dist.has(endId))r"
if,07-navigation-traffic-routes.js,1513,"if(!startProjection||!targetProjection)return compactRoute([from,target]);"
if,07-navigation-traffic-routes.js,1515,"const cached=world.navCache.get(cacheKey);if(cached)return compactRoute([{x:from.x,z:from.z},...cached.slice(1,-1),target]);"
for,07-navigation-traffic-routes.js,1517,"for(const[aId,bId]of NAV_BASE_EDGES){const a=nodes.get(aId),b=nodes.get(bId);graphAdd(adj,aId,bId,Math.hypot(a.x-b.x,a.z-b.z));}"
for,07-navigation-traffic-routes.js,1519,"for(const [id,projection] of [['START',startProjection],['TARGET',targetProjection]]){const a=nodes.get(projection.aId),b=nodes.get(projection.bId),p=nodes.get(id);graphAdd(adj,id,projection.aId,Math.hypot(p.x-a.x,p.z-a.z));graphAdd(adj,id,projection.bId,Math.hypot(p.x-b.x,p.z-b.z));}"
if,07-navigation-traffic-routes.js,1520,"if(startProjection.aId===targetProjection.aId&&startProjection.bId===targetProjection.bId)graphAdd(adj,'START','TARGET',Math.hypot(startProjection.point.x-targetProjection.point.x,startProjection.point.z-targetProjection.point.z));"
if,07-navigation-traffic-routes.js,1521,"const core=graphShortest(nodes,adj,'START','TARGET'),route=compactRoute([{x:from.x,z:from.z},...core,target]);world.navCache.set(cacheKey,route);if(world.navCache.size>60)world.navCache.delete(world.navCache.keys().next().value);return route;"
if,07-navigation-traffic-routes.js,1523,"function routeProgressInfo(route,pos){if(!route?.length)return{remaining:0,distance:Infinity,index:0,point:pos,next:pos,instruction:'sem rota'};let total=routeLength(route),before=0,best={distance:Infinity,index:0,t:0,point:route[0],along:0};for(let i=1;i<route.length;i++){const a=route[i-1],b=route[i],p=projectPointToSegment(pos,a,b),d=Math.hypot(pos.x-p.x,pos.z-p.z),seg=Math.hypot(b.x-a.x,b.z-a.z);if(d<best.distance)best={distance:d,index:i-1,t:p.t,point:p,along:before+seg*p.t};before+=seg;}co"
for,07-navigation-traffic-routes.js,1523,"function routeProgressInfo(route,pos){if(!route?.length)return{remaining:0,distance:Infinity,index:0,point:pos,next:pos,instruction:'sem rota'};let total=routeLength(route),before=0,best={distance:Infinity,index:0,t:0,point:route[0],along:0};for(let i=1;i<route.length;i++){const a=route[i-1],b=route[i],p=projectPointToSegment(pos,a,b),d=Math.hypot(pos.x-p.x,pos.z-p.z),seg=Math.hypot(b.x-a.x,b.z-a.z);if(d<best.distance)best={distance:d,index:i-1,t:p.t,point:p,along:before+seg*p.t};before+=seg;}co"
for,07-navigation-traffic-routes.js,1525,"function sampleRoute(points,spacing=3.1){const samples=[];for(let i=1;i<points.length;i++){const a=points[i-1],b=points[i],dx=b.x-a.x,dz=b.z-a.z,len=Math.hypot(dx,dz),steps=Math.max(1,Math.floor(len/spacing));for(let s=1;s<=steps;s++){const t=s/steps;samples.push({x:a.x+dx*t,z:a.z+dz*t,angle:Math.atan2(dx,dz)});}}return samples;}"
if,07-navigation-traffic-routes.js,1526,"function createRouteGuide(){if(world.routeGuide)return true;if(!worldGroup||!window.THREE)return false;world.routeGuide=new THREE.Group();world.routeGuide.name='OTTHOS_ROUTE_GUIDE';worldGroup.add(world.routeGuide);const material=mat(0x42eaff,{emissive:0x087fa0,emissiveIntensity:1.45,roughness:.2,transparent:true,opacity:.94});for(let i=0;i<46;i++){const arrow=new THREE.Mesh(new THREE.ConeGeometry(.34,.8,4),material);arrow.rotation.x=Math.PI/2;arrow.visible=false;arrow.frustumCulled=false;world.r"
for,07-navigation-traffic-routes.js,1526,"function createRouteGuide(){if(world.routeGuide)return true;if(!worldGroup||!window.THREE)return false;world.routeGuide=new THREE.Group();world.routeGuide.name='OTTHOS_ROUTE_GUIDE';worldGroup.add(world.routeGuide);const material=mat(0x42eaff,{emissive:0x087fa0,emissiveIntensity:1.45,roughness:.2,transparent:true,opacity:.94});for(let i=0;i<46;i++){const arrow=new THREE.Mesh(new THREE.ConeGeometry(.34,.8,4),material);arrow.rotation.x=Math.PI/2;arrow.visible=false;arrow.frustumCulled=false;world.r"
if,07-navigation-traffic-routes.js,1527,"function updateRouteGuide(force=false){if(!createRouteGuide())return;if(!state.waypoint){world.routeArrows.forEach(a=>a.visible=false);world.routePath=[];return;}const routeInfo=routeProgressInfo(world.routePath,player),offRoute=routeInfo.distance>7;if(force||!world.routePath.length||(offRoute&&performance.now()-world.routeLastBuild>1400)){world.routeLastBuild=performance.now();world.routePath=buildRoutePoints(player,state.waypoint);}const visibleRoute=remainingRoute(world.routePath,player),samp"
if,07-navigation-traffic-routes.js,1529,"function miniMapLogicalSize(canvas){const rect=canvas.getBoundingClientRect(),ratio=Math.min(2,window.devicePixelRatio||1),width=Math.max(180,Math.round(rect.width*ratio)),height=Math.max(110,Math.round(rect.height*ratio));if(canvas.width!==width||canvas.height!==height){canvas.width=width;canvas.height=height;}return{w:width,h:height,ratio};}"
if,07-navigation-traffic-routes.js,1532,"const canvas=els.miniMapCanvas;if(!canvas)return;const {w,h}=miniMapLogicalSize(canvas),ctx=canvas.getContext('2d'),scale=miniMapScale(w,h);ctx.clearRect(0,0,w,h);ctx.fillStyle='#67c957';ctx.fillRect(0,0,w,h);"
if,07-navigation-traffic-routes.js,1533,"const room=window.OTTHI_ROOM_WORLD?.current?.();if(room?.bounds){const a=miniPoint(room.bounds.xMin,room.bounds.zMax,scale,w,h),b=miniPoint(room.bounds.xMax,room.bounds.zMin,scale,w,h);ctx.fillStyle='rgba(70,220,255,.12)';ctx.strokeStyle=room.accent||'#5ee7ff';ctx.lineWidth=2;ctx.setLineDash([6,5]);ctx.fillRect(a.x,a.y,b.x-a.x,b.y-a.y);ctx.strokeRect(a.x,a.y,b.x-a.x,b.y-a.y);ctx.setLineDash([]);}"
for,07-navigation-traffic-routes.js,1534,"ctx.save();ctx.lineCap='round';for(const road of WORLD_MAP_ROADS){const horizontal=road.w>=road.d,a=horizontal?miniPoint(road.x-road.w/2,road.z,scale,w,h):miniPoint(road.x,road.z-road.d/2,scale,w,h),b=horizontal?miniPoint(road.x+road.w/2,road.z,scale,w,h):miniPoint(road.x,road.z+road.d/2,scale,w,h);ctx.strokeStyle='#dce1e6';ctx.lineWidth=(horizontal?road.d:road.w)*scale+4;ctx.beginPath();ctx.moveTo(a.x,a.y);ctx.lineTo(b.x,b.y);ctx.stroke();ctx.strokeStyle='#424a55';ctx.lineWidth=(horizontal?road"
if,07-navigation-traffic-routes.js,1535,"for(const house of window.OTTHI_ROOM_WORLD?.houseMarkers?.()||[]){const q=miniPoint(house.x,house.z,scale,w,h);if(q.x<4||q.x>w-4||q.y<4||q.y>h-4)continue;ctx.fillStyle=house.mine?'#ffe35b':'#fff';ctx.strokeStyle='#15314b';ctx.lineWidth=2;ctx.fillRect(q.x-4,q.y-4,8,8);ctx.strokeRect(q.x-4,q.y-4,8,8);}"
for,07-navigation-traffic-routes.js,1535,"for(const house of window.OTTHI_ROOM_WORLD?.houseMarkers?.()||[]){const q=miniPoint(house.x,house.z,scale,w,h);if(q.x<4||q.x>w-4||q.y<4||q.y>h-4)continue;ctx.fillStyle=house.mine?'#ffe35b':'#fff';ctx.strokeStyle='#15314b';ctx.lineWidth=2;ctx.fillRect(q.x-4,q.y-4,8,8);ctx.strokeRect(q.x-4,q.y-4,8,8);}"
if,07-navigation-traffic-routes.js,1536,"if(state.waypoint&&world.routePath.length){const route=remainingRoute(world.routePath,player);ctx.strokeStyle='#38e9ff';ctx.lineWidth=6;ctx.setLineDash([10,6]);ctx.beginPath();route.forEach((p,i)=>{const q=miniPoint(p.x,p.z,scale,w,h);i?ctx.lineTo(q.x,q.y):ctx.moveTo(q.x,q.y);});ctx.stroke();ctx.setLineDash([]);const target=miniPoint(state.waypoint.navX??state.waypoint.x,state.waypoint.navZ??state.waypoint.z,scale,w,h);if(target.x>-12&&target.x<w+12&&target.y>-12&&target.y<h+12){ctx.fillStyle='#"
if,07-navigation-traffic-routes.js,1537,"ctx.restore();ctx.fillStyle='rgba(5,20,35,.82)';ctx.fillRect(7,7,25,23);ctx.fillStyle='#fff';ctx.font=`900 ${Math.max(12,Math.round(h*.1))}px system-ui`;ctx.fillText('N',13,24);if(room){ctx.fillStyle='rgba(5,20,35,.78)';ctx.font=`800 ${Math.max(9,Math.round(h*.065))}px system-ui`;const label=`${room.icon||''} ${room.shortName||room.name||''}`;const width=Math.min(w-14,ctx.measureText(label).width+14);ctx.fillRect(7,h-25,width,18);ctx.fillStyle='#fff';ctx.fillText(label,13,h-12);}"
if,07-navigation-traffic-routes.js,1540,"function updateNavigation(dt=0,force=false){updateNavigation.acc=(updateNavigation.acc||0)+dt;if(!force&&updateNavigation.acc<.14)return;updateNavigation.acc=0;updateRouteGuide(force);drawMiniMap();if(!els.miniNav)return;if(state.waypoint){const info=routeProgressInfo(world.routePath,player),dx=info.next.x-player.x,dz=info.next.z-player.z,arrival=Math.hypot((state.waypoint.navX??state.waypoint.x)-player.x,(state.waypoint.navZ??state.waypoint.z)-player.z);els.miniNavName.textContent=`Rota: ${stat"
else,07-navigation-traffic-routes.js,1540,"function updateNavigation(dt=0,force=false){updateNavigation.acc=(updateNavigation.acc||0)+dt;if(!force&&updateNavigation.acc<.14)return;updateNavigation.acc=0;updateRouteGuide(force);drawMiniMap();if(!els.miniNav)return;if(state.waypoint){const info=routeProgressInfo(world.routePath,player),dx=info.next.x-player.x,dz=info.next.z-player.z,arrival=Math.hypot((state.waypoint.navX??state.waypoint.x)-player.x,(state.waypoint.navZ??state.waypoint.z)-player.z);els.miniNavName.textContent=`Rota: ${stat"
if,08-map-parent-settings.js,1606,"function mapLocationDetails(loc){if(loc?.description||loc?.actions)return{description:loc.description||'Destino relacionado à missão ativa.',actions:Array.isArray(loc.actions)?loc.actions:['Seguir o GPS','Concluir a etapa']};const d=MAP_LOCATION_DETAILS[loc.id]||MAP_LOCATION_DETAILS.default;return{description:d[0],actions:d[1]};}"
if,08-map-parent-settings.js,1610,if(job&&typeof serviceVehicleMapLocation==='function'){const vehicleTarget=serviceVehicleMapLocation(job);if(vehicleTarget)items.push(vehicleTarget);}
if,08-map-parent-settings.js,1611,"const waypoint=state.waypoint;if(waypoint&&!MAP_LOCATIONS.some(loc=>loc.id===waypoint.id)&&!items.some(loc=>loc.id===waypoint.id)){const mission=!!job||/^(service-|assist-|fire-|delivery-)/.test(String(waypoint.id||''));items.push({id:waypoint.id,name:waypoint.name||'Destino da missão',icon:String(waypoint.icon||(/service-/.test(waypoint.id)?'🚨':/fire-/.test(waypoint.id)?'🔥':/assist-/.test(waypoint.id)?'⚠️':'📍')),group:mission?'Missão ativa':'Destino atual',x:Number(waypoint.x||0),z:Number(waypo"
if,08-map-parent-settings.js,1615,"function currentMapLocations(){const all=[...MAP_LOCATIONS,...(window.OTTHI_ROOM_WORLD?.mapHouseLocations?.()||[]),...missionMapLocations(),...(typeof coopMissionMapLocations==='function'?coopMissionMapLocations():[]),...onlinePlayerMapLocations()];const unique=new Map();for(const loc of all)if(loc?.id)unique.set(loc.id,loc);return[...unique.values()];}"
for,08-map-parent-settings.js,1615,"function currentMapLocations(){const all=[...MAP_LOCATIONS,...(window.OTTHI_ROOM_WORLD?.mapHouseLocations?.()||[]),...missionMapLocations(),...(typeof coopMissionMapLocations==='function'?coopMissionMapLocations():[]),...onlinePlayerMapLocations()];const unique=new Map();for(const loc of all)if(loc?.id)unique.set(loc.id,loc);return[...unique.values()];}"
if,08-map-parent-settings.js,1632,if(d>=1)return false;
if,08-map-parent-settings.js,1633,if(d<.001){const angle=((a.index+1)*2.399963229728653+(b.index+1)*.731);nx=Math.cos(angle);ny=Math.sin(angle);d=1;}
else,08-map-parent-settings.js,1634,else{nx/=d;ny/=d;}
if,08-map-parent-settings.js,1636,if(pushBoth){a.left-=mx*.5;a.top-=my*.5;b.left+=mx*.5;b.top+=my*.5;}
else,08-map-parent-settings.js,1637,else{b.left+=mx;b.top+=my;}
for,08-map-parent-settings.js,1641,for(let pass=0;pass<72;pass++){
for,08-map-parent-settings.js,1643,"for(let i=0;i<points.length;i++)for(let j=i+1;j<points.length;j++)moved=separate(points[i],points[j],gapX,gapY,true)||moved;"
for,08-map-parent-settings.js,1644,for(const point of points){
if,08-map-parent-settings.js,1647,if(pass>38){point.left+=(point.originLeft-point.left)*.006;point.top+=(point.originTop-point.top)*.006;}
if,08-map-parent-settings.js,1650,if(!moved&&pass>10)break;
if,08-map-parent-settings.js,1656,"const marker=$(`[data-map-marker=""${loc.id}""]`,root);if(!marker)return;"
if,08-map-parent-settings.js,1665,for(const loc of locations){if(loc.missionTarget||loc.id===activeId||loc.id===selectedId||loc.id==='home'||loc.coopTarget)priority.push(loc);else regular.push(loc);}
else,08-map-parent-settings.js,1665,for(const loc of locations){if(loc.missionTarget||loc.id===activeId||loc.id===selectedId||loc.id==='home'||loc.coopTarget)priority.push(loc);else regular.push(loc);}
for,08-map-parent-settings.js,1665,for(const loc of locations){if(loc.missionTarget||loc.id===activeId||loc.id===selectedId||loc.id==='home'||loc.coopTarget)priority.push(loc);else regular.push(loc);}
if,08-map-parent-settings.js,1667,"for(const loc of regular){const pos=worldToMap(loc.navX??loc.x,loc.navZ??loc.z),key=`${Math.round(pos.left/cellSize)}:${Math.round(pos.top/cellSize)}`;if(!cells.has(key))cells.set(key,[]);cells.get(key).push(loc);}"
for,08-map-parent-settings.js,1667,"for(const loc of regular){const pos=worldToMap(loc.navX??loc.x,loc.navZ??loc.z),key=`${Math.round(pos.left/cellSize)}:${Math.round(pos.top/cellSize)}`;if(!cells.has(key))cells.set(key,[]);cells.get(key).push(loc);}"
for,08-map-parent-settings.js,1669,for(const group of cells.values()){
if,08-map-parent-settings.js,1670,if(group.length===1){nodes.push(group[0]);continue;}
if,08-map-parent-settings.js,1677,"const cluster=mapClusterLookup[id];if(cluster)return mapClusterSelectionMarkup(cluster);const loc=currentMapLocations().find(x=>x.id===id);if(!loc)return'<div class=""map-selection empty""><b>Toque em um ícone</b><span>O nome aparecerá aqui antes de iniciar a rota.</span></div>';"
if,08-map-parent-settings.js,1681,const point=currentMapLocations().find(p=>p.id===id);if(!point)return;
if,08-map-parent-settings.js,1688,const mapLocations=currentMapLocations();if(!mapSelectedId||(!mapLocations.some(x=>x.id===mapSelectedId)&&!mapClusterLookup[mapSelectedId]))mapSelectedId=activeId||'home';
if,08-map-parent-settings.js,1692,"const grouped=groups.map(group=>{const list=mapLocations.filter(x=>x.group===group);if(!list.length)return'';const items=list.sort((a,b)=>mapDistance(a)-mapDistance(b)).map(loc=>`<button class=""map-destination ${loc.id===activeId?'active':''}"" data-map-list=""${loc.id}""><b>${loc.icon}<em>${loc.name}</em></b><span>${mapDistance(loc)} m</span></button>`).join('');return `<section class=""map-destination-group""><h4>${group}</h4><div>${items}</div></section>`;}).join('');"
if,08-map-parent-settings.js,1696,"const fitMapToViewport=()=>{if(!map||!main)return;const portrait=matchMedia?.('(orientation: portrait)')?.matches??innerHeight>=innerWidth,body=$('.modal-body',els.modal),availableWidth=Math.max(220,main.clientWidth),availableHeight=portrait?Math.min(innerHeight*.55,availableWidth):Math.max(220,Math.min(main.clientHeight,body?.clientHeight||innerHeight*.75)),size=Math.floor(Math.min(availableWidth,availableHeight));map.style.setProperty('--map-size',`${size}px`);map.style.setProperty('width',`${"
if,08-map-parent-settings.js,1698,"const selectMapLocation=id=>{mapSelectedId=id;$$('[data-map-marker]',root).forEach(x=>x.classList.toggle('selected',x.dataset.mapMarker===id));$$('[data-map-list]',root).forEach(x=>x.classList.toggle('selected',x.dataset.mapList===id));selection.innerHTML=mapSelectionMarkup(id);bindRoute();if(matchMedia?.('(orientation: portrait)')?.matches)selection.scrollIntoView?.({behavior:'smooth',block:'nearest'});};"
if,08-map-parent-settings.js,1703,"function refreshOpenMapAfterResize(){if(els.modal.hidden||!els.modal.classList.contains('map-modal'))return;clearTimeout(mapResizeTimer);mapResizeTimer=setTimeout(()=>{if(!els.modal.hidden&&els.modal.classList.contains('map-modal'))openMap();},180);}"
if,08-map-parent-settings.js,1711,"const input=$('[data-reset-word]',root),confirm=async()=>{if(String(input.value||'').trim().toUpperCase()!=='APAGAR'){$('[data-reset-error]',root).hidden=false;input.select();return;}if(!(await confirmModal('Última confirmação','Tem certeza de que deseja reiniciar os dados locais deste aparelho?','Sim, recomeçar','Cancelar')))return;await performLocalReset();state=defaultState();await commitState();location.reload();};"
if,08-map-parent-settings.js,1712,"$('[data-reset-confirm]',root).onclick=confirm;$('[data-reset-cancel]',root).onclick=()=>openParentTools(inGame);input.onkeydown=e=>{if(e.key==='Enter'){e.preventDefault();confirm();}};setTimeout(()=>input.focus(),80);"
if,08-map-parent-settings.js,1718,if(accountLinked()){
if,08-map-parent-settings.js,1719,"try{const remote=await window.OTTHOS_RTDB?.getGuardianSettings?.();if(remote&&typeof remote==='object')guardian={...guardian,...(remote.settings||remote)};}catch{}"
catch,08-map-parent-settings.js,1719,"try{const remote=await window.OTTHOS_RTDB?.getGuardianSettings?.();if(remote&&typeof remote==='object')guardian={...guardian,...(remote.settings||remote)};}catch{}"
catch,08-map-parent-settings.js,1720,try{blocked=await window.OTTHOS_RTDB?.getBlockedPlayers?.()||{};}catch{}
catch,08-map-parent-settings.js,1721,try{const audit=await window.OTTHOS_RTDB?.getActivityAudit?.(120);activityAudit=Array.isArray(audit?.items)?audit.items:[];}catch{}
if,08-map-parent-settings.js,1734,"const limit=$('[data-session-limit]',root);if(limit)limit.value=String(Math.max(0,Number(guardian.sessionLimitMinutes||0)));"
if,08-map-parent-settings.js,1735,"$('[data-save-guardian]',root)?.addEventListener('click',async e=>{const btn=e.currentTarget;draft.sessionLimitMinutes=Math.max(0,Number(limit?.value||0));draft.multiplayerEnabled=true;draft.communicationEnabled=true;draft.chatEnabled=true;btn.disabled=true;btn.textContent='Salvando...';const saveGuardian=window.OTTHOS_RTDB?.saveGuardianSettings;const result=saveGuardian?await saveGuardian(draft):{ok:false,error:'Firebase ainda não está pronto.'};if(result?.ok===false||result===false){btn.disabl"
if,08-map-parent-settings.js,1736,"$$('[data-unblock-player]',root).forEach(btn=>btn.onclick=async()=>{const result=await window.OTTHOS_RTDB?.unblockPlayer?.(btn.dataset.unblockPlayer);if(result?.ok===false||result===false){toast(result?.error||'Não foi possível desbloquear.','warn');return;}toast('Jogador desbloqueado.','good');openParentTools(inGame);});"
if,08-map-parent-settings.js,1740,"fileInput.onchange=async()=>{const file=fileInput.files?.[0];if(!file)return;try{const imported=normalizeState(await window.OTTHOS_DB.importFile(file));if(!(await confirmModal('Importar backup','O progresso atual deste aparelho será substituído pelo arquivo escolhido. Continuar?','Importar','Cancelar')))return;state=imported;await window.OTTHOS_DB.save(state);safeLocalSet(STORAGE_KEY,JSON.stringify(state));location.reload();}catch(error){toast(error.message||'Backup inválido.','bad');}};"
catch,08-map-parent-settings.js,1740,"fileInput.onchange=async()=>{const file=fileInput.files?.[0];if(!file)return;try{const imported=normalizeState(await window.OTTHOS_DB.importFile(file));if(!(await confirmModal('Importar backup','O progresso atual deste aparelho será substituído pelo arquivo escolhido. Continuar?','Importar','Cancelar')))return;state=imported;await window.OTTHOS_DB.save(state);safeLocalSet(STORAGE_KEY,JSON.stringify(state));location.reload();}catch(error){toast(error.message||'Backup inválido.','bad');}};"
if,08-map-parent-settings.js,1745,if(accountLinked()){
if,08-map-parent-settings.js,1747,"const input=$('[data-parent-password]',root),error=$('[data-parent-gate-error]',root),unlock=async()=>{const btn=$('[data-parent-unlock]',root);btn.disabled=true;btn.textContent='Confirmando...';const result=await window.OTTHOS_RTDB?.reauthenticateAccount?.(input.value);if(!result?.ok){error.textContent=result?.error||'Senha incorreta.';error.hidden=false;btn.disabled=false;btn.textContent='Continuar';input.select();return;}openParentTools(inGame);};"
if,08-map-parent-settings.js,1748,"$('[data-parent-unlock]',root).onclick=unlock;$('[data-parent-cancel]',root).onclick=()=>openSettings(inGame);input.onkeydown=e=>{if(e.key==='Enter'){e.preventDefault();unlock();}};setTimeout(()=>input.focus(),80);"
if,08-map-parent-settings.js,1752,"openModal('Acesso de responsável',`<div class=""parent-gate""><span>🛡️</span><h3>Peça ajuda a um adulto</h3><p>Sem uma conta vinculada, esta verificação libera apenas progresso e backup local. Para controles online protegidos por senha, vincule a conta. Responda:</p><label class=""field""><span>Quanto é ${a} × ${b}?</span><input data-parent-answer inputmode=""numeric"" pattern=""[0-9]*"" maxlength=""3"" autocomplete=""off""></label><p data-parent-gate-error class=""account-error"" hidden>Resposta incorreta.</"
if,08-map-parent-settings.js,1777,if (key === 'quality') state.settings.quality = requestedQuality() === 'auto' ? 'high' : requestedQuality() === 'high' ? 'low' : 'auto';
else,08-map-parent-settings.js,1778,else state.settings[key] = !state.settings[key];
if,08-map-parent-settings.js,1781,"$('[data-save-now]',root).onclick=async()=>{ if(running) savePlayerPosition(true); else await commitState(); toast('Progresso salvo no celular.','good'); closeModal(); };"
else,08-map-parent-settings.js,1781,"$('[data-save-now]',root).onclick=async()=>{ if(running) savePlayerPosition(true); else await commitState(); toast('Progresso salvo no celular.','good'); closeModal(); };"
if,08-map-parent-settings.js,1782,"const install=$('[data-install]',root);if(install)install.onclick=installApp;"
if,08-map-parent-settings.js,1783,"const home = $('[data-home]', root); if (home) home.onclick = () => { closeModal(); returnHome(); };"
if,08-map-parent-settings.js,1784,"const exit = $('[data-exit]', root); if (exit) exit.onclick = () => { closeModal(); stopGame(); };"
if,08-map-parent-settings.js,1791,els.challengePromptAccept.onclick=()=>{if(promptSocialRequestId)acceptIncomingSocialRequest(promptSocialRequestId);else if(promptChallengeId)acceptIncomingChallenge(promptChallengeId);else if(promptSessionId){const s=gameSessions.get(promptSessionId);if(s)launchSessionWithCountdown(s);}};
else,08-map-parent-settings.js,1791,els.challengePromptAccept.onclick=()=>{if(promptSocialRequestId)acceptIncomingSocialRequest(promptSocialRequestId);else if(promptChallengeId)acceptIncomingChallenge(promptChallengeId);else if(promptSessionId){const s=gameSessions.get(promptSessionId);if(s)launchSessionWithCountdown(s);}};
if,08-map-parent-settings.js,1792,els.challengePromptDecline.onclick=()=>{if(promptSocialRequestId)declineIncomingSocialRequest(promptSocialRequestId);else if(promptChallengeId)declineIncomingChallenge(promptChallengeId);else closeChallengePrompt();};
else,08-map-parent-settings.js,1792,els.challengePromptDecline.onclick=()=>{if(promptSocialRequestId)declineIncomingSocialRequest(promptSocialRequestId);else if(promptChallengeId)declineIncomingChallenge(promptChallengeId);else closeChallengePrompt();};
if,09-responsive-ar-quality-diagnostics.js,1810,if(compact&&state.ui.quickOpen&&state.ui.skillsOpen)state.ui.skillsOpen=false;
if,09-responsive-ar-quality-diagnostics.js,1811,if(document.body.classList.contains('mode-fishing')){state.ui.quickOpen=false;state.ui.skillsOpen=false;state.ui.needsOpen=false;state.ui.missionOpen=false;els.game?.classList.remove('needs-expanded');els.missionCard?.classList.remove('expanded');}
if,09-responsive-ar-quality-diagnostics.js,1813,"els.skillsToggleBtn?.classList.toggle('active',!!state.ui.skillsOpen);els.quickToggleBtn?.classList.toggle('active',!!state.ui.quickOpen);if(els.quickBar)els.quickBar.hidden=!state.ui.quickOpen;"
if,09-responsive-ar-quality-diagnostics.js,1815,els.quickToggleBtn.onclick = () => { state.ui.quickOpen = !state.ui.quickOpen;if(state.ui.quickOpen)state.ui.skillsOpen=false;syncMobilePanels();saveState(); };
if,09-responsive-ar-quality-diagnostics.js,1816,els.skillsToggleBtn.onclick=()=>{state.ui.skillsOpen=!state.ui.skillsOpen;if(state.ui.skillsOpen)state.ui.quickOpen=false;syncMobilePanels();saveState();};
if,09-responsive-ar-quality-diagnostics.js,1820,els.missionCard.onkeydown = e => { if (e.key === 'Enter' || e.key === ' ') { e.preventDefault(); toggleMission(); } };
if,09-responsive-ar-quality-diagnostics.js,1823,if (!els.nativeViewer || !window.loadModelViewerLib) throw new Error('Visualizador indisponível');
if,09-responsive-ar-quality-diagnostics.js,1824,if (els.viewerStatus) els.viewerStatus.textContent = 'Carregando visualizador 3D…';
if,09-responsive-ar-quality-diagnostics.js,1825,if (els.viewerLoadBtn) els.viewerLoadBtn.disabled = true;
if,09-responsive-ar-quality-diagnostics.js,1833,if (!els.nativeViewer.loaded) {
if,09-responsive-ar-quality-diagnostics.js,1845,if (els.viewerPlaceholder) els.viewerPlaceholder.hidden = true;
if,09-responsive-ar-quality-diagnostics.js,1846,if (els.viewerShell) els.viewerShell.classList.add('viewer-ready');
if,09-responsive-ar-quality-diagnostics.js,1847,if (activateAR) await els.nativeViewer.activateAR();
catch,09-responsive-ar-quality-diagnostics.js,1849,} catch (error) {
if,09-responsive-ar-quality-diagnostics.js,1850,if (els.viewerPlaceholder) els.viewerPlaceholder.hidden = false;
if,09-responsive-ar-quality-diagnostics.js,1851,if (els.viewerStatus) els.viewerStatus.textContent = 'Não foi possível carregar. Toque para tentar novamente.';
if,09-responsive-ar-quality-diagnostics.js,1854,if (els.viewerLoadBtn) els.viewerLoadBtn.disabled = false;
if,09-responsive-ar-quality-diagnostics.js,1876,if (!isAndroidDevice()) return false;
if,09-responsive-ar-quality-diagnostics.js,1881,"if (els.viewerLoadBtn) els.viewerLoadBtn.onclick = () => ensureModelViewerReady().catch(() => toast('Visualizador 3D indisponível agora.','warn',2400));"
catch,09-responsive-ar-quality-diagnostics.js,1881,"if (els.viewerLoadBtn) els.viewerLoadBtn.onclick = () => ensureModelViewerReady().catch(() => toast('Visualizador 3D indisponível agora.','warn',2400));"
if,09-responsive-ar-quality-diagnostics.js,1882,"if (els.insideArBtn) els.insideArBtn.addEventListener('click', event => {"
if,09-responsive-ar-quality-diagnostics.js,1883,if (!isAndroidDevice()) return;
if,09-responsive-ar-quality-diagnostics.js,1889,if (openAndroidSceneViewer()) return;
catch,09-responsive-ar-quality-diagnostics.js,1891,"catch { openModal('Realidade aumentada', '<p>Não foi possível iniciar o AR agora. Verifique a internet e o suporte do aparelho e tente novamente.</p>'); }"
if,09-responsive-ar-quality-diagnostics.js,1919,if(memory<=4||cores<=4)return 'low';
if,09-responsive-ar-quality-diagnostics.js,1920,if(!mobile&&memory>=8&&cores>=8)return 'high';
if,09-responsive-ar-quality-diagnostics.js,1939,if(kind==='motorcycle')return player.car.passengerOf?PLAYER_MODES.MOTORCYCLE_PASSENGER:PLAYER_MODES.MOTORCYCLE_DRIVER;
if,09-responsive-ar-quality-diagnostics.js,1940,if(kind==='bicycle')return PLAYER_MODES.BICYCLE;
if,09-responsive-ar-quality-diagnostics.js,1941,if(kind==='skate')return PLAYER_MODES.SKATE;
if,09-responsive-ar-quality-diagnostics.js,1945,if(player.transit.mode==='metro')return PLAYER_MODES.METRO_PASSENGER;
if,09-responsive-ar-quality-diagnostics.js,1946,if(player.transit.mode==='bus')return PLAYER_MODES.BUS_PASSENGER;
if,09-responsive-ar-quality-diagnostics.js,1947,if(player.boating)return player.boat.passengerOf?PLAYER_MODES.BOAT_PASSENGER:PLAYER_MODES.BOAT_DRIVER;
if,09-responsive-ar-quality-diagnostics.js,1948,if(player.vehicle)return vehiclePlayerMode();
if,09-responsive-ar-quality-diagnostics.js,1949,if(currentHouse)return PLAYER_MODES.INTERIOR;
if,09-responsive-ar-quality-diagnostics.js,1950,if(buildMode)return PLAYER_MODES.BUILDING;
if,09-responsive-ar-quality-diagnostics.js,1951,if(fishingSession||fishingVisual?.active)return PLAYER_MODES.FISHING;
if,09-responsive-ar-quality-diagnostics.js,1952,if(performance.now()<Number(player.emoteUntil||0))return PLAYER_MODES.SOCIAL_ACTION;
if,09-responsive-ar-quality-diagnostics.js,1957,if(player.vehicle)exclusive.push('vehicle');
if,09-responsive-ar-quality-diagnostics.js,1958,if(player.boating)exclusive.push('boat');
if,09-responsive-ar-quality-diagnostics.js,1959,if(player.transit.mode)exclusive.push(`transit:${player.transit.mode}`);
if,09-responsive-ar-quality-diagnostics.js,1960,if(currentHouse)exclusive.push('interior');
if,09-responsive-ar-quality-diagnostics.js,1961,if(buildMode)exclusive.push('building');
if,09-responsive-ar-quality-diagnostics.js,1962,if(fishingSession||fishingVisual?.active)exclusive.push('fishing');
if,09-responsive-ar-quality-diagnostics.js,1965,if(next!==playerModeMachine.state){
if,09-responsive-ar-quality-diagnostics.js,1974,"if(!audit.valid){console.warn('[OTTHOS] Estado de mobilidade conflitante bloqueado',audit);return false;}"
if,09-responsive-ar-quality-diagnostics.js,1985,"if(disabled)return{x:0,z:0,moveX:0,moveZ:0,steer:0,throttle:0,disabled:true,mode};"
if,09-responsive-ar-quality-diagnostics.js,1986,"if([PLAYER_MODES.CAR_DRIVER,PLAYER_MODES.MOTORCYCLE_DRIVER,PLAYER_MODES.BICYCLE,PLAYER_MODES.SKATE,PLAYER_MODES.BOAT_DRIVER].includes(mode))return{x,z,moveX:0,moveZ:0,steer:x,throttle:z,disabled:false,mode};"
if,09-responsive-ar-quality-diagnostics.js,1995,if(tier==='high') return mobile?1.0:1.35;
if,09-responsive-ar-quality-diagnostics.js,1996,if(tier==='low') return mobile?.68:.95;
if,09-responsive-ar-quality-diagnostics.js,2000,if(!renderer)return;
if,09-responsive-ar-quality-diagnostics.js,2002,if(force||!running||Math.abs(perf.appliedDpr-dpr)>.08){renderer.setPixelRatio(dpr);perf.appliedDpr=dpr;}
if,09-responsive-ar-quality-diagnostics.js,2005,"if(sunLight){if(!perf.appliedTier){const size=tier==='high'?(perf.mobile?1024:1536):tier==='balanced'?768:512;sunLight.shadow.mapSize.set(size,size);}sunLight.castShadow=tier==='high'&&!perf.mobile;}"
if,09-responsive-ar-quality-diagnostics.js,2011,if(perf.sampleMs<3)return;
if,09-responsive-ar-quality-diagnostics.js,2013,if(requestedQuality()!=='auto')return;
if,09-responsive-ar-quality-diagnostics.js,2015,if(recommendation===perf.recommendation)perf.recommendationSamples++;else{perf.recommendation=recommendation;perf.recommendationSamples=1;}
else,09-responsive-ar-quality-diagnostics.js,2015,if(recommendation===perf.recommendation)perf.recommendationSamples++;else{perf.recommendation=recommendation;perf.recommendationSamples=1;}
if,09-responsive-ar-quality-diagnostics.js,2019,if(perf.lowSamples>=2&&perf.sessionTier!=='low'){
if,09-responsive-ar-quality-diagnostics.js,2022,}else if(!perf.mobile&&perf.highSamples>=7&&perf.sessionTier!=='high'){
else,09-responsive-ar-quality-diagnostics.js,2022,}else if(!perf.mobile&&perf.highSamples>=7&&perf.sessionTier!=='high'){
if,09-responsive-ar-quality-diagnostics.js,2025,if(perf.recommendationSamples>=5&&recommendation!==state.settings.autoTier&&performance.now()-perf.lastRecommendationSaved>30000){
if,09-responsive-ar-quality-diagnostics.js,2030,for(const mesh of world.criticalSurfaces){if(!mesh)continue;mesh.visible=true;mesh.frustumCulled=false;}
for,09-responsive-ar-quality-diagnostics.js,2030,for(const mesh of world.criticalSurfaces){if(!mesh)continue;mesh.visible=true;mesh.frustumCulled=false;}
if,09-responsive-ar-quality-diagnostics.js,2031,for(const line of world.outlines){if(line?.parent)line.visible=true;}
for,09-responsive-ar-quality-diagnostics.js,2031,for(const line of world.outlines){if(line?.parent)line.visible=true;}
if,09-responsive-ar-quality-diagnostics.js,2032,const glowVisible=visualQualityProfile(qualityTier()).glows;for(const light of world.glows){if(light?.parent)light.visible=glowVisible;}
for,09-responsive-ar-quality-diagnostics.js,2032,const glowVisible=visualQualityProfile(qualityTier()).glows;for(const light of world.glows){if(light?.parent)light.visible=glowVisible;}
if,09-responsive-ar-quality-diagnostics.js,2033,"if(world.clouds){const max=qualityTier()==='high'?8:qualityTier()==='balanced'?6:4;world.clouds.forEach((cloud,i)=>cloud.group.visible=i<max);}"
if,09-responsive-ar-quality-diagnostics.js,2037,if(!worldGroup)return;
if,09-responsive-ar-quality-diagnostics.js,2040,if(!(obj.isMesh||obj.isLine||obj.isLineSegments||obj.isPoints||obj.isSprite))return;
if,09-responsive-ar-quality-diagnostics.js,2042,if(obj.geometry&&!obj.geometry.boundingSphere){try{obj.geometry.computeBoundingSphere();}catch(_){}}
catch,09-responsive-ar-quality-diagnostics.js,2042,if(obj.geometry&&!obj.geometry.boundingSphere){try{obj.geometry.computeBoundingSphere();}catch(_){}}
if,09-responsive-ar-quality-diagnostics.js,2048,if(obj.frustumCulled)enabled++;else bypassed++;
else,09-responsive-ar-quality-diagnostics.js,2048,if(obj.frustumCulled)enabled++;else bypassed++;
if,09-responsive-ar-quality-diagnostics.js,2055,for(const mesh of world.criticalSurfaces){if(mesh&&!mesh.visible)mesh.visible=true;}
for,09-responsive-ar-quality-diagnostics.js,2055,for(const mesh of world.criticalSurfaces){if(mesh&&!mesh.visible)mesh.visible=true;}
if,09-responsive-ar-quality-diagnostics.js,2066,"if(technicalPanel)return technicalPanel;const style=document.createElement('style');style.id='otthosTechnicalPanelStyle';style.textContent='.otthos-tech-panel{position:fixed;z-index:100000;right:max(8px,env(safe-area-inset-right));top:max(8px,env(safe-area-inset-top));width:min(330px,calc(100vw - 16px));max-height:calc(100vh - 16px);overflow:auto;padding:12px;border:1px solid rgba(116,220,255,.65);border-radius:14px;background:rgba(4,13,25,.94);color:#eaf8ff;font:700 12px/1.45 ui-monospace,SFMon"
if,09-responsive-ar-quality-diagnostics.js,2068,"function refreshTechnicalPanel(){if(!technicalPanelVisible)return;const panel=ensureTechnicalPanel(),d=runtimeDiagnostics();panel.querySelector('[data-tech-data]').textContent=[`FPS: ${d.fps} • frame: ${d.frameMs} ms`,`Draw calls: ${d.drawCalls} • triângulos: ${d.triangles}`,`Geometrias: ${d.geometries} • texturas: ${d.textures}`,`Materiais cache: ${d.visual.materials.immutable} • acertos: ${d.visual.materials.hits}`,`LOD: ${d.visual.lod.registered} • perto: ${d.visual.lod.near} • longe: ${d.vis"
if,09-responsive-ar-quality-diagnostics.js,2069,function toggleTechnicalPanel(force){technicalPanelVisible=typeof force==='boolean'?force:!technicalPanelVisible;const panel=ensureTechnicalPanel();panel.hidden=!technicalPanelVisible;if(technicalPanelVisible)refreshTechnicalPanel();}
if,09-responsive-ar-quality-diagnostics.js,2071,"window.addEventListener('keydown',event=>{if(event.code==='F3'){event.preventDefault();toggleTechnicalPanel();}});"
if,09-responsive-ar-quality-diagnostics.js,2072,"document.querySelector('.brand-card')?.addEventListener('pointerup',()=>{technicalPanelTapCount++;clearTimeout(technicalPanelTapTimer);technicalPanelTapTimer=setTimeout(()=>technicalPanelTapCount=0,1400);if(technicalPanelTapCount>=5){technicalPanelTapCount=0;toggleTechnicalPanel();}});"
if,10-player-skills.js,2079,"function skillReady(id){const left=Math.max(0,Number(skillCooldowns[id]||0)-performance.now());if(left>0){toast(`Skill recarregando: ${Math.ceil(left/1000)} s.`,'warn',1200);return false;}return true;}"
for,10-player-skills.js,2084,"for(let elapsed=1000;elapsed<=cooldownMs+50;elapsed+=1000)setTimeout(updateAbilityUI,elapsed);setTimeout(updateAbilityUI,cooldownMs+60);"
if,10-player-skills.js,2087,"if(!c||c.got)return false;c.got=true;c.mesh.visible=false;state.inventory.crystals++;state.stats.collected++;trackDaily('collect',1);addXP(15);addCoins(5);toast(message,'good');beep(880);vibrate(20);evaluateMissions();checkActiveJob();saveState();return true;"
if,10-player-skills.js,2090,if(!playerGroup)return;
if,10-player-skills.js,2091,if(player.vehicle){
if,10-player-skills.js,2100,if(!els.modal.hidden||paused||player.vehicle||player.boating||player.transit.mode)return;
if,10-player-skills.js,2101,"if (!['mini','normal','giant'].includes(mode)) return;"
if,10-player-skills.js,2102,if(mode===player.scaleMode){
if,10-player-skills.js,2103,if(mode==='mini'){
if,10-player-skills.js,2104,"if(!skillReady('miniDash'))return;player.skillDashUntil=performance.now()+1250;recordAdvancedSkill('miniDash',4200);toast('Dash Mini ativado!','good',1400);beep(760,70,'sine');"
if,10-player-skills.js,2105,}else if(mode==='normal'){
else,10-player-skills.js,2105,}else if(mode==='normal'){
if,10-player-skills.js,2106,"if(!player.grounded){toast('Pouse antes de usar o Super Pulo.','warn');return;}if(!skillReady('superJump'))return;state.stats.jumps++;trackDaily('jump',1);player.vy=15;player.grounded=false;recordAdvancedSkill('superJump',4600);toast('Super Pulo!','good',1300);beep(820,80,'sine');vibrate(24);"
else,10-player-skills.js,2107,}else{
if,10-player-skills.js,2108,"if(!skillReady('giantSlam'))return;player.damageUntil=performance.now()+900;for(const enemy of world.enemies)if(!enemy.dead&&distance2D(player,enemy.group.position)<5.4)damageEnemy(enemy,2);for(let i=0;i<9;i++){const a=i/9*Math.PI*2;spawnDust(player.x+Math.sin(a)*1.8,player.z+Math.cos(a)*1.8);}recordAdvancedSkill('giantSlam',6000);toast('Impacto Gigante!','good',1500);beep(125,130,'sawtooth');vibrate([45,25,60]);"
for,10-player-skills.js,2108,"if(!skillReady('giantSlam'))return;player.damageUntil=performance.now()+900;for(const enemy of world.enemies)if(!enemy.dead&&distance2D(player,enemy.group.position)<5.4)damageEnemy(enemy,2);for(let i=0;i<9;i++){const a=i/9*Math.PI*2;spawnDust(player.x+Math.sin(a)*1.8,player.z+Math.cos(a)*1.8);}recordAdvancedSkill('giantSlam',6000);toast('Impacto Gigante!','good',1500);beep(125,130,'sawtooth');vibrate([45,25,60]);"
if,10-player-skills.js,2120,if(!els.modal.hidden||paused||player.vehicle||player.boating||player.transit.mode)return;
if,10-player-skills.js,2121,if(typeof force!=='boolean'&&player.crouched){
if,10-player-skills.js,2122,"if(!skillReady('stealth')){player.crouched=false;state.abilities.crouched=false;updateAbilityUI();saveState();return;}player.crouched=false;state.abilities.crouched=false;player.shieldUntil=performance.now()+5000;recordAdvancedSkill('stealth',8000);toast('Escudo Furtivo: protegido por 5 s.','good',1800);beep(610,90,'sine');return;"
if,10-player-skills.js,2130,if(!els.modal.hidden||paused||player.vehicle||player.boating||player.transit.mode||!skillReady('magnetSpin'))return;
if,10-player-skills.js,2132,"for(const c of world.crystals)if(!c.got&&Math.hypot(player.x-c.x,player.z-c.z)<6){collectCrystal(c,'Cristal atraído pelo Giro Ímã!');pulled++;}"
for,10-player-skills.js,2132,"for(const c of world.crystals)if(!c.got&&Math.hypot(player.x-c.x,player.z-c.z)<6){collectCrystal(c,'Cristal atraído pelo Giro Ímã!');pulled++;}"
if,10-player-skills.js,2133,"for(const enemy of world.enemies)if(!enemy.dead&&distance2D(player,enemy.group.position)<4.6){damageEnemy(enemy,1);const a=Math.atan2(enemy.group.position.x-player.x,enemy.group.position.z-player.z);enemy.group.position.x+=Math.sin(a)*1.4;enemy.group.position.z+=Math.cos(a)*1.4;}"
for,10-player-skills.js,2133,"for(const enemy of world.enemies)if(!enemy.dead&&distance2D(player,enemy.group.position)<4.6){damageEnemy(enemy,1);const a=Math.atan2(enemy.group.position.x-player.x,enemy.group.position.z-player.z);enemy.group.position.x+=Math.sin(a)*1.4;enemy.group.position.z+=Math.cos(a)*1.4;}"
if,10-player-skills.js,2138,"const labels=[[els.crouchBtn,player.crouched?'Escudo':'Abaixar'],[els.miniBtn,player.scaleMode==='mini'?'Dash':'Mini'],[els.normalBtn,player.scaleMode==='normal'?'Super pulo':'Normal'],[els.giantBtn,player.scaleMode==='giant'?'Impacto':'Grande'],[els.spinBtn,'Giro ímã']];for(const [btn,label] of labels){const span=$('span',btn);if(span)span.textContent=label;}"
for,10-player-skills.js,2138,"const labels=[[els.crouchBtn,player.crouched?'Escudo':'Abaixar'],[els.miniBtn,player.scaleMode==='mini'?'Dash':'Mini'],[els.normalBtn,player.scaleMode==='normal'?'Super pulo':'Normal'],[els.giantBtn,player.scaleMode==='giant'?'Impacto':'Grande'],[els.spinBtn,'Giro ímã']];for(const [btn,label] of labels){const span=$('span',btn);if(span)span.textContent=label;}"
if,10-player-skills.js,2139,"for(const [id,getButton] of Object.entries(skillButtons)){const btn=getButton(),left=Math.max(0,skillCooldowns[id]-performance.now());btn?.classList.toggle('cooldown',left>0);if(btn){btn.dataset.cooldown=left>0?String(Math.ceil(left/1000)):'';btn.disabled=left>0&&id==='magnetSpin';}}"
for,10-player-skills.js,2139,"for(const [id,getButton] of Object.entries(skillButtons)){const btn=getButton(),left=Math.max(0,skillCooldowns[id]-performance.now());btn?.classList.toggle('cooldown',left>0);if(btn){btn.dataset.cooldown=left>0?String(Math.ceil(left/1000)):'';btn.disabled=left>0&&id==='magnetSpin';}}"
if,11-render-materials-player-model.js,2152,if (kind === 'grass') {
if,11-render-materials-player-model.js,2153,"for (let i = 0; i < 720; i++) { ctx.fillStyle=pick();const x=rand()*256,y=rand()*256;ctx.fillRect(x,y,2+rand()*7,2+rand()*7);if(i%9===0)ctx.fillRect(x+2,y-5,2,8); }"
for,11-render-materials-player-model.js,2153,"for (let i = 0; i < 720; i++) { ctx.fillStyle=pick();const x=rand()*256,y=rand()*256;ctx.fillRect(x,y,2+rand()*7,2+rand()*7);if(i%9===0)ctx.fillRect(x+2,y-5,2,8); }"
for,11-render-materials-player-model.js,2154,"ctx.fillStyle='rgba(15,65,22,.14)';for(let i=0;i<95;i++)ctx.fillRect(rand()*256,rand()*256,12+rand()*26,2);"
if,11-render-materials-player-model.js,2155,} else if (kind === 'road') {
else,11-render-materials-player-model.js,2155,} else if (kind === 'road') {
for,11-render-materials-player-model.js,2156,"for (let i=0;i<260;i++){ctx.fillStyle=pick();ctx.globalAlpha=.18+rand()*.2;ctx.fillRect(rand()*256,rand()*256,2+rand()*7,1+rand()*4);}ctx.globalAlpha=1;"
for,11-render-materials-player-model.js,2157,"ctx.strokeStyle='rgba(10,16,23,.22)';ctx.lineWidth=2;for(let i=0;i<8;i++){const x=rand()*256,y=rand()*256;ctx.beginPath();ctx.moveTo(x,y);ctx.lineTo(x+10+rand()*22,y-5+rand()*10);ctx.lineTo(x+18+rand()*28,y+rand()*20);ctx.stroke();}"
if,11-render-materials-player-model.js,2158,} else if (kind === 'wood') {
else,11-render-materials-player-model.js,2158,} else if (kind === 'wood') {
for,11-render-materials-player-model.js,2159,"for(let x=0;x<256;x+=48){ctx.fillStyle=x%96?colors[0]:pick();ctx.fillRect(x,0,47,256);ctx.fillStyle='rgba(255,238,190,.12)';ctx.fillRect(x+3,0,3,256);ctx.fillStyle='rgba(50,22,8,.25)';ctx.fillRect(x+45,0,3,256);}"
for,11-render-materials-player-model.js,2160,"ctx.strokeStyle='rgba(66,31,13,.28)';ctx.lineWidth=2;for(let i=0;i<28;i++){const x=rand()*256;ctx.beginPath();ctx.moveTo(x,0);ctx.bezierCurveTo(x+8,65,x-7,150,x+4,256);ctx.stroke();}"
for,11-render-materials-player-model.js,2161,"for(let i=0;i<9;i++){ctx.strokeStyle='rgba(58,28,13,.35)';ctx.strokeRect(rand()*245,rand()*245,5+rand()*9,3+rand()*6);}"
if,11-render-materials-player-model.js,2162,} else if (kind === 'brick') {
else,11-render-materials-player-model.js,2162,} else if (kind === 'brick') {
for,11-render-materials-player-model.js,2163,"ctx.fillStyle=colors[1];ctx.fillRect(0,0,256,256);for(let y=0;y<256;y+=42){const offset=(y/42)%2?32:0;for(let x=-64+offset;x<256;x+=64){ctx.fillStyle=rand()>.5?colors[0]:pick();ctx.fillRect(x+3,y+3,58,36);ctx.fillStyle='rgba(255,255,255,.10)';ctx.fillRect(x+5,y+5,54,3);}}"
if,11-render-materials-player-model.js,2164,} else if (kind === 'sidewalk') {
else,11-render-materials-player-model.js,2164,} else if (kind === 'sidewalk') {
for,11-render-materials-player-model.js,2165,"ctx.strokeStyle='rgba(54,66,80,.22)';ctx.lineWidth=4;for(let y=0;y<=256;y+=48){ctx.beginPath();ctx.moveTo(0,y);ctx.lineTo(256,y);ctx.stroke();}for(let x=0;x<=256;x+=48){ctx.beginPath();ctx.moveTo(x,0);ctx.lineTo(x,256);ctx.stroke();}"
for,11-render-materials-player-model.js,2166,"for(let i=0;i<150;i++){ctx.fillStyle=pick();ctx.globalAlpha=.16;ctx.fillRect(rand()*256,rand()*256,2+rand()*5,2+rand()*5);}ctx.globalAlpha=1;"
if,11-render-materials-player-model.js,2167,} else if (kind === 'water') {
else,11-render-materials-player-model.js,2167,} else if (kind === 'water') {
for,11-render-materials-player-model.js,2169,"for(let y=10;y<256;y+=24){ctx.beginPath();ctx.moveTo(0,y+Math.sin(y)*4);for(let x=0;x<=256;x+=12)ctx.lineTo(x,y+Math.sin((x+y)*.09)*5);ctx.stroke();}"
if,11-render-materials-player-model.js,2171,} else if(kind==='stone'){
else,11-render-materials-player-model.js,2171,} else if(kind==='stone'){
for,11-render-materials-player-model.js,2172,"ctx.fillStyle=colors[1];ctx.fillRect(0,0,256,256);for(let y=0;y<256;y+=50){for(let x=((y/50)%2?-28:0);x<256;x+=58){ctx.fillStyle=rand()>.45?colors[0]:pick();ctx.fillRect(x+3,y+3,52,44);ctx.fillStyle='rgba(255,255,255,.09)';ctx.fillRect(x+5,y+5,48,4);}}"
if,11-render-materials-player-model.js,2173,} else if(kind==='tile'){
else,11-render-materials-player-model.js,2173,} else if(kind==='tile'){
for,11-render-materials-player-model.js,2174,"ctx.strokeStyle=colors[1];ctx.lineWidth=7;for(let p=0;p<=256;p+=64){ctx.beginPath();ctx.moveTo(p,0);ctx.lineTo(p,256);ctx.stroke();ctx.beginPath();ctx.moveTo(0,p);ctx.lineTo(256,p);ctx.stroke();}ctx.fillStyle='rgba(255,255,255,.18)';for(let y=7;y<256;y+=64)for(let x=7;x<256;x+=64)ctx.fillRect(x,y,48,5);"
if,11-render-materials-player-model.js,2175,} else if(kind==='fabric'){
else,11-render-materials-player-model.js,2175,} else if(kind==='fabric'){
for,11-render-materials-player-model.js,2176,"for(let y=0;y<256;y+=12)for(let x=0;x<256;x+=12){ctx.fillStyle=(x/12+y/12)%2?colors[0]:colors[1];ctx.globalAlpha=.62;ctx.fillRect(x,y,12,12);}ctx.globalAlpha=1;"
if,11-render-materials-player-model.js,2177,} else if(kind==='metal'){
else,11-render-materials-player-model.js,2177,} else if(kind==='metal'){
for,11-render-materials-player-model.js,2178,"for(let y=0;y<256;y+=32){ctx.fillStyle=y%64?colors[0]:colors[1];ctx.fillRect(0,y,256,32);ctx.fillStyle='rgba(255,255,255,.14)';ctx.fillRect(0,y,256,3);}for(const x of [10,246])for(let y=14;y<256;y+=42){ctx.fillStyle='#6c7b88';ctx.fillRect(x-3,y-3,6,6);}"
if,11-render-materials-player-model.js,2186,"const configure=target=>{target.wrapS=target.wrapT=THREE.RepeatWrapping;target.repeat.set(repeatX,repeatY);target.magFilter=THREE.LinearFilter;target.minFilter=THREE.LinearMipmapLinearFilter;target.generateMipmaps=true;target.anisotropy=(renderer&&renderer.capabilities)?Math.min(12,renderer.capabilities.getMaxAnisotropy()):4;if('colorSpace' in target&&THREE.SRGBColorSpace)target.colorSpace=THREE.SRGBColorSpace;else target.encoding=THREE.sRGBEncoding;};configure(texture);"
else,11-render-materials-player-model.js,2186,"const configure=target=>{target.wrapS=target.wrapT=THREE.RepeatWrapping;target.repeat.set(repeatX,repeatY);target.magFilter=THREE.LinearFilter;target.minFilter=THREE.LinearMipmapLinearFilter;target.generateMipmaps=true;target.anisotropy=(renderer&&renderer.capabilities)?Math.min(12,renderer.capabilities.getMaxAnisotropy()):4;if('colorSpace' in target&&THREE.SRGBColorSpace)target.colorSpace=THREE.SRGBColorSpace;else target.encoding=THREE.sRGBEncoding;};configure(texture);"
for,11-render-materials-player-model.js,2235,"for(const [id,material] of Object.entries(materials))registerVisualAsset(`material:${id}`,material,{type:'material',status:'ready',shared:true});"
if,11-render-materials-player-model.js,2249,if(sharedGeometryCache.box.has(key))visualFoundation.geometryCacheHits++;
else,11-render-materials-player-model.js,2250,"else{visualFoundation.geometryCacheMisses++;sharedGeometryCache.box.set(key,new THREE.BoxGeometry(w,h,d));}"
if,11-render-materials-player-model.js,2255,if(sharedGeometryCache.cylinder.has(key))visualFoundation.geometryCacheHits++;
else,11-render-materials-player-model.js,2256,"else{visualFoundation.geometryCacheMisses++;sharedGeometryCache.cylinder.set(key,new THREE.CylinderGeometry(r,r,h,sides));}"
if,11-render-materials-player-model.js,2261,if(immutableVisualMaterials.has(key))visualFoundation.materialCacheHits++;
else,11-render-materials-player-model.js,2262,"else{visualFoundation.materialCacheMisses++;immutableVisualMaterials.set(key,mat(color,opts));}"
if,11-render-materials-player-model.js,2268,"if(!tintedBrickMaterialCache.has(key))tintedBrickMaterialCache.set(key,new THREE.MeshStandardMaterial({map:source,color:new THREE.Color(color).lerp(new THREE.Color(0xffffff),.34),roughness:.8,metalness:0,flatShading:true}));"
if,11-render-materials-player-model.js,2272,"const key=Number(color);if(!roofMaterialCache.has(key))roofMaterialCache.set(key,new THREE.MeshStandardMaterial({map:textures.roof,color:new THREE.Color(color).lerp(new THREE.Color(0xffffff),.12),roughness:.76,metalness:0,flatShading:true}));return roofMaterialCache.get(key);"
if,11-render-materials-player-model.js,2275,if(!cache||!value)return false;
if,11-render-materials-player-model.js,2276,for(const cached of cache.values())if(cached===value)return true;
for,11-render-materials-player-model.js,2276,for(const cached of cache.values())if(cached===value)return true;
if,11-render-materials-player-model.js,2287,if(!root?.traverse)return;
if,11-render-materials-player-model.js,2290,if(object.userData?.v615Outline&&world?.outlines){
if,11-render-materials-player-model.js,2292,"if(outlineIndex>=0)world.outlines.splice(outlineIndex,1);"
if,11-render-materials-player-model.js,2295,if(geometry&&!visualCacheOwnsGeometry(geometry)&&!disposedGeometry.has(geometry)){disposedGeometry.add(geometry);geometry.dispose?.();}
for,11-render-materials-player-model.js,2297,for(const material of objectMaterials.filter(Boolean)){
if,11-render-materials-player-model.js,2298,if(visualCacheOwnsMaterial(material)||disposedMaterial.has(material))continue;
if,11-render-materials-player-model.js,2301,if(map&&!visualCacheOwnsTexture(map)&&!disposedTexture.has(map)){disposedTexture.add(map);map.dispose?.();}
if,11-render-materials-player-model.js,2316,"function stabilizeSurface(mesh,renderOrder=0){if(!mesh)return mesh;mesh.frustumCulled=false;mesh.castShadow=false;mesh.receiveShadow=false;mesh.renderOrder=renderOrder;mesh.userData.stableSurface=true;world.criticalSurfaces.push(mesh);return mesh;}"
if,11-render-materials-player-model.js,2328,if(!mesh?.geometry||mesh.userData?.voxelOutline)return mesh;
if,11-render-materials-player-model.js,2330,"if(!outlineGeometryCache.has(geometryKey))outlineGeometryCache.set(geometryKey,new THREE.EdgesGeometry(mesh.geometry,22));"
if,11-render-materials-player-model.js,2332,"if(!outlineMaterialCache.has(materialKey))outlineMaterialCache.set(materialKey,new THREE.LineBasicMaterial({color,transparent:true,opacity,depthWrite:false}));"
for,11-render-materials-player-model.js,2348,"premiumBox(1.35,.34,.48,0x8a522d,x,y,z,parent);for(const ox of [-.42,0,.42]){premiumBox(.08,.4,.08,0x2f9d46,x+ox,y+.32,z,parent);premiumBox(.28,.16,.28,color,x+ox,y+.55,z,parent);}return parent;"
for,11-render-materials-player-model.js,2374,"for(const arm of [parts.leftArm,parts.rightArm]){"
for,11-render-materials-player-model.js,2378,"for(const leg of [parts.leftLeg,parts.rightLeg]){"
if,11-render-materials-player-model.js,2405,vehicleVisual.userData.wheels.push(wheel);if(front)vehicleVisual.userData.frontWheels.push(holder);
if,11-render-materials-player-model.js,2407,"playerModel.traverse(o=>{if(o.isMesh)addVoxelOutline(o,0x0a1a2d,.4);});"
if,11-render-materials-player-model.js,2408,"vehicleVisual.traverse(o=>{if(o.isMesh)addVoxelOutline(o,0x14243a,.3);});"
if,11-render-materials-player-model.js,2421,if (avatarLayer && playerGroup){playerGroup.remove(avatarLayer);disposeDetachedVisual(avatarLayer);}
for,11-render-materials-player-model.js,2422,for(const attachment of playerModel?.userData?.avatarAttachments||[]){try{attachment.parent?.remove(attachment);disposeDetachedVisual(attachment);}catch{}}
catch,11-render-materials-player-model.js,2422,for(const attachment of playerModel?.userData?.avatarAttachments||[]){try{attachment.parent?.remove(attachment);disposeDetachedVisual(attachment);}catch{}}
if,11-render-materials-player-model.js,2423,if(playerModel)playerModel.userData.avatarAttachments=[];
if,11-render-materials-player-model.js,2430,if(playerModel){playerModel.userData.avatarAttachments=playerModel.userData.avatarAttachments||[];playerModel.userData.avatarAttachments.push(layer);}
if,11-render-materials-player-model.js,2438,"box(w,h,d,color,x,y,z,parent);if(reflective)box(w+.025,.09,d+.025,reflective,x,y-h*.18,z,parent);"
if,11-render-materials-player-model.js,2454,const parts=playerModel?.userData?.parts;if(!parts)return null;
for,11-render-materials-player-model.js,2460,"for(const arm of[leftArm,rightArm]){"
if,11-render-materials-player-model.js,2462,"if(uniform!=='none')box(.385,.085,.385,palette.accent,0,-.48,.005,arm);"
for,11-render-materials-player-model.js,2464,"for(const leg of[leftLeg,rightLeg]){"
if,11-render-materials-player-model.js,2466,"if(uniform==='firefighter'||uniform==='paramedic'||uniform==='builder')box(.435,.085,.46,palette.accent,0,-.74,.02,leg);"
if,11-render-materials-player-model.js,2468,if(uniform!=='none'){
if,11-render-materials-player-model.js,2475,if (!playerGroup || !window.THREE) return;
if,11-render-materials-player-model.js,2479,if(uniform!=='none'&&dressed){
if,11-render-materials-player-model.js,2481,if(uniform==='firefighter'){
if,11-render-materials-player-model.js,2483,}else if(uniform==='police'){
else,11-render-materials-player-model.js,2483,}else if(uniform==='police'){
if,11-render-materials-player-model.js,2485,}else if(uniform==='paramedic'){
else,11-render-materials-player-model.js,2485,}else if(uniform==='paramedic'){
if,11-render-materials-player-model.js,2487,"}else if(uniform==='teacher'){box(.18,.70,.08,0x6e4a2f,.43,.03,.45,body);box(.40,.27,.08,0xf7f1d0,.43,.35,.45,body);addUniformPatch(body,'PROFESSOR','#ffffff','#397a51',0,.15,.43,0,.82,.20);"
else,11-render-materials-player-model.js,2487,"}else if(uniform==='teacher'){box(.18,.70,.08,0x6e4a2f,.43,.03,.45,body);box(.40,.27,.08,0xf7f1d0,.43,.35,.45,body);addUniformPatch(body,'PROFESSOR','#ffffff','#397a51',0,.15,.43,0,.82,.20);"
if,11-render-materials-player-model.js,2488,"}else if(uniform==='delivery'){box(.82,.95,.42,0x8b5a2b,0,1.62,-.58,avatarLayer);addUniformPatch(body,'ENTREGA','#ffffff','#b86d13',0,.15,.43,0,.75,.20);"
else,11-render-materials-player-model.js,2488,"}else if(uniform==='delivery'){box(.82,.95,.42,0x8b5a2b,0,1.62,-.58,avatarLayer);addUniformPatch(body,'ENTREGA','#ffffff','#b86d13',0,.15,.43,0,.75,.20);"
if,11-render-materials-player-model.js,2489,"}else if(uniform==='mechanic'){box(.22,.32,.08,0xf3bd37,.34,-.03,.44,body);box(.90,.16,.85,0x26384e,0,3.25,0,avatarLayer);addUniformPatch(body,'OFICINA','#ffffff','#274d75',0,.15,.43,0,.75,.20);"
else,11-render-materials-player-model.js,2489,"}else if(uniform==='mechanic'){box(.22,.32,.08,0xf3bd37,.34,-.03,.44,body);box(.90,.16,.85,0x26384e,0,3.25,0,avatarLayer);addUniformPatch(body,'OFICINA','#ffffff','#274d75',0,.15,.43,0,.75,.20);"
if,11-render-materials-player-model.js,2490,"}else if(uniform==='miner'){const helm=new THREE.Mesh(new THREE.SphereGeometry(.64,12,8,0,Math.PI*2,0,Math.PI*.62),mat(0xf0bb2d,{metalness:.08}));helm.position.set(0,3.08,0);avatarLayer.add(helm);box(.22,.22,.08,0xf8f4c6,0,3.17,.58,avatarLayer);box(.75,.18,.07,0x3b2c1b,0,.15,.43,body);"
else,11-render-materials-player-model.js,2490,"}else if(uniform==='miner'){const helm=new THREE.Mesh(new THREE.SphereGeometry(.64,12,8,0,Math.PI*2,0,Math.PI*.62),mat(0xf0bb2d,{metalness:.08}));helm.position.set(0,3.08,0);avatarLayer.add(helm);box(.22,.22,.08,0xf8f4c6,0,3.17,.58,avatarLayer);box(.75,.18,.07,0x3b2c1b,0,.15,.43,body);"
if,11-render-materials-player-model.js,2491,"}else if(uniform==='builder'){box(1.14,.20,.82,0xf8d54a,0,3.24,0,avatarLayer);box(.72,.15,.85,0xf8d54a,0,3.15,.50,avatarLayer);box(.12,1.02,.07,0xfff2a1,-.33,0,.43,body);box(.12,1.02,.07,0xfff2a1,.33,0,.43,body);"
else,11-render-materials-player-model.js,2491,"}else if(uniform==='builder'){box(1.14,.20,.82,0xf8d54a,0,3.24,0,avatarLayer);box(.72,.15,.85,0xf8d54a,0,3.15,.50,avatarLayer);box(.12,1.02,.07,0xfff2a1,-.33,0,.43,body);box(.12,1.02,.07,0xfff2a1,.33,0,.43,body);"
if,11-render-materials-player-model.js,2492,"}else if(uniform==='sport'){box(.20,.70,.07,0xf5d84d,-.33,.02,.44,body);box(.20,.70,.07,0xf5d84d,.33,.02,.44,body);addUniformPatch(body,'ATLETA','#ffffff','#185fa8',0,.15,.43,0,.72,.20);}"
else,11-render-materials-player-model.js,2492,"}else if(uniform==='sport'){box(.20,.70,.07,0xf5d84d,-.33,.02,.44,body);box(.20,.70,.07,0xf5d84d,.33,.02,.44,body);addUniformPatch(body,'ATLETA','#ffffff','#185fa8',0,.15,.43,0,.72,.20);}"
if,11-render-materials-player-model.js,2494,if(uniform==='none'){
if,11-render-materials-player-model.js,2495,"if(hat==='cap'){box(1.0,.22,1.0,0x2477d4,0,3.28,0,avatarLayer);box(.55,.10,.55,0x2477d4,0,3.18,.58,avatarLayer);}"
if,11-render-materials-player-model.js,2496,"else if(hat==='crown'){box(.92,.25,.92,0xffd84d,0,3.32,0,avatarLayer);[[-.32,.22],[0,.34],[.32,.22]].forEach(([x,h])=>box(.18,h,.18,0xffd84d,x,3.48+h/2,0,avatarLayer));}"
else,11-render-materials-player-model.js,2496,"else if(hat==='crown'){box(.92,.25,.92,0xffd84d,0,3.32,0,avatarLayer);[[-.32,.22],[0,.34],[.32,.22]].forEach(([x,h])=>box(.18,h,.18,0xffd84d,x,3.48+h/2,0,avatarLayer));}"
if,11-render-materials-player-model.js,2497,"else if(hat==='helmet'){const helm=new THREE.Mesh(new THREE.SphereGeometry(.62,12,8,0,Math.PI*2,0,Math.PI*.62),mat(0xf97316,{metalness:.08}));helm.position.set(0,3.08,0);avatarLayer.add(helm);}"
else,11-render-materials-player-model.js,2497,"else if(hat==='helmet'){const helm=new THREE.Mesh(new THREE.SphereGeometry(.62,12,8,0,Math.PI*2,0,Math.PI*.62),mat(0xf97316,{metalness:.08}));helm.position.set(0,3.08,0);avatarLayer.add(helm);}"
if,11-render-materials-player-model.js,2498,"if(accessory==='backpack'){box(.78,1.05,.42,0x9a5b2b,0,1.65,-.58,avatarLayer);}"
if,11-render-materials-player-model.js,2499,"else if(accessory==='glasses'){box(.38,.18,.08,0x111827,-.26,2.78,.59,avatarLayer);box(.38,.18,.08,0x111827,.26,2.78,.59,avatarLayer);box(.18,.06,.08,0x111827,0,2.78,.59,avatarLayer);}"
else,11-render-materials-player-model.js,2499,"else if(accessory==='glasses'){box(.38,.18,.08,0x111827,-.26,2.78,.59,avatarLayer);box(.38,.18,.08,0x111827,.26,2.78,.59,avatarLayer);box(.18,.06,.08,0x111827,0,2.78,.59,avatarLayer);}"
if,11-render-materials-player-model.js,2500,"else if(accessory==='cape'){const cape=box(.92,1.35,.08,0x8b5cf6,0,1.58,-.60,avatarLayer);cape.rotation.x=-.08;}"
else,11-render-materials-player-model.js,2500,"else if(accessory==='cape'){const cape=box(.92,1.35,.08,0x8b5cf6,0,1.58,-.60,avatarLayer);cape.rotation.x=-.08;}"
if,11-render-materials-player-model.js,2502,const markShadows=layer=>layer?.traverse(o=>{if(o.isMesh){o.castShadow=true;o.receiveShadow=true;}});markShadows(avatarLayer);for(const attachment of playerModel.userData.avatarAttachments||[])markShadows(attachment);
for,11-render-materials-player-model.js,2502,const markShadows=layer=>layer?.traverse(o=>{if(o.isMesh){o.castShadow=true;o.receiveShadow=true;}});markShadows(avatarLayer);for(const attachment of playerModel.userData.avatarAttachments||[])markShadows(attachment);
if,11-render-materials-player-model.js,2509,if (entry.getPos) return entry.getPos();
if,12-world-resources-nature.js,2515,if (entry.disabled) return false;
if,12-world-resources-nature.js,2516,if (currentHouse) return entry.houseId === currentHouse.id || entry.globalInside;
if,12-world-resources-nature.js,2524,if(!batch.stem){
if,12-world-resources-nature.js,2528,if(!batch.petals.has(color)){
if,12-world-resources-nature.js,2546,"if(!resource&&scale>.8){box(.34*scale,.18*scale,.34*scale,0xffe26a,.7*scale,3.95*scale,.65*scale,high);}"
if,12-world-resources-nature.js,2551,if(resource){
if,12-world-resources-nature.js,2561,"if(resource){world.resources.push({id,type:'stone',x,z,mesh,collected:false,hits:0,hitsNeeded:2});registerInteractable({id,type:'resource',icon:'⛏️',label:'Extrair pedra com picareta',x,z,radius:2.2,priority:135,action:()=>collectResource(id)});} return mesh;"
for,12-world-resources-nature.js,2574,"for(const [ox,oz,s] of [[-7,-4,2.4],[7,-4,2.4],[-7,4,2.6],[7,4,2.6],[-4,-5,2],[4,-5,2]]){const rock=new THREE.Mesh(new THREE.DodecahedronGeometry(s,0),materials.stone);rock.position.set(ox,s*.48,oz);rock.scale.y=1.35;g.add(rock);}"
for,12-world-resources-nature.js,2576,"for(const ox of [-2.5,2.5]){premiumBox(.35,4.7,.35,materials.wood,ox,2.4,-4.3,g);premiumBox(3.1,.35,.35,materials.wood,ox/2,4.65,-4.3,g);}"
for,12-world-resources-nature.js,2588,"for(const ox of [-1.65,1.65])premiumBox(.28,3.6,.28,materials.wood,ox,2.0,0,g);"
if,12-world-resources-nature.js,2595,"if(state.tools.equipped!=='bucket'){toast('Equipe o balde no menu Ferramentas.','warn',1800);return;}"
if,12-world-resources-nature.js,2596,"const now=performance.now();if(world.well&&now-world.well.lastDrawAt<2500){toast('O balde ainda está subindo.','warn',1100);return;}if(world.well)world.well.lastDrawAt=now;"
if,12-world-resources-nature.js,2601,if(batch.stemCount<256){
if,12-world-resources-nature.js,2605,if(petals.count<128){
for,12-world-resources-nature.js,2624,"for(let i=0;i<=segments;i++){const t=i/segments;box(.18,1.0,.18,materials.wood,lerp(x1,x2,t),.5,lerp(z1,z2,t));}"
if,12-world-resources-nature.js,2631,if(horizontal){
for,12-world-resources-nature.js,2635,"for(let lx=-w/2+3;lx<w/2-1.5;lx+=6)stableBox(2.35,.022,.34,lineMaterial,x+lx,.132,z,worldGroup,3);"
else,12-world-resources-nature.js,2637,}else{
for,12-world-resources-nature.js,2641,"for(let lz=-d/2+3;lz<d/2-1.5;lz+=6)stableBox(.34,.022,2.35,lineMaterial,x,.132,z+lz,worldGroup,3);"
for,12-world-resources-nature.js,2645,"function createWater(x,z,w,d){const water=stableBox(w,.12,d,materials.water,x,.04,z,worldGroup,1);water.material.depthWrite=false;for(let px=x-w/2+2;px<x+w/2;px+=4){stableBox(3.2,.18,.7,0x9fadb8,px,.09,z-d/2-.35,worldGroup,2);stableBox(3.2,.18,.7,0x9fadb8,px,.09,z+d/2+.35,worldGroup,2);}world.hazards.push({type:'water',x,z,w,d});}"
if,12-world-resources-nature.js,2651,if(type==='bed'){
if,12-world-resources-nature.js,2655,if(type==='sofa'){
if,12-world-resources-nature.js,2660,if(type==='tv'){
if,12-world-resources-nature.js,2665,if(type==='fridge'){
if,12-world-resources-nature.js,2669,if(type==='stove'){
for,12-world-resources-nature.js,2671,"for(const ox of [-.28,.28])for(const oz of [-.2,.2])cylinder(.13,.045,0x111827,ox,.95,oz,group,12);"
for,12-world-resources-nature.js,2672,"for(const ox of [-.3,0,.3])cylinder(.04,.07,0xe8edf2,ox,.8,.46,group,8);"
if,12-world-resources-nature.js,2674,if(type==='sink'){
if,12-world-resources-nature.js,2678,if(type==='shower'){
if,12-world-resources-nature.js,2682,"if(type==='chest'){box(1.25,.72,.82,wood,0,.36,0,group);box(1.3,.2,.87,0xffc629,0,.82,0,group);box(.18,.34,.08,metal,0,.55,.44,group);}"
if,12-world-resources-nature.js,2683,"if(type==='table'){box(1.6,.17,1.05,wood,0,.9,0,group);for(const ox of [-.58,.58])for(const oz of [-.35,.35])box(.13,.82,.13,wood,ox,.42,oz,group);box(.55,.08,.55,0x56c5ff,0,.99,0,group);}"
for,12-world-resources-nature.js,2683,"if(type==='table'){box(1.6,.17,1.05,wood,0,.9,0,group);for(const ox of [-.58,.58])for(const oz of [-.35,.35])box(.13,.82,.13,wood,ox,.42,oz,group);box(.55,.08,.55,0x56c5ff,0,.99,0,group);}"
if,12-world-resources-nature.js,2684,"if(type==='wardrobe'){box(1.55,2.14,.68,renderMat(0x89502b,{roughness:.8}),0,1.07,0,group);box(.06,1.9,.7,0x5e351c,0,1.07,0,group);box(.08,.12,.08,0xffd84d,-.13,1.08,.37,group);box(.08,.12,.08,0xffd84d,.13,1.08,.37,group);}"
if,12-world-resources-nature.js,2685,if(type==='desk'){
for,12-world-resources-nature.js,2686,"box(1.75,.16,.88,wood,0,.83,0,group);for(const ox of [-.65,.65])for(const oz of [-.28,.28])box(.12,.76,.12,wood,ox,.4,oz,group);"
for,12-world-resources-nature.js,2688,"box(1.05,.14,.34,materials.fabric,0,.5,.72,group);box(1.05,.72,.14,materials.fabric,0,.83,.86,group);for(const ox of [-.42,.42])box(.1,.47,.1,metal,ox,.24,.72,group);"
if,12-world-resources-nature.js,2690,if(type==='bookshelf'){
for,12-world-resources-nature.js,2691,"box(1.72,2.25,.4,wood,0,1.12,0,group);for(const y of [.2,.75,1.3,1.85,2.22])box(1.68,.1,.46,shadeColor(0x89502b,-16),0,y,0,group);"
for,12-world-resources-nature.js,2692,"const colors=[0xe34e52,0x3f8fd5,0xf0c441,0x55ad67,0x8d65c5];for(let row=0;row<4;row++)for(let i=0;i<7;i++)box(.16,.38,.3,colors[(i+row)%colors.length],-.62+i*.205,.43+row*.55,.04,group);"
if,12-world-resources-nature.js,2694,if(type==='board'){
for,12-world-resources-nature.js,2696,"for(const ox of [-1.2,-.45,.35,1.05])box(.42,.06,.025,0xf1f5d5,ox,1.6,.075,group);"
if,12-world-resources-nature.js,2698,"if(type==='bench'){box(2.25,.22,.62,materials.fabric,0,.62,0,group);box(2.25,.74,.18,materials.fabric,0,1.0,-.24,group);for(const ox of [-.82,.82])box(.14,.55,.14,metal,ox,.28,0,group);}"
for,12-world-resources-nature.js,2698,"if(type==='bench'){box(2.25,.22,.62,materials.fabric,0,.62,0,group);box(2.25,.74,.18,materials.fabric,0,1.0,-.24,group);for(const ox of [-.82,.82])box(.14,.55,.14,metal,ox,.28,0,group);}"
if,12-world-resources-nature.js,2699,if(type==='radio'){
for,12-world-resources-nature.js,2700,"box(1.35,.88,.65,materials.metal,0,.7,0,group);box(.72,.42,.05,dark,-.18,.72,.35,group);for(let i=0;i<4;i++)box(.06,.32,.04,0x9aaaba,-.46+i*.14,.72,.39,group);"
if,12-world-resources-nature.js,2703,if(type==='plant'){
for,12-world-resources-nature.js,2705,"for(const [ox,oy,oz] of [[-.34,1.25,0],[.34,1.08,.08],[0,1.48,-.15],[-.15,1.05,.28]])premiumBox(.62,.22,.4,0x55b94b,ox,oy,oz,group);"
for,12-world-resources-nature.js,2718,for(const word of words){
if,12-world-resources-nature.js,2721,if(ctx.measureText(candidate).width<=maxWidth||!lines[lines.length-1]) lines[lines.length-1]=candidate;
if,12-world-resources-nature.js,2722,else if(lines.length<2) lines.push(word);
else,12-world-resources-nature.js,2722,else if(lines.length<2) lines.push(word);
else,12-world-resources-nature.js,2723,else lines[1]+=' '+word;
while,12-world-resources-nature.js,2726,while(fontSize>30){
if,12-world-resources-nature.js,2728,if(lines.every(line=>ctx.measureText(line).width<=maxWidth)) break;
if,13-houses-npcs-vehicles-base.js,2753,if(publicBuilding){
for,13-houses-npcs-vehicles-base.js,2755,"for(let i=-4;i<=4;i++)box(.58,.18,1.25,i%2?0xfff5df:awningColor,x+i*.58,2.44,z+3.92,house.front);"
else,13-houses-npcs-vehicles-base.js,2758,}else{
if,13-houses-npcs-vehicles-base.js,2762,"house.roof.traverse(o=>{if(o.isMesh&&o.geometry?.type==='BoxGeometry')addVoxelOutline(o,0x182238,.24)});"
if,13-houses-npcs-vehicles-base.js,2763,"house.front.traverse(o=>{if(o.isMesh&&o.geometry?.type==='BoxGeometry')addVoxelOutline(o,0x182238,.25)});"
for,13-houses-npcs-vehicles-base.js,2774,"for(const cx of [-4.12,4.12]){box(.24,2.82,.4,corner,x+cx,1.5,z-3.28);box(.24,2.82,.4,corner,x+cx,1.5,z+3.28,house.front);}"
if,13-houses-npcs-vehicles-base.js,2785,"if(!publicBuilding){createFlower(x-3.1,z+4.7,shadeColor(0xff70c8,(id.charCodeAt(0)%3)*20-20));createFlower(x+3.1,z+4.7,0xffdf55);}"
if,13-houses-npcs-vehicles-base.js,2794,if(type==='home'){
if,13-houses-npcs-vehicles-base.js,2810,} else if(type==='shop'){
else,13-houses-npcs-vehicles-base.js,2810,} else if(type==='shop'){
for,13-houses-npcs-vehicles-base.js,2813,"for(const x of [-2.7,0,2.7]){createFurniture(house,'bookshelf',x,-1.35,0,'Prateleira de produtos');for(const z of [-.95,-1.65])premiumBox(.55,.32,.42,[0xffd84d,0x5bd18b,0xff7b72][Math.abs(Math.round(x))%3],house.x+x,.95,house.z+z);}"
for,13-houses-npcs-vehicles-base.js,2815,"const lampA=addGlow(house.x-2.3,2.35,house.z,0xffffff,5),lampB=addGlow(house.x+2.3,2.35,house.z,0xffffff,5);house.interiorObjects.push(lampA,lampB);premiumBox(2.4,.12,.82,0x4b7a5d,house.x-1.45,1.18,house.z+2.45);premiumBox(1.35,.42,.12,0xfff1b8,house.x-1.45,1.52,house.z+2.02);for(const px of [-2.8,-1.8,-.8,.8,1.8,2.8])premiumBox(.58,.08,.58,0xf7e9cb,house.x+px,2.55,house.z);"
if,13-houses-npcs-vehicles-base.js,2816,} else if(type==='workshop'){
else,13-houses-npcs-vehicles-base.js,2816,} else if(type==='workshop'){
if,13-houses-npcs-vehicles-base.js,2819,} else if(type==='school'){
else,13-houses-npcs-vehicles-base.js,2819,} else if(type==='school'){
for,13-houses-npcs-vehicles-base.js,2822,"for(const [x,z] of [[-2.6,-1.2],[0,-1.2],[2.6,-1.2],[-2.6,.65],[0,.65],[2.6,.65]])createFurniture(house,'desk',x,z,0,'Carteira escolar');"
for,13-houses-npcs-vehicles-base.js,2823,"createFurniture(house,'bookshelf',3.25,2.15,0,'Biblioteca');createFurniture(house,'plant',-3.3,2.1,0,'Horta da turma');createFurniture(house,'desk',0,2.15,0,'Mesa do professor');const teacherWardrobe=createFurniture(house,'wardrobe',-3.25,1.15,0,'Uniformes profissionais');registerActivity(house,teacherWardrobe,'wardrobe');for(const x of [-2.6,0,2.6])premiumBox(.7,.85,.28,0x4a90c4,house.x+x,.62,house.z+2.78);for(const [px,c] of [[-2.5,0xffd34d],[0,0x64d986],[2.5,0xff728e]])premiumBox(1.45,.85,.08"
if,13-houses-npcs-vehicles-base.js,2824,} else if(type==='police'){
else,13-houses-npcs-vehicles-base.js,2824,} else if(type==='police'){
for,13-houses-npcs-vehicles-base.js,2828,"createFurniture(house,'board',0,2.7,0,'Regras de trânsito');createFurniture(house,'bookshelf',-3.25,1.7,0,'Guias de segurança');const policeWardrobe=createFurniture(house,'wardrobe',3.15,-1.85,0,'Armário de uniformes');registerActivity(house,policeWardrobe,'wardrobe');premiumBox(8.0,.22,.1,0x245da8,house.x,1.08,house.z-3.0);for(const px of [-1.0,0,1.0])premiumBox(.72,.42,.08,0x7edfff,house.x+px,1.48,house.z-2.94);premiumBox(1.65,.08,1.0,0x2a4058,house.x,2.55,house.z);"
if,13-houses-npcs-vehicles-base.js,2829,} else if(type==='firestation'){
else,13-houses-npcs-vehicles-base.js,2829,} else if(type==='firestation'){
for,13-houses-npcs-vehicles-base.js,2833,"for(const x of [1.75,2.45,3.15])premiumCylinder(.18,1.7,0xe24b3f,house.x+x,.9,house.z+2.45,worldGroup,12);for(let line=-3;line<=3;line+=1.2)premiumBox(.48,.025,5.6,line<0?0xf1c83b:0x222b34,house.x+line,.205,house.z);for(const px of [-2.9,-2.15,-1.4]){premiumBox(.62,1.65,.55,0xc43d38,house.x+px,.88,house.z+2.35);premiumBox(.5,.18,.62,0xf1cc3d,house.x+px,1.8,house.z+2.35);}premiumBox(2.2,.08,1.0,0xfff0cf,house.x,2.55,house.z);"
if,13-houses-npcs-vehicles-base.js,2834,} else if(type==='neighbor'){
else,13-houses-npcs-vehicles-base.js,2834,} else if(type==='neighbor'){
if,13-houses-npcs-vehicles-base.js,2853,"box(.76,.18,.64,hairColor,0,2.38,0,group);if(hash%3===0){box(.18,.42,.58,hairColor,-.34,2.15,0,group);box(.18,.42,.58,hairColor,.34,2.15,0,group);}else if(hash%3===1){box(.72,.12,.12,hairColor,0,2.14,.34,group);}"
else,13-houses-npcs-vehicles-base.js,2853,"box(.76,.18,.64,hairColor,0,2.38,0,group);if(hash%3===0){box(.18,.42,.58,hairColor,-.34,2.15,0,group);box(.18,.42,.58,hairColor,.34,2.15,0,group);}else if(hash%3===1){box(.72,.12,.12,hairColor,0,2.14,.34,group);}"
for,13-houses-npcs-vehicles-base.js,2858,"for(const arm of [leftArm,rightArm]){box(.24,.48,.24,shirt,0,-.22,0,arm);box(.22,.25,.22,skin,0,-.58,0,arm);}"
for,13-houses-npcs-vehicles-base.js,2859,"for(const leg of [leftLeg,rightLeg]){box(.24,.58,.25,pants,0,-.28,0,leg);box(.27,.18,.34,shoe,0,-.65,.06,leg);}"
if,13-houses-npcs-vehicles-base.js,2860,"if(hash%4===0)box(.9,.18,.7,0x2f7ed6,0,2.48,0,group);"
if,13-houses-npcs-vehicles-base.js,2862,"group.traverse(o=>{if(o.isMesh)addVoxelOutline(o,0x172033,.3);});"
if,13-houses-npcs-vehicles-base.js,2867,if(!npc||!Array.isArray(route)||route.length<2)return npc;const ride=new THREE.Group();npc.group.add(ride);const wheels=[];
if,13-houses-npcs-vehicles-base.js,2868,if(type==='car'){
for,13-houses-npcs-vehicles-base.js,2870,"for(const p of [[-.78,.28,-.72],[.78,.28,-.72],[-.78,.28,.72],[.78,.28,.72]]){const wheel=premiumCylinder(.28,.24,0x121821,p[0],p[1],p[2],ride,10);wheel.rotation.z=Math.PI/2;wheels.push(wheel);}"
if,13-houses-npcs-vehicles-base.js,2871,}else if(type==='moto'){
else,13-houses-npcs-vehicles-base.js,2871,}else if(type==='moto'){
for,13-houses-npcs-vehicles-base.js,2872,"for(const z of [-.72,.72]){const wheel=premiumCylinder(.34,.13,0x111822,0,.36,z,ride,12);wheel.rotation.z=Math.PI/2;wheels.push(wheel);}premiumBox(.28,.26,1.15,npc.color,0,.58,0,ride);premiumBox(.56,.15,.42,0x202c3b,0,.76,-.12,ride);premiumBox(.7,.06,.08,0xd7e2eb,0,1.05,.53,ride);"
if,13-houses-npcs-vehicles-base.js,2873,}else if(type==='bike'){
else,13-houses-npcs-vehicles-base.js,2873,}else if(type==='bike'){
for,13-houses-npcs-vehicles-base.js,2874,"for(const z of [-.72,.72]){const wheel=premiumCylinder(.34,.07,0x17202b,0,.36,z,ride,14);wheel.rotation.z=Math.PI/2;wheels.push(wheel);}premiumBox(.08,.65,1.2,npc.color,0,.62,0,ride);premiumBox(.58,.07,.08,0xe8eef3,0,1.05,.62,ride);premiumBox(.45,.12,.34,0x25364a,0,.84,-.2,ride);"
else,13-houses-npcs-vehicles-base.js,2875,}else{
for,13-houses-npcs-vehicles-base.js,2876,"premiumBox(.62,.1,1.2,npc.color,0,.12,0,ride);for(const p of [[-.25,.08,-.42],[.25,.08,-.42],[-.25,.08,.42],[.25,.08,.42]]){const wheel=premiumCylinder(.09,.08,0x1c2633,p[0],p[1],p[2],ride,8);wheel.rotation.z=Math.PI/2;wheels.push(wheel);}"
if,13-houses-npcs-vehicles-base.js,2878,"ride.traverse(o=>{if(o.isMesh)addVoxelOutline(o,0x132238,.22);});const projected=route.map(p=>{const q=nearestRoadProjection({x:p[0],z:p[1]})?.point;return q?{x:q.x,z:q.z}:{x:p[0],z:p[1]};});npc.group.position.set(projected[0].x,0,projected[0].z);npc.baseX=projected[0].x;npc.baseZ=projected[0].z;npc.mobility={id:`mobility-${npc.id}`,type,route:projected,index:1,speed:speed||({car:4.4,moto:4.8,bike:3.2,skate:2.8})[type]||3,currentSpeed:0,radius:type==='car'?1.45:type==='moto'?.9:.7,group:npc.grou"
if,13-houses-npcs-vehicles-base.js,2882,"if(type==='slime'){box(1.35,.85,1.35,0x31c65b,0,.45,0,group);box(.18,.12,.05,0xff2441,-.28,.55,.7,group);box(.18,.12,.05,0xff2441,.28,.55,.7,group);}"
if,13-houses-npcs-vehicles-base.js,2883,"else if(type==='bat'){box(1.0,.75,1.0,0x35165e,0,1.4,0,group);box(.8,.18,.45,0x8c4ddb,-.8,1.4,0,group);box(.8,.18,.45,0x8c4ddb,.8,1.4,0,group);box(.12,.1,.05,0xff31f5,-.22,1.48,.54,group);box(.12,.1,.05,0xff31f5,.22,1.48,.54,group);}"
else,13-houses-npcs-vehicles-base.js,2883,"else if(type==='bat'){box(1.0,.75,1.0,0x35165e,0,1.4,0,group);box(.8,.18,.45,0x8c4ddb,-.8,1.4,0,group);box(.8,.18,.45,0x8c4ddb,.8,1.4,0,group);box(.12,.1,.05,0xff31f5,-.22,1.48,.54,group);box(.12,.1,.05,0xff31f5,.22,1.48,.54,group);}"
else,13-houses-npcs-vehicles-base.js,2884,"else {box(1.5,1.8,1.2,0x788495,0,1.0,0,group);box(1.0,.8,1.0,0x647080,0,2.2,0,group);box(.14,.1,.05,0xff293f,-.22,2.25,.52,group);box(.14,.1,.05,0xff293f,.22,2.25,.52,group);}"
if,13-houses-npcs-vehicles-base.js,2892,"const group=new THREE.Group();group.position.set(x,0,z);worldGroup.add(group);box(1.2,.72,.9,materials.wood,0,.36,0,group);const lid=box(1.25,.22,.95,secret?0xa855f7:0xffd84d,0,.84,0,group);const chest={id,x,z,group,lid,opened:!!state.flags[`chest_${id}`],secret};if(chest.opened)lid.rotation.x=-.6;registerInteractable({id:`chest-${id}`,type:'chest',icon:'🎁',label:secret?'Pegar presente secreto':'Abrir presente/baú',x,z,radius:2,priority:200,action:()=>openChest(chest)});return chest;"
if,13-houses-npcs-vehicles-base.js,2896,function currentVehicleRef(){if(activeVehicleRef)return activeVehicleRef;const byId=vehicleById(player.car.id);if(byId)return byId;if(world.activeVehicle)return world.activeVehicle;return player.car.id?null:(world.vehicle||null);}
if,13-houses-npcs-vehicles-base.js,2898,"const a=vehicle?.appearance||{},m=vehicleVisual?.userData?.appearanceMaterials;if(!m)return;"
if,13-houses-npcs-vehicles-base.js,2900,if(typeof applyServiceVehicleVisual==='function')applyServiceVehicleVisual(vehicle);
if,13-houses-npcs-vehicles-base.js,2903,"if(!vehicle||!state.vehicles)return;state.vehicles.parked[vehicle.id]={x:+vehicle.group.position.x.toFixed(2),z:+vehicle.group.position.z.toFixed(2),heading:+vehicle.group.rotation.y.toFixed(3)};state.vehicles.lastUsedId=vehicle.id;"
for,13-houses-npcs-vehicles-base.js,2912,"for(const p of [[-.84,.24,-.79],[.84,.24,-.79],[-.84,.24,.79],[.84,.24,.79]]){const wheel=cylinder(.34,.28,0x10151d,p[0],p[1],p[2],group,14);wheel.rotation.z=Math.PI/2;const hub=cylinder(.12,.3,0xf5a623,p[0],p[1],p[2],group,10);hub.rotation.z=Math.PI/2;}"
if,13-houses-npcs-vehicles-base.js,2913,"group.traverse(o=>{if(o.isMesh)addVoxelOutline(o,0x14243a,.28);});"
if,13-houses-npcs-vehicles-base.js,2914,"const vehicle={id,x:group.position.x,z:group.position.z,heading,group,label:options.label||'Carro da cidade',kind:options.kind||'car',serviceType:options.serviceType||'',appearance,occupied:false,radius:Number(options.radius||1.55)};world.vehicles.push(vehicle);if(!world.vehicle)world.vehicle=vehicle;"
if,13-houses-npcs-vehicles-base.js,2925,if(!world.waypointMarker)return;
if,13-houses-npcs-vehicles-base.js,2927,"if(wp)world.waypointMarker.position.set(wp.x,0,wp.z);"
if,13-houses-npcs-vehicles-base.js,2937,"registerInteractable({id:'mini-tunnel',type:'challenge',icon:'◱',label:'Passagem pequena',x:mini.x,z:mini.z+4.2,radius:3,priority:110,action:()=>{if(player.scaleMode!=='mini'){toast('Use o botão MINI para passar.','warn',2200);return;}player.x=mini.x;player.z=mini.z-4.2;setFlag('miniPassage');addXP(25);toast('Passagem mini concluída!','good');}});"
if,13-houses-npcs-vehicles-base.js,2940,"registerInteractable({id:'crouch-tunnel',type:'challenge',icon:'▼',label:'Túnel baixo',x:crouch.x,z:crouch.z+3.8,radius:3,priority:110,action:()=>{if(!player.crouched){toast('Use ABAIXAR para entrar.','warn',2200);return;}player.x=crouch.x;player.z=crouch.z-3.8;setFlag('crouchPassage');addXP(25);toast('Túnel baixo concluído!','good');}});"
if,13-houses-npcs-vehicles-base.js,2943,"registerInteractable({id:'giant-gate',type:'challenge',icon:'⬡',label:'Abrir portão pesado',x:giant.x,z:giant.z+3,radius:3.2,priority:110,action:()=>{if(player.scaleMode!=='giant'){toast('Use GRANDE para abrir o portão.','warn',2200);return;}slab.position.y=6;world.colliders=world.colliders.filter(item=>item!==collider);setFlag('giantGate');addXP(35);toast('Portão pesado aberto e passagem liberada!','good');}});"
for,13-houses-npcs-vehicles-base.js,2956,for(let i=0;i<7;i++){
if,13-houses-npcs-vehicles-base.js,2963,if(textures.water){textures.water.offset.x=(textures.water.offset.x+dt*.012)%1;textures.water.offset.y=(textures.water.offset.y+dt*.007)%1;}
if,13-houses-npcs-vehicles-base.js,2964,if(!world.clouds)return;
if,13-houses-npcs-vehicles-base.js,2965,for(const c of world.clouds){c.group.position.x+=c.speed*dt;if(c.group.position.x>210)c.group.position.x=-210;}
for,13-houses-npcs-vehicles-base.js,2965,for(const c of world.clouds){c.group.position.x+=c.speed*dt;if(c.group.position.x>210)c.group.position.x=-210;}
if,13a-sports-kart-v704.js,2,"function v704SetRaceHud(title,status){if(!els?.raceBadge)return;els.raceBadge.hidden=false;els.raceTitle.textContent=title;els.raceStatus.textContent=status;}"
if,13a-sports-kart-v704.js,3,function v704HideRaceHud(){if(els?.raceBadge)els.raceBadge.hidden=true;}
for,13a-sports-kart-v704.js,14,"for(let zi=-3;zi<=3;zi+=.75)box(1.8,.035,.035,net,side*-.9,1.1,zi,g);for(let yi=.25;yi<2.1;yi+=.38)box(1.8,.035,.035,net,side*-.9,yi,0,g);"
if,13a-sports-kart-v704.js,18,"if(SPORTS_V704.initialized)return world.sportsV704;const c=worldLayoutPoint('sports'),cx=c.x,cz=c.z,rx=26,rz=14;"
for,13a-sports-kart-v704.js,22,for(let i=0;i<88;i++){
for,13a-sports-kart-v704.js,24,"for(const [off,width,matl] of [[0,5.2,track],[-2.0,.09,trackLine],[2.0,.09,trackLine]]){"
for,13a-sports-kart-v704.js,34,"for(const side of[-1,1]){v704FieldLine(6.5,.1,cx+side*(sports.fieldW/2-3.25),cz-5);v704FieldLine(6.5,.1,cx+side*(sports.fieldW/2-3.25),cz+5);v704FieldLine(.1,10,cx+side*(sports.fieldW/2-6.5),cz);v704CreateGoal(cx+side*(sports.fieldW/2+.08),cz,side);}"
for,13a-sports-kart-v704.js,36,"for(const side of[-1,1])for(let row=0;row<3;row++)premiumBox(34-row*1.4,.42,1.15,row%2?0x547998:0x688daa,cx,.38+row*.46,cz+side*(17.2+row*.72),worldGroup);"
for,13a-sports-kart-v704.js,37,"for(const p of[[cx-29,cz-16.5],[cx+29,cz-16.5],[cx-29,cz+16.5],[cx+29,cz+16.5]])createLamp(p[0],p[1]);"
for,13a-sports-kart-v704.js,49,"const netH=foot?1.8:2.35;for(let y=.35;y<netH;y+=.32)premiumBox(w,.025,.025,0xf3f4f6,cx,y,cz,worldGroup);premiumBox(.16,netH+.25,.16,0xe5e7eb,cx-w/2,.5+netH/2,cz,worldGroup);premiumBox(.16,netH+.25,.16,0xe5e7eb,cx+w/2,.5+netH/2,cz,worldGroup);"
if,13a-sports-kart-v704.js,56,"setTimeout(()=>{const solo=document.getElementById('footballSoloV704'),online=document.getElementById('footballOnlineV704');if(solo)solo.onclick=()=>startFootballV704('solo');if(online)online.onclick=()=>startFootballV704('online');},0);"
if,13a-sports-kart-v704.js,58,"function resetFootballBallV704(direction=0){const f=SPORTS_V704.football;if(!f)return;f.ball.position.set(f.cx,.58,f.cz);f.vx=direction*2.5;f.vz=0;f.cooldown=.8;}"
if,13a-sports-kart-v704.js,64,"function footballKickV704(){const f=SPORTS_V704.football;if(!f||f.finished)return false;const dx=f.ball.position.x-player.x,dz=f.ball.position.z-player.z;if(Math.hypot(dx,dz)>2.1)return false;const power=9.5,fx=Math.sin(player.facing),fz=Math.cos(player.facing);f.vx=fx*power+player.vx*.35;f.vz=fz*power+player.vz*.35;f.cooldown=.18;toast('Chute!','good',650);return true;}"
if,13a-sports-kart-v704.js,66,"const f=SPORTS_V704.football;if(!f||f.finished)return;f.time=Math.max(0,f.time-dt);f.cooldown=Math.max(0,f.cooldown-dt);"
if,13a-sports-kart-v704.js,69,"const pd=Math.hypot(f.ball.position.x-player.x,f.ball.position.z-player.z);if(pd<1.05&&f.cooldown<=0){const a=Math.atan2(f.ball.position.x-player.x,f.ball.position.z-player.z);f.vx+=Math.sin(a)*2.3;f.vz+=Math.cos(a)*2.3;f.cooldown=.15;}"
if,13a-sports-kart-v704.js,72,"if(ad<1.2&&f.cooldown<=0){f.vx=-8.4;f.vz=clamp((f.cz-f.ball.position.z)*.6,-3.2,3.2);f.cooldown=.5;}"
if,13a-sports-kart-v704.js,75,"if(f.ball.position.x>f.cx+halfW){if(goal){f.score[0]++;toast('GOL DO JOGADOR!','good',1800);resetFootballBallV704(-1);}else{f.ball.position.x=f.cx+halfW;f.vx=-Math.abs(f.vx)*.68;}}"
else,13a-sports-kart-v704.js,75,"if(f.ball.position.x>f.cx+halfW){if(goal){f.score[0]++;toast('GOL DO JOGADOR!','good',1800);resetFootballBallV704(-1);}else{f.ball.position.x=f.cx+halfW;f.vx=-Math.abs(f.vx)*.68;}}"
if,13a-sports-kart-v704.js,76,"if(f.ball.position.x<f.cx-halfW){if(goal){f.score[1]++;toast('Gol do adversário.','warn',1600);resetFootballBallV704(1);}else{f.ball.position.x=f.cx-halfW;f.vx=Math.abs(f.vx)*.68;}}"
else,13a-sports-kart-v704.js,76,"if(f.ball.position.x<f.cx-halfW){if(goal){f.score[1]++;toast('Gol do adversário.','warn',1600);resetFootballBallV704(1);}else{f.ball.position.x=f.cx-halfW;f.vx=Math.abs(f.vx)*.68;}}"
if,13a-sports-kart-v704.js,77,if(f.ball.position.z>f.cz+halfD){f.ball.position.z=f.cz+halfD;f.vz=-Math.abs(f.vz)*.72;}if(f.ball.position.z<f.cz-halfD){f.ball.position.z=f.cz-halfD;f.vz=Math.abs(f.vz)*.72;}
if,13a-sports-kart-v704.js,79,"if(f.time<=0){f.finished=true;const won=f.score[0]>f.score[1];addXP(won?45:20);if(won)addCoins(25);toast(won?'Vitória no futebol!':f.score[0]===f.score[1]?'Empate no futebol.':'Fim de partida. Continue treinando.',won?'good':'warn',2400);setTimeout(()=>stopSportV704(),1800);}"
if,13a-sports-kart-v704.js,81,"function v704UpdateScoreboard(a,b){const sign=world.sportsV704?.scoreboard;if(!sign)return;const old=sign.material;sign.material=new THREE.MeshStandardMaterial({map:signTexture(`OTTHI ARENA  ${a} × ${b}`,'#102d4a','#ffffff'),roughness:.55,side:THREE.DoubleSide});old?.map?.dispose?.();old?.dispose?.();}"
if,13a-sports-kart-v704.js,83,"stopSportV704(false);const c=SPORTS_V704.courts.get(type);if(!c)return;c.ball=c.ball||v704SportBall(type==='footvolley'?0xffd34d:0xffffff,.4);c.ai=c.ai||v704CreateSimpleAthlete(0x8b5cf6,c.cx,c.cz+6,`${c.label} CPU`);c.score=[0,0];c.state='serve';c.serving=0;c.timer=75;c.vx=0;c.vy=0;c.vz=0;c.ball.position.set(c.cx,.55,c.cz-6);c.ai.position.set(c.cx,0,c.cz+6);SPORTS_V704.active=c;player.x=c.cx;player.z=c.cz-6;player.y=v704SportGroundY(player.x,player.z);v704SetRaceHud(`${c.foot?'🏖️':'🏐'} ${c.label"
if,13a-sports-kart-v704.js,85,"function courtHitV704(){const c=SPORTS_V704.active;if(!c||!['volley','footvolley'].includes(c.type))return false;const d=Math.hypot(c.ball.position.x-player.x,c.ball.position.z-player.z);if(c.state==='serve'&&c.serving===0){c.ball.position.set(player.x,1.1,player.z+.55);c.vx=Math.sin(player.facing)*3.1;c.vz=Math.max(5.8,Math.cos(player.facing)*6.4);c.vy=c.foot?5.2:6.8;c.state='rally';return true;}if(d<2.15&&c.ball.position.y<3.3){c.vx=Math.sin(player.facing)*3.4;c.vz=Math.max(5.6,Math.cos(player"
if,13a-sports-kart-v704.js,86,"function resetCourtServeV704(c,server){c.serving=server;c.state='serve';c.vx=c.vy=c.vz=0;c.ball.position.set(c.cx,.55,c.cz+(server?6:-6));if(server===1){setTimeout(()=>{if(SPORTS_V704.active===c&&c.state==='serve'){c.vz=-6.2;c.vy=c.foot?5.0:6.5;c.state='rally';}},700);}}"
if,13a-sports-kart-v704.js,87,"function courtPointV704(c,side){c.score[side]++;toast(`${side===0?'Você':'Computador'} marcou!`,side===0?'good':'warn',1200);if(c.score[side]>=7){addXP(side===0?42:16);if(side===0)addCoins(18);toast(side===0?`Vitória no ${c.label}!`:`Fim da partida de ${c.label}.`,side===0?'good':'warn',2200);setTimeout(()=>stopSportV704(),1500);return;}resetCourtServeV704(c,side===0?0:1);}"
if,13a-sports-kart-v704.js,89,"if(!c||SPORTS_V704.active!==c)return;c.timer=Math.max(0,c.timer-dt);if(c.state==='serve'){v704SetRaceHud(`${c.foot?'🏖️':'🏐'} ${c.label}`,`${c.serving===0?'AÇÃO para sacar':'Saque do computador'} • ${c.score[0]} × ${c.score[1]}`);return;}"
if,13a-sports-kart-v704.js,92,if(Math.abs(c.ball.position.z-c.cz)<.28&&c.ball.position.y<c.netH+.18){c.ball.position.z=c.cz+(c.vz>0?-.32:.32);c.vz*=-.52;c.vy*=.72;}
if,13a-sports-kart-v704.js,95,"const aiD=Math.hypot(c.ball.position.x-c.ai.position.x,c.ball.position.z-c.ai.position.z);if(c.ball.position.z>c.cz&&aiD<1.7&&c.ball.position.y<2.7&&c.vz>0){c.vx=clamp((player.x-c.ball.position.x)*.45,-3.2,3.2);c.vz=-6.2;c.vy=c.foot?4.9:6.2;}"
if,13a-sports-kart-v704.js,96,"const halfW=c.w/2,halfD=c.d/2;if(c.ball.position.y<=.28){const inside=Math.abs(c.ball.position.x-c.cx)<=halfW&&Math.abs(c.ball.position.z-c.cz)<=halfD;courtPointV704(c,c.ball.position.z>c.cz?0:1);return;}"
if,13a-sports-kart-v704.js,97,"if(Math.abs(c.ball.position.x-c.cx)>halfW+1||Math.abs(c.ball.position.z-c.cz)>halfD+1){courtPointV704(c,c.ball.position.z>c.cz?0:1);return;}"
if,13a-sports-kart-v704.js,98,"v704SetRaceHud(`${c.foot?'🏖️':'🏐'} ${c.label}`,`${c.score[0]} × ${c.score[1]} • ${Math.ceil(c.timer)} s`);v704PublishSport({type:c.type,score:c.score,ball:[+c.ball.position.x.toFixed(2),+c.ball.position.y.toFixed(2),+c.ball.position.z.toFixed(2)]});if(c.timer<=0)stopSportV704();"
for,13a-sports-kart-v704.js,104,"for(const [wx,wz]of[[-.82,-.72],[.82,-.72],[-.82,.72],[.82,.72]]){const wh=cylinder(.31,.26,wheel,wx,.25,wz,group,14);wh.rotation.z=Math.PI/2;}"
if,13a-sports-kart-v704.js,109,"if(SPORTS_V704.kart)return SPORTS_V704.kart;const c=worldLayoutPoint('kart'),cx=c.x,cz=c.z,rx=18,rz=10,trackMat=renderMat(0x30343b,{roughness:.88}),curbA=renderMat(0xffffff,{roughness:.72}),curbB=renderMat(0xe5484d,{roughness:.72});"
for,13a-sports-kart-v704.js,111,"for(let i=0;i<72;i++){const a=i/72*Math.PI*2,b=(i+1)/72*Math.PI*2,m=(a+b)/2,x=cx+Math.cos(m)*rx,z=cz+Math.sin(m)*rz,ax=cx+Math.cos(a)*rx,az=cz+Math.sin(a)*rz,bx=cx+Math.cos(b)*rx,bz=cz+Math.sin(b)*rz,len=Math.hypot(bx-ax,bz-az),road=new THREE.Mesh(new THREE.BoxGeometry(len+.15,.1,5.1),trackMat);road.position.set(x,.15,z);road.rotation.y=-Math.atan2(Math.sin(m)*rz,Math.cos(m)*rx);road.userData.kartTrack=true;worldGroup.add(road);for(const off of[-2.65,2.65]){const crx=rx+off,crz=rz+off*.55,curb=n"
for,13a-sports-kart-v704.js,113,"premiumBox(18,.14,6,0x606873,cx,.16,cz,worldGroup);for(const [i,x]of[-6,-2,2,6].entries())premiumBox(3,1.8,3,i%2?0x36536b:0x2d465e,cx+x,.9,cz,worldGroup);"
for,13a-sports-kart-v704.js,114,"for(let i=-2;i<=2;i++)premiumBox(.25,.08,4.6,i%2?0xffffff:0x111827,cx+rx,.24,cz+i*.9,worldGroup);"
if,13a-sports-kart-v704.js,121,"const k=SPORTS_V704.kart;if(!k)return;if(k.active){toast('A corrida já está em andamento.','warn');return;}let kart=currentVehicleRef?.();if(!kart||kart.kind!=='kart'){kart=k.karts.find(v=>!v.occupied)||k.karts[0];enterVehicle(kart);}if(!player.vehicle||currentVehicleRef?.()?.kind!=='kart'){toast('Entre em um kart para correr.','warn');return;}"
for,13a-sports-kart-v704.js,123,"for(let i=0;i<3;i++){const group=new THREE.Group();group.position.set(k.cx+k.rx-3.2,0,k.cz+(i-1)*2.2);worldGroup.add(group);box(1.35,.22,1.9,[0x7d58c9,0xf28a22,0x138d83][i],0,.3,0,group);for(const [x,z]of[[-.72,-.62],[.72,-.62],[-.72,.62],[.72,.62]]){const w=cylinder(.27,.22,0x111827,x,.25,z,group,12);w.rotation.z=Math.PI/2;}k.ai.push({group,angle:-.04-i*.035,speed:.64+i*.035,lap:0});}"
if,13a-sports-kart-v704.js,127,"const k=SPORTS_V704.kart;if(!k?.active)return;k.countdown-=dt;if(k.countdown>0){player.car.speed=0;v704SetRaceHud('🏁 Kart OTTHI',String(Math.ceil(k.countdown)));return;}"
for,13a-sports-kart-v704.js,128,"for(const ai of k.ai){ai.angle+=ai.speed*dt;const loops=Math.floor(ai.angle/(Math.PI*2));ai.lap=Math.max(ai.lap,loops);const a=ai.angle%(Math.PI*2);ai.group.position.set(k.cx+Math.cos(a)*k.rx,0,k.cz+Math.sin(a)*k.rz);ai.group.rotation.y=-Math.atan2(Math.cos(a)*k.rx,-Math.sin(a)*k.rz);}"
if,13a-sports-kart-v704.js,129,"const cp=k.checkpoints[k.expected],d=Math.hypot(player.x-cp.x,player.z-cp.z);if(d<4.0){k.expected=(k.expected+1)%k.checkpoints.length;if(k.expected===1){k.lap++;beep(760);toast(`Volta ${Math.min(k.lap,3)}/3`,'good',1000);}}"
if,13a-sports-kart-v704.js,131,"const nx=(player.x-k.cx)/k.rx,nz=(player.z-k.cz)/k.rz,ellipse=Math.hypot(nx,nz),offTrack=Math.abs(ellipse-1)>.25;if(offTrack){player.car.speed*=Math.pow(.2,dt);k.offTrack=(k.offTrack||0)+dt;}else k.offTrack=0;if(k.offTrack>2.2){const prev=k.checkpoints[(k.expected+3)%4],vehicle=currentVehicleRef?.();player.x=prev.x;player.z=prev.z;player.car.speed=0;if(vehicle?.group){vehicle.group.position.set(prev.x,0,prev.z);vehicle.group.rotation.y=player.car.heading;}k.offTrack=0;toast('Atalho inválido: ret"
else,13a-sports-kart-v704.js,131,"const nx=(player.x-k.cx)/k.rx,nz=(player.z-k.cz)/k.rz,ellipse=Math.hypot(nx,nz),offTrack=Math.abs(ellipse-1)>.25;if(offTrack){player.car.speed*=Math.pow(.2,dt);k.offTrack=(k.offTrack||0)+dt;}else k.offTrack=0;if(k.offTrack>2.2){const prev=k.checkpoints[(k.expected+3)%4],vehicle=currentVehicleRef?.();player.x=prev.x;player.z=prev.z;player.car.speed=0;if(vehicle?.group){vehicle.group.position.set(prev.x,0,prev.z);vehicle.group.rotation.y=player.car.heading;}k.offTrack=0;toast('Atalho inválido: ret"
if,13a-sports-kart-v704.js,133,"if(k.lap>=3){k.active=false;const elapsed=(performance.now()-k.startAt)/1000,won=playerProgress>=aiProgress;addXP(won?60:30);if(won)addCoins(40);toast(`${won?'Vitória':'Chegada'} no kart: ${elapsed.toFixed(1)} s`,won?'good':'warn',2600);for(const ai of k.ai)worldGroup.remove(ai.group);k.ai=[];SPORTS_V704.active=null;setTimeout(v704HideRaceHud,1800);}"
for,13a-sports-kart-v704.js,133,"if(k.lap>=3){k.active=false;const elapsed=(performance.now()-k.startAt)/1000,won=playerProgress>=aiProgress;addXP(won?60:30);if(won)addCoins(40);toast(`${won?'Vitória':'Chegada'} no kart: ${elapsed.toFixed(1)} s`,won?'good':'warn',2600);for(const ai of k.ai)worldGroup.remove(ai.group);k.ai=[];SPORTS_V704.active=null;setTimeout(v704HideRaceHud,1800);}"
if,13a-sports-kart-v704.js,135,"function handleActiveSportActionV704(){if(SPORTS_V704.football)return footballKickV704();const a=SPORTS_V704.active;if(a&&['volley','footvolley'].includes(a.type))return courtHitV704();return false;}"
if,13a-sports-kart-v704.js,137,const f=SPORTS_V704.football;if(f){worldGroup.remove(f.ball);worldGroup.remove(f.ai);worldGroup.remove(f.keeper);SPORTS_V704.football=null;}
if,13a-sports-kart-v704.js,138,"const a=SPORTS_V704.active;if(a&&['volley','footvolley'].includes(a.type)){if(a.ball)a.ball.visible=false;if(a.ai)a.ai.visible=false;a.state='idle';}"
if,13a-sports-kart-v704.js,139,SPORTS_V704.active=null;if(show)v704HideRaceHud();
if,13a-sports-kart-v704.js,141,"function v704PublishSport(data){const now=performance.now();if(now-SPORTS_V704.publishAt<350)return;SPORTS_V704.publishAt=now;try{window.OTTHOS_RTDB?.publish?.({sport:{...data,updatedAtClient:Date.now()}},false);}catch{}}"
catch,13a-sports-kart-v704.js,141,"function v704PublishSport(data){const now=performance.now();if(now-SPORTS_V704.publishAt<350)return;SPORTS_V704.publishAt=now;try{window.OTTHOS_RTDB?.publish?.({sport:{...data,updatedAtClient:Date.now()}},false);}catch{}}"
if,13a-sports-kart-v704.js,143,"if(SPORTS_V704.football)updateFootballV704(dt);const a=SPORTS_V704.active;if(a&&['volley','footvolley'].includes(a.type))updateCourtV704(a,dt);if(SPORTS_V704.kart?.active)updateKartRaceV704(dt);"
if,14-world-district-decoration.js,3000,"if(scale>.95)addVoxelOutline(g.children[0],0x5d3b24,.24);world.landmarks.push(g);return g;"
for,14-world-district-decoration.js,3009,"for(let i=0;i<9;i++){const ang=Math.PI*i/8;const p=new THREE.Mesh(new THREE.BoxGeometry(.55,.55,.35),glow);p.position.set(Math.cos(ang)*2.35,3.3+Math.sin(ang)*2.35,.25);p.rotation.z=-ang;g.add(p);}"
for,14-world-district-decoration.js,3014,"const slide=box(1.35,.22,4.2,0xfacc15,1.7,1.1,1.5,g);slide.rotation.x=-.42;for(const sx of [-2.4,2.4]){box(.18,3.4,.18,materials.wood,sx,1.7,-2,g);box(.18,3.4,.18,materials.wood,sx+1.1,1.7,-2,g);}box(5.3,.18,.18,0xef4444,.55,3.25,-2,g);world.landmarks.push(g);return g;"
for,14-world-district-decoration.js,3017,"function createAwning(x,z,color=0xef4444,rotation=0){const g=new THREE.Group();g.position.set(x,0,z);g.rotation.y=rotation;worldGroup.add(g);for(let i=-3;i<=3;i++)box(.55,.18,1.25,i%2?0xfff7e8:color,i*.55,2.15,0,g);world.landmarks.push(g);return g;}"
for,14-world-district-decoration.js,3031,"for(let yy=1.25;yy<h-1;yy+=1.65)for(let xx=-w/2+.85;xx<w/2-.35;xx+=1.5)box(.76,.7,.08,windowMat,xx,yy,front,high);"
for,14-world-district-decoration.js,3039,"for(let i=0;i<4;i++){const rock=new THREE.Mesh(new THREE.ConeGeometry((2.7-i*.45)*scale,2.1*scale,4),materials.stone);rock.position.y=-1.3*scale-i*.65*scale;rock.rotation.y=Math.PI/4;g.add(rock);}const crystal=new THREE.Mesh(new THREE.OctahedronGeometry(.65*scale,0),mat(0x4de5ff,{emissive:0x009ac8,emissiveIntensity:1.3,roughness:.15}));crystal.position.y=1.9*scale;g.add(crystal);addVoxelOutline(crystal,0x15334c,.35);world.landmarks.push(g);return g;"
if,14-world-district-decoration.js,3049,"[[-28,-28],[-38,-28],[38,-28],[48,-28],[-28,44],[-38,44],[22,44],[32,44]].forEach(([x,z])=>{if(!v704ReservedAt(x,z,.8))createStreetTree(x,z,.72);});"
if,14-world-district-decoration.js,3055,"for(const item of decorativeMushrooms){const[x,z,scale,color]=item;if(!v704ReservedAt(x,z,1.2))createVoxelMushroom(x,z,scale,color);}"
for,14-world-district-decoration.js,3055,"for(const item of decorativeMushrooms){const[x,z,scale,color]=item;if(!v704ReservedAt(x,z,1.2))createVoxelMushroom(x,z,scale,color);}"
if,14-world-district-decoration.js,3058,"[[34,-28,'◆','#ffd43b'],[78,-46,'★','#53d8ff'],[-46,43,'◈','#ff756f']].forEach(([x,z,symbol,color])=>{if(!v704ReservedAt(x,z,.8))createChallengeCube(x,1.3,z,symbol,color);});"
if,15-transit-bus-metro.js,3088,"const out=[];for(const item of points||[]){if(!item||!Number.isFinite(Number(item.x))||!Number.isFinite(Number(item.z)))continue;const p={...item,x:+item.x,z:+item.z},last=out[out.length-1];if(last&&Math.hypot(last.x-p.x,last.z-p.z)<.12){if(p.stopId)Object.assign(last,p);continue;}out.push(p);}return out;"
for,15-transit-bus-metro.js,3088,"const out=[];for(const item of points||[]){if(!item||!Number.isFinite(Number(item.x))||!Number.isFinite(Number(item.z)))continue;const p={...item,x:+item.x,z:+item.z},last=out[out.length-1];if(last&&Math.hypot(last.x-p.x,last.z-p.z)<.12){if(p.stopId)Object.assign(last,p);continue;}out.push(p);}return out;"
if,15-transit-bus-metro.js,3092,const source=compactBusPath(points);if(source.length<2)return source;
if,15-transit-bus-metro.js,3095,"for(const amount of [offset,offset*.72,offset*.45,0]){const x=point.x+rightX*amount,z=point.z+rightZ*amount;if(pointOnRoad(x,z,.02))return{...point,x,z};}"
for,15-transit-bus-metro.js,3095,"for(const amount of [offset,offset*.72,offset*.45,0]){const x=point.x+rightX*amount,z=point.z+rightZ*amount;if(pointOnRoad(x,z,.02))return{...point,x,z};}"
if,15-transit-bus-metro.js,3100,const source=route?.points||[];if(source.length<2)return source.map(projectedBusPoint);
for,15-transit-bus-metro.js,3102,for(let i=0;i<source.length;i++){
if,15-transit-bus-metro.js,3105,"if(leg.length<2)leg=[from,to];"
for,15-transit-bus-metro.js,3106,for(let j=1;j<leg.length;j++){
if,15-transit-bus-metro.js,3107,const final=j===leg.length-1;if(lastLeg&&final)continue;
if,15-transit-bus-metro.js,3111,"const lane=offsetBusPath(compactBusPath(center),Number(route.laneOffset||BUS_LANE_OFFSET));if(lane.length>1&&Math.hypot(lane[0].x-lane[lane.length-1].x,lane[0].z-lane[lane.length-1].z)<.12)lane.pop();return lane;"
if,15-transit-bus-metro.js,3114,function busNextStop(bus){const points=busRoutePoints(bus);for(let step=0;step<points.length;step++){const point=points[(bus.pointIndex+step)%points.length];if(point?.stopId)return point;}return null;}
for,15-transit-bus-metro.js,3114,function busNextStop(bus){const points=busRoutePoints(bus);for(let step=0;step<points.length;step++){const point=points[(bus.pointIndex+step)%points.length];if(point?.stopId)return point;}return null;}
if,15-transit-bus-metro.js,3116,"if(!points?.length)return null;let best=null;const start=(bus.pointIndex-1+points.length)%points.length,limit=Math.min(points.length,18);"
if,15-transit-bus-metro.js,3117,"for(let step=0;step<limit;step++){const index=(start+step)%points.length,a=points[index],b=points[(index+1)%points.length],point=projectPointToSegment(bus.group.position,a,b),distance=Math.hypot(bus.group.position.x-point.x,bus.group.position.z-point.z),score=distance+step*.045;if(!best||score<best.score)best={index,nextIndex:(index+1)%points.length,point,distance,score};}"
for,15-transit-bus-metro.js,3117,"for(let step=0;step<limit;step++){const index=(start+step)%points.length,a=points[index],b=points[(index+1)%points.length],point=projectPointToSegment(bus.group.position,a,b),distance=Math.hypot(bus.group.position.x-point.x,bus.group.position.z-point.z),score=distance+step*.045;if(!best||score<best.score)best={index,nextIndex:(index+1)%points.length,point,distance,score};}"
if,15-transit-bus-metro.js,3121,"const points=busRoutePoints(bus);let projection=nearestForwardBusSegment(bus,points);const global=projectPointToPolyline(bus.group.position,points);if(global&&(!projection||global.distance+1.2<projection.distance))projection=global;if(!projection)return false;"
if,15-transit-bus-metro.js,3125,"if(!bus||bus.state===next)return false;bus.stateHistory=bus.stateHistory||[];bus.stateHistory.push({from:bus.state||'',to:next,at:Date.now(),reason});bus.stateHistory=bus.stateHistory.slice(-24);bus.state=next;bus.stateSince=performance.now();bus.lastStateReason=reason;return true;"
if,15-transit-bus-metro.js,3130,function clearBusWaiting(save=true){world.waitingForBus=null;state.transport.busWaiting=null;if(save)saveState(true);}
if,15-transit-bus-metro.js,3131,"function restoreBusWaiting(){const waiting=state.transport?.busWaiting;if(!waiting?.stopId)return false;const stop=world.busStops.find(s=>s.id===waiting.stopId);if(!stop){state.transport.busWaiting=null;return false;}world.waitingForBus={stopId:waiting.stopId,routeId:waiting.routeId||'',startedAt:Number(waiting.startedAt||Date.now())};return true;}"
if,15-transit-bus-metro.js,3135,"if(stop&&!positionBlockedForPlayer(stop.x,stop.z,.45,{ignoreActor:bus,ignoreTraffic:false}))return{x:stop.x,z:stop.z,y:groundHeightAt(stop.x,stop.z)};"
for,15-transit-bus-metro.js,3142,"for(let i=0;i<5;i++)premiumBox(2.8,.16,.58,0x718291,0,.35-i*.02,.6+i*.5,g);"
for,15-transit-bus-metro.js,3145,"premiumBox(3.45,2.5,.12,0x13283d,0,1.45,1.82,g);for(const x of [-1.18,0,1.18])premiumBox(.08,2.35,.14,0x64d8ff,x,1.45,1.75,g);"
if,15-transit-bus-metro.js,3149,"if(metroOverlay)return metroOverlay;metroOverlay=document.createElement('div');metroOverlay.id='metroTravelOverlay';metroOverlay.className='metro-travel-overlay';metroOverlay.hidden=true;metroOverlay.innerHTML='<div class=""metro-tunnel""><i></i><i></i><i></i></div><div class=""metro-train""><b>M</b><span></span><span></span><span></span></div><strong data-metro-trip>Próxima estação</strong>';document.body.appendChild(metroOverlay);return metroOverlay;"
if,15-transit-bus-metro.js,3152,"if(player.vehicle||player.boating||player.transit.mode){toast('Desembarque antes de entrar no metrô.','warn');return;}"
if,15-transit-bus-metro.js,3154,"openModal(station.name,`<div class=""transit-heading""><b>Ⓜ️ ${station.line}</b><span>Escolha qualquer ponto conhecido do mapa.</span></div><div class=""metro-destination-list"">${groups}</div>`,root=>{$$('[data-metro-destination]',root).forEach(btn=>btn.onclick=()=>{const destination=MAP_LOCATIONS.find(x=>x.id===btn.dataset.metroDestination);if(destination)rideMetroTo(station,destination);});});"
if,15-transit-bus-metro.js,3157,if(!destination||player.transit.mode||!canEnterMobility(PLAYER_MODES.METRO_PASSENGER))return false;
if,15-transit-bus-metro.js,3159,if(playerModel)playerModel.visible=false;if(avatarLayer)avatarLayer.visible=false;if(contactShadow)contactShadow.visible=false;
if,15-transit-bus-metro.js,3162,if(player.transit.mode!=='metro'||player.transit.metroUntil!==token)return;
if,15-transit-bus-metro.js,3165,"state.transport.metroTrips=(state.transport.metroTrips||0)+1;state.stats.metroTrips=(state.stats.metroTrips||0)+1;if(!state.transport.metroDestinations.includes(destination.id))state.transport.metroDestinations.push(destination.id);state.transport.metroDestinations=state.transport.metroDestinations.slice(-60);trackDaily('metro',1);advanceAdventure('metro',destination.id);setFlag('usedMetro');state.waypoint=null;world.routePath=[];"
if,15-transit-bus-metro.js,3166,"player.transit.mode='';player.transit.destinationId='';if(playerModel)playerModel.visible=true;if(avatarLayer)avatarLayer.visible=true;if(contactShadow)contactShadow.visible=true;playerGroup?.position?.set(player.x,player.y,player.z);rememberSafePlayerPosition(true);auditPlayerMode('exit-metro');updateNavigation(0,true);updateContext(true);saveState(true);"
if,15-transit-bus-metro.js,3171,let stop=world.busStops.find(s=>s.id===point.stopId);if(stop){if(!stop.routes.includes(route.id))stop.routes.push(route.id);return stop;}
if,15-transit-bus-metro.js,3175,"if(!runtimePoints.length)return 0;let best=preferredOffset,bestScore=-Infinity;for(let i=0;i<runtimePoints.length;i++){const point=runtimePoints[i],roadOk=pointOnRoad(point.x,point.z,.03),distanceToTraffic=trafficActorList().reduce((min,actor)=>Math.min(min,Math.hypot(actor.group.position.x-point.x,actor.group.position.z-point.z)-(actor.radius||1.5)),999),distanceToBus=(world.buses||[]).reduce((min,bus)=>Math.min(min,Math.hypot(bus.group.position.x-point.x,bus.group.position.z-point.z)-5.5),999)"
for,15-transit-bus-metro.js,3175,"if(!runtimePoints.length)return 0;let best=preferredOffset,bestScore=-Infinity;for(let i=0;i<runtimePoints.length;i++){const point=runtimePoints[i],roadOk=pointOnRoad(point.x,point.z,.03),distanceToTraffic=trafficActorList().reduce((min,actor)=>Math.min(min,Math.hypot(actor.group.position.x-point.x,actor.group.position.z-point.z)-(actor.radius||1.5)),999),distanceToBus=(world.buses||[]).reduce((min,bus)=>Math.min(min,Math.hypot(bus.group.position.x-point.x,bus.group.position.z-point.z)-5.5),999)"
for,15-transit-bus-metro.js,3181,"for(const side of [-1,1]){"
for,15-transit-bus-metro.js,3183,"for(const z of [-2.72,-1.38,0,1.38,2.72])premiumBox(.22,2.0,.18,light,side*1.51,2.03,z,g);"
for,15-transit-bus-metro.js,3184,"for(const z of [-2.08,-.68,.68,2.08])premiumBox(.035,1.25,1.08,dark,side*1.595,2.1,z,g);"
if,15-transit-bus-metro.js,3190,"const routeBoard=new THREE.Mesh(new THREE.PlaneGeometry(1.95,.46),new THREE.MeshStandardMaterial({map:signTexture(`${route.number} ${route.name}`,route.schoolBus?'#f0b62d':'#12273b',route.schoolBus?'#1b2835':'#ffffff'),roughness:.5,side:THREE.DoubleSide}));routeBoard.position.set(0,2.92,3.535);g.add(routeBoard);if(route.schoolBus){const schoolSign=new THREE.Mesh(new THREE.PlaneGeometry(1.15,.45),new THREE.MeshStandardMaterial({map:signTexture('ESCOLAR','#fff4c8','#24364a'),side:THREE.DoubleSide,"
for,15-transit-bus-metro.js,3191,"for(const z of [-2.25,-.85,.55,1.95])for(const x of [-.72,.72]){premiumBox(.72,.18,.62,seat,x,1.08,z,g);premiumBox(.72,.74,.16,seat,x,1.42,z-.26,g);premiumBox(.08,.48,.08,rail,x-.26,1.0,z,g);premiumBox(.08,.48,.08,rail,x+.26,1.0,z,g);}"
for,15-transit-bus-metro.js,3192,"for(const x of [-1.15,1.15])premiumBox(.07,2.2,.07,rail,x,1.82,2.55,g);premiumBox(2.35,.07,.07,rail,0,2.72,2.55,g);"
for,15-transit-bus-metro.js,3194,"const wheels=[];for(const p of [[-1.48,.47,-2.3],[1.48,.47,-2.3],[-1.48,.47,2.25],[1.48,.47,2.25]]){const wheel=premiumCylinder(.48,.28,0x111720,p[0],p[1],p[2],g,14);wheel.rotation.z=Math.PI/2;wheels.push(wheel);}"
for,15-transit-bus-metro.js,3195,"const passengerColors=[0xffd84d,0xff72b6,0x54c7ff];for(let i=0;i<3;i++){const pg=new THREE.Group();pg.position.set(i%2?-.72:.72,1.2,-1.6+i*1.35);g.add(pg);premiumBox(.42,.52,.38,passengerColors[i],0,.25,0,pg);premiumBox(.36,.36,.36,0xffc997,0,.68,0,pg);}"
if,15-transit-bus-metro.js,3198,"for(const point of runtimePoints)if(point.stopId)ensureBusStop(route,point);return bus;"
for,15-transit-bus-metro.js,3198,"for(const point of runtimePoints)if(point.stopId)ensureBusStop(route,point);return bus;"
for,15-transit-bus-metro.js,3200,"function createTransitWorld(){METRO_STATIONS.forEach(createMetroEntrance);BUS_ROUTES.forEach((route,routeOrder)=>{for(let copy=0;copy<Math.max(1,Number(route.copies||2));copy++)createBusModel(route,copy,routeOrder);});validateBusCoverage();restoreBusWaiting();}"
if,15-transit-bus-metro.js,3202,"function busEtaSeconds(bus,stopId){if(!bus||!stopId)return Infinity;if(busAtStop(bus)&&bus.lastStopId===stopId)return 0;const points=busRoutePoints(bus);let distance=0,previous={x:bus.group.position.x,z:bus.group.position.z};for(let step=0;step<points.length;step++){const idx=(bus.pointIndex+step)%points.length,point=points[idx];distance+=Math.hypot(point.x-previous.x,point.z-previous.z);if(point.stopId===stopId)return Math.max(1,Math.round(distance/Math.max(1,bus.speed)+(step*.8)));previous=poi"
for,15-transit-bus-metro.js,3202,"function busEtaSeconds(bus,stopId){if(!bus||!stopId)return Infinity;if(busAtStop(bus)&&bus.lastStopId===stopId)return 0;const points=busRoutePoints(bus);let distance=0,previous={x:bus.group.position.x,z:bus.group.position.z};for(let step=0;step<points.length;step++){const idx=(bus.pointIndex+step)%points.length,point=points[idx];distance+=Math.hypot(point.x-previous.x,point.z-previous.z);if(point.stopId===stopId)return Math.max(1,Math.round(distance/Math.max(1,bus.speed)+(step*.8)));previous=poi"
if,15-transit-bus-metro.js,3203,"function validateBusCoverage(){for(const stop of world.busStops){const active=world.buses.some(bus=>stop.routes.includes(bus.route.id));stop.covered=active;if(!active)console.warn('Parada sem ônibus ativo:',stop.id);}}"
for,15-transit-bus-metro.js,3203,"function validateBusCoverage(){for(const stop of world.busStops){const active=world.buses.some(bus=>stop.routes.includes(bus.route.id));stop.covered=active;if(!active)console.warn('Parada sem ônibus ativo:',stop.id);}}"
if,15-transit-bus-metro.js,3205,"const points=bus?.route?.points||[],start=Math.max(0,points.findIndex(p=>p.stopId===stopId)),names=[];for(let step=1;step<=points.length;step++){const p=points[(start+step)%points.length];if(p?.stopName&&!names.includes(p.stopName))names.push(p.stopName);}return names.slice(0,8);"
for,15-transit-bus-metro.js,3205,"const points=bus?.route?.points||[],start=Math.max(0,points.findIndex(p=>p.stopId===stopId)),names=[];for(let step=1;step<=points.length;step++){const p=points[(start+step)%points.length];if(p?.stopName&&!names.includes(p.stopName))names.push(p.stopName);}return names.slice(0,8);"
if,15-transit-bus-metro.js,3208,if(!bus||!stop||player.transit.mode||player.vehicle||player.boating||!busAtStop(bus))return false;
if,15-transit-bus-metro.js,3209,"if(Math.hypot(player.x-stop.x,player.z-stop.z)>6.2)return false;"
if,15-transit-bus-metro.js,3218,"if(!bus||!stop)return;const waiting=world.waitingForBus,match=!waiting||(waiting.stopId===stop.id&&(!waiting.routeId||waiting.routeId===bus.route.id));if(!match)return;"
if,15-transit-bus-metro.js,3219,"const near=Math.hypot(player.x-stop.x,player.z-stop.z)<=6.2;if(!near)return;"
if,15-transit-bus-metro.js,3220,"const tryOffer=()=>{if(!busAtStop(bus)||player.transit.mode)return;if(els.modal.hidden)openBusArrivalOffer(bus,stop);else if(performance.now()<bus.stopUntil-450)setTimeout(tryOffer,420);};"
else,15-transit-bus-metro.js,3220,"const tryOffer=()=>{if(!busAtStop(bus)||player.transit.mode)return;if(els.modal.hidden)openBusArrivalOffer(bus,stop);else if(performance.now()<bus.stopUntil-450)setTimeout(tryOffer,420);};"
if,15-transit-bus-metro.js,3237,"if(transitPanel)return transitPanel;transitPanel=document.createElement('div');transitPanel.id='transitActivityPanel';transitPanel.className='transit-activity-panel';transitPanel.hidden=true;transitPanel.innerHTML='<div><b data-bus-line>Ônibus</b><span data-bus-next>Próxima parada</span></div><button type=""button"" data-bus-request>🔔<span>Pedir parada</span></button>';document.body.appendChild(transitPanel);transitPanel.querySelector('[data-bus-request]').onclick=()=>{if(player.transit.mode!=='bu"
if,15-transit-bus-metro.js,3240,"const panel=ensureTransitPanel(),bus=world.buses.find(b=>b.id===player.transit.busId);document.body.classList.toggle('bus-passenger',player.transit.mode==='bus'&&!!bus);panel.hidden=player.transit.mode!=='bus'||!bus;if(!bus)return;const nextStop=busNextStop(bus);panel.querySelector('[data-bus-line]').textContent=`${bus.route.number} • ${bus.route.name}`;panel.querySelector('[data-bus-next]').textContent=`Próxima: ${nextStop?.stopName||'Terminal'}`;const button=panel.querySelector('[data-bus-requ"
if,15-transit-bus-metro.js,3243,"if(!bus||player.transit.mode||player.vehicle||player.boating||!canEnterMobility(PLAYER_MODES.BUS_PASSENGER)){toast('Desembarque do transporte atual primeiro.','warn');return false;}"
if,15-transit-bus-metro.js,3244,"if(!busAtStop(bus)){toast('Embarque somente com o ônibus parado e as portas abertas.','warn');return false;}"
if,15-transit-bus-metro.js,3245,"if(Math.hypot(player.x-bus.group.position.x,player.z-bus.group.position.z)>6.2){toast('Chegue mais perto da porta do ônibus.','warn');return false;}"
if,15-transit-bus-metro.js,3248,if(playerModel)playerModel.visible=false;if(avatarLayer)avatarLayer.visible=false;if(contactShadow)contactShadow.visible=false;if(toolVisual)toolVisual.visible=false;
if,15-transit-bus-metro.js,3251,"setTimeout(()=>{if(busAtStop(bus)&&bus.state===BUS_STATES.BOARDING)setBusState(bus,BUS_STATES.DOORS_OPEN,'boarding-complete');},420);return true;"
if,15-transit-bus-metro.js,3254,if(player.transit.mode!=='bus'||!bus||!busAtStop(bus))return false;
if,15-transit-bus-metro.js,3257,if(playerModel)playerModel.visible=true;if(avatarLayer)avatarLayer.visible=true;if(contactShadow)contactShadow.visible=true;if(toolVisual)toolVisual.visible=true;
if,15-transit-bus-metro.js,3258,"const stopId=stop?.id||stopLike?.stopId||bus.lastStopId||'terminal';if(!state.transport.busStops.includes(stopId))state.transport.busStops.push(stopId);state.transport.busStops=state.transport.busStops.slice(-40);state.stats.busStops=(state.stats.busStops||0)+1;trackDaily('bus',1);advanceAdventure('bus',stopId);setFlag('rodeBus');"
if,15-transit-bus-metro.js,3260,"setTimeout(()=>{if(bus.doorsOpen&&bus.state===BUS_STATES.BOARDING)setBusState(bus,BUS_STATES.DOORS_OPEN,'exit-complete');},350);return true;"
for,15-transit-bus-metro.js,3264,for(const bus of world.buses){
if,15-transit-bus-metro.js,3265,const points=busRoutePoints(bus);if(!points.length)continue;
if,15-transit-bus-metro.js,3266,"if(bus.state===BUS_STATES.SPAWNING)setBusState(bus,BUS_STATES.MOVING,'spawn-complete');"
if,15-transit-bus-metro.js,3267,"if(now<Number(bus.trafficHoldUntil||0)){bus.currentSpeed=lerp(Number(bus.currentSpeed||0),0,Math.min(1,dt*10));continue;}"
if,15-transit-bus-metro.js,3268,"if(bus.state===BUS_STATES.ACCIDENT){bus.currentSpeed=lerp(Number(bus.currentSpeed||0),0,Math.min(1,dt*8));continue;}"
if,15-transit-bus-metro.js,3269,if(bus.state===BUS_STATES.TURNING_AROUND){
if,15-transit-bus-metro.js,3270,"bus.currentSpeed=0;const targetHeading=Number(bus.turnTargetHeading||0),delta=((targetHeading-bus.group.rotation.y+Math.PI*3)%(Math.PI*2))-Math.PI;bus.group.rotation.y=lerpAngle(bus.group.rotation.y,targetHeading,Math.min(1,dt*4.8));if(Math.abs(delta)<.045||now>=Number(bus.turnUntil||0)){bus.group.rotation.y=targetHeading;bus.turnTargetHeading=0;bus.turnUntil=0;setBusState(bus,BUS_STATES.MOVING,'turn-complete');}"
if,15-transit-bus-metro.js,3271,}else if(bus.state===BUS_STATES.OPENING_DOORS){
else,15-transit-bus-metro.js,3271,}else if(bus.state===BUS_STATES.OPENING_DOORS){
if,15-transit-bus-metro.js,3272,"bus.currentSpeed=0;if(now>=Number(bus.openAt||0)){bus.doorsOpen=true;bus.stopUntil=Math.max(Number(bus.stopUntil||0),now+Number(bus.route.dwell||3600));setBusState(bus,BUS_STATES.DOORS_OPEN,'doors-open');const stop=world.busStops.find(s=>s.id===bus.lastStopId);if(stop&&bus.offerStopId!==stop.id){bus.offerStopId=stop.id;offerBusAtStop(bus,stop);}}"
if,15-transit-bus-metro.js,3273,"}else if([BUS_STATES.DOORS_OPEN,BUS_STATES.OFFERING_BOARDING,BUS_STATES.BOARDING].includes(bus.state)){"
else,15-transit-bus-metro.js,3273,"}else if([BUS_STATES.DOORS_OPEN,BUS_STATES.OFFERING_BOARDING,BUS_STATES.BOARDING].includes(bus.state)){"
if,15-transit-bus-metro.js,3275,"if(player.transit.mode==='bus'&&player.transit.busId===bus.id&&player.transit.requestStop&&bus.lastStopId!==player.transit.originStopId)exitBusAtStop(bus,{stopId:bus.lastStopId,stopName:bus.lastStopName});"
if,15-transit-bus-metro.js,3276,"if(now>=Number(bus.stopUntil||0)&&bus.state!==BUS_STATES.BOARDING){bus.doorsOpen=false;bus.closeUntil=now+420;setBusState(bus,BUS_STATES.CLOSING_DOORS,'dwell-complete');}"
if,15-transit-bus-metro.js,3277,}else if(bus.state===BUS_STATES.CLOSING_DOORS){
else,15-transit-bus-metro.js,3277,}else if(bus.state===BUS_STATES.CLOSING_DOORS){
if,15-transit-bus-metro.js,3278,"bus.currentSpeed=0;if(now>=Number(bus.closeUntil||0)){bus.offerStopId='';setBusState(bus,BUS_STATES.LEAVING_STOP,'doors-closed');}"
else,15-transit-bus-metro.js,3279,}else{
if,15-transit-bus-metro.js,3280,"const target=points[bus.pointIndex];if(!target){bus.pointIndex=0;setBusState(bus,BUS_STATES.REROUTING,'missing-waypoint');continue;}"
if,15-transit-bus-metro.js,3282,"if(d>.35&&turnDelta>2.45&&Math.abs(Number(bus.currentSpeed||0))<.3){bus.turnTargetHeading=heading;bus.turnUntil=now+1050;bus.currentSpeed=0;setBusState(bus,BUS_STATES.TURNING_AROUND,'terminal-u-turn');}"
if,15-transit-bus-metro.js,3283,if(bus.state===BUS_STATES.TURNING_AROUND)continue;
if,15-transit-bus-metro.js,3286,"if(trafficFactor<.075)setBusState(bus,BUS_STATES.WAITING_TRAFFIC,'vehicle-ahead');"
if,15-transit-bus-metro.js,3287,"else if(approaching&&d<2.2)setBusState(bus,BUS_STATES.ALIGNING_TO_STOP,'near-stop');"
else,15-transit-bus-metro.js,3287,"else if(approaching&&d<2.2)setBusState(bus,BUS_STATES.ALIGNING_TO_STOP,'near-stop');"
if,15-transit-bus-metro.js,3288,"else if(approaching&&d<6)setBusState(bus,BUS_STATES.BRAKING,'approach-stop');"
else,15-transit-bus-metro.js,3288,"else if(approaching&&d<6)setBusState(bus,BUS_STATES.BRAKING,'approach-stop');"
if,15-transit-bus-metro.js,3289,"else if(approaching)setBusState(bus,BUS_STATES.APPROACHING_STOP,'approach-stop');"
else,15-transit-bus-metro.js,3289,"else if(approaching)setBusState(bus,BUS_STATES.APPROACHING_STOP,'approach-stop');"
if,15-transit-bus-metro.js,3290,"else if(bus.state!==BUS_STATES.LEAVING_STOP)setBusState(bus,BUS_STATES.MOVING,'route');"
else,15-transit-bus-metro.js,3290,"else if(bus.state!==BUS_STATES.LEAVING_STOP)setBusState(bus,BUS_STATES.MOVING,'route');"
if,15-transit-bus-metro.js,3291,"if(trafficFactor<.035){bus.currentSpeed=0;bus.trafficHoldUntil=Math.max(Number(bus.trafficHoldUntil||0),now+420);}else bus.currentSpeed=lerp(Number(bus.currentSpeed||0),bus.targetSpeed,Math.min(1,dt*(trafficFactor<.1?10:4.4)));"
else,15-transit-bus-metro.js,3291,"if(trafficFactor<.035){bus.currentSpeed=0;bus.trafficHoldUntil=Math.max(Number(bus.trafficHoldUntil||0),now+420);}else bus.currentSpeed=lerp(Number(bus.currentSpeed||0),bus.targetSpeed,Math.min(1,dt*(trafficFactor<.1?10:4.4)));"
if,15-transit-bus-metro.js,3293,"if(move>.0001){bus.group.position.x+=dx/d*move;bus.group.position.z+=dz/d*move;if(!pointOnRoad(bus.group.position.x,bus.group.position.z,.03)){bus.group.position.x=previous.x;bus.group.position.z=previous.z;recoverBusRoute(bus,'left-road');}bus.group.rotation.y=lerpAngle(bus.group.rotation.y,heading,Math.min(1,dt*(approaching?3.6:4.4)));for(const wheel of bus.wheels)wheel.rotation.x-=move*2.2;}"
for,15-transit-bus-metro.js,3293,"if(move>.0001){bus.group.position.x+=dx/d*move;bus.group.position.z+=dz/d*move;if(!pointOnRoad(bus.group.position.x,bus.group.position.z,.03)){bus.group.position.x=previous.x;bus.group.position.z=previous.z;recoverBusRoute(bus,'left-road');}bus.group.rotation.y=lerpAngle(bus.group.rotation.y,heading,Math.min(1,dt*(approaching?3.6:4.4)));for(const wheel of bus.wheels)wheel.rotation.x-=move*2.2;}"
if,15-transit-bus-metro.js,3295,if(movedFromProgress>.45){bus.lastProgressX=bus.group.position.x;bus.lastProgressZ=bus.group.position.z;bus.lastProgressAt=now;}
if,15-transit-bus-metro.js,3296,"if(d<=Math.max(.22,move+.1)){"
if,15-transit-bus-metro.js,3298,"if(target.stopId){bus.lastStopId=target.stopId;bus.lastStopName=target.stopName||target.stopId;bus.doorsOpen=false;bus.openAt=now+260;bus.stopUntil=now+260+Number(bus.route.dwell||3600);setBusState(bus,BUS_STATES.OPENING_DOORS,'aligned-at-stop');}"
else,15-transit-bus-metro.js,3299,"else setBusState(bus,BUS_STATES.MOVING,'waypoint-reached');"
if,15-transit-bus-metro.js,3300,}else if(now-Number(bus.lastProgressAt||now)>8500&&now-Number(bus.lastRecoveryAt||0)>12000&&trafficFactor>.2){
else,15-transit-bus-metro.js,3300,}else if(now-Number(bus.lastProgressAt||now)>8500&&now-Number(bus.lastRecoveryAt||0)>12000&&trafficFactor>.2){
if,15-transit-bus-metro.js,3301,"recoverBusRoute(bus,'stuck-route');setTimeout(()=>{if(bus.state===BUS_STATES.RECOVERING)setBusState(bus,BUS_STATES.REROUTING,'recovery-cooldown');},450);"
if,15-transit-bus-metro.js,3304,if(player.transit.mode==='bus'&&player.transit.busId===bus.id){bus.group.updateMatrixWorld?.(true);const seat=bus.group.localToWorld(bus.seatOffset.clone());player.x=seat.x;player.z=seat.z;player.y=seat.y;player.facing=bus.group.rotation.y;player.vx=player.vz=0;}
if,16-emergency-services.js,3312,"if(fire){for(const x of [-2.35,0,2.35]){premiumBox(1.9,2.35,.12,materials.cityGlass,fire.x+x,1.42,fire.z+3.56,fire.front);for(let y=.45;y<2.5;y+=.48)premiumBox(1.75,.06,.14,0xf4f5f2,fire.x+x,y,fire.z+3.62,fire.front);}premiumBox(7.2,.36,.24,materials.emergencyMetal,fire.x,3.02,fire.z+3.66,fire.front);const badge=new THREE.Mesh(new THREE.PlaneGeometry(1.05,1.05),new THREE.MeshStandardMaterial({map:iconTexture('🚒','#ffffff','#c83232'),transparent:true,side:THREE.DoubleSide}));badge.position.set(fi"
for,16-emergency-services.js,3312,"if(fire){for(const x of [-2.35,0,2.35]){premiumBox(1.9,2.35,.12,materials.cityGlass,fire.x+x,1.42,fire.z+3.56,fire.front);for(let y=.45;y<2.5;y+=.48)premiumBox(1.75,.06,.14,0xf4f5f2,fire.x+x,y,fire.z+3.62,fire.front);}premiumBox(7.2,.36,.24,materials.emergencyMetal,fire.x,3.02,fire.z+3.66,fire.front);const badge=new THREE.Mesh(new THREE.PlaneGeometry(1.05,1.05),new THREE.MeshStandardMaterial({map:iconTexture('🚒','#ffffff','#c83232'),transparent:true,side:THREE.DoubleSide}));badge.position.set(fi"
for,16-emergency-services.js,3313,"for(const station of [police,west].filter(Boolean)){premiumBox(6.4,.28,.2,0x245da8,station.x,2.95,station.z+3.65,station.front);const badge=new THREE.Mesh(new THREE.PlaneGeometry(.9,.9),new THREE.MeshStandardMaterial({map:iconTexture('★','#ffffff','#245da8'),transparent:true,side:THREE.DoubleSide}));badge.position.set(station.x,3.7,station.z+3.72);station.front.add(badge);premiumBox(2.6,.1,1.1,materials.cityGlass,station.x,2.38,station.z+3.86,station.front);}"
for,16-emergency-services.js,3314,"for(const p of [[65,-45],[65,-75],[-55,12],[-55,32],[68,38]]){premiumBox(.18,2.2,.18,0x2e3c4f,p[0],1.1,p[1]);premiumBox(.62,.62,.18,0x111827,p[0],2.08,p[1]);premiumBox(.16,.16,.08,0x46d66c,p[0],2.22,p[1]+.1);premiumBox(.16,.16,.08,0xf0c33c,p[0],2.05,p[1]+.1);premiumBox(.16,.16,.08,0xe74b4b,p[0],1.88,p[1]+.1);}"
if,16-emergency-services.js,3332,"function serviceVehiclePools(kind=''){if(kind==='police')return world.policeCars||[];if(kind==='firefighter')return world.fireTrucks||[];if(kind==='paramedic')return world.ambulances||[];return[...(world.policeCars||[]),...(world.fireTrucks||[]),...(world.ambulances||[])];}"
if,16-emergency-services.js,3335,"function serviceVehicleAvailable(vehicle,job=null){if(!vehicle||vehicle.occupied||vehicle.incidentTargetId||vehicle.targetFireId||vehicle.group?.visible===false)return false;const token=job?.instanceId||currentServiceMissionJob()?.instanceId||'';return!vehicle.missionReservedFor||vehicle.missionReservedFor===token;}"
if,16-emergency-services.js,3336,"function serviceVehicleAppearance(kind){if(kind==='police')return{chassis:0x26384e,primary:0xf4f7fb,primaryDark:0x183d70,secondary:0x215ea8,glass:0x13253a};if(kind==='firefighter')return{chassis:0x263746,primary:0xc93431,primaryDark:0x982622,secondary:0xf2d84d,glass:0x183448};return{chassis:0x263746,primary:0xf6f8fa,primaryDark:0xd83e42,secondary:0xe34848,glass:0x164055};}"
if,16-emergency-services.js,3337,"function safeServiceDepot(kind,index=0){const list=SERVICE_DEPOTS[kind]||SERVICE_DEPOTS.police,base=list[index%list.length]||list[0],projection=nearestRoadProjection(base),point=projection?.point||base;let candidate={x:point.x,z:point.z,heading:base.heading||0};for(let step=0;step<8;step++){world.trafficSnapshot=null;const conflict=trafficActorList().some(actor=>actor.group&&Math.hypot(actor.group.position.x-candidate.x,actor.group.position.z-candidate.z)<Number(actor.radius||1.5)+3.2);if(!confl"
for,16-emergency-services.js,3337,"function safeServiceDepot(kind,index=0){const list=SERVICE_DEPOTS[kind]||SERVICE_DEPOTS.police,base=list[index%list.length]||list[0],projection=nearestRoadProjection(base),point=projection?.point||base;let candidate={x:point.x,z:point.z,heading:base.heading||0};for(let step=0;step<8;step++){world.trafficSnapshot=null;const conflict=trafficActorList().some(actor=>actor.group&&Math.hypot(actor.group.position.x-candidate.x,actor.group.position.z-candidate.z)<Number(actor.radius||1.5)+3.2);if(!confl"
if,16-emergency-services.js,3343,"const job=currentServiceMissionJob(),required=serviceKindForJob(job),kind=String(vehicle?.serviceType||'');if(required&&required!==kind){toast(`Esta missão exige ${required==='police'?'uma viatura':required==='firefighter'?'um caminhão dos bombeiros':'uma ambulância'}.`,'warn',2400);return false;}if(job?.serviceVehicleId&&job.serviceVehicleId!==vehicle?.id){const assigned=serviceMissionVehicle(job);toast(`Use ${assigned?.label||'o veículo indicado'} marcado no GPS para esta missão.`,'warn',2500)"
if,16-emergency-services.js,3346,"function serviceVehicleMapLocation(job=currentServiceMissionJob()){const vehicle=serviceMissionVehicle(job),kind=serviceKindForJob(job);if(!vehicle||job?.serviceVehicleBoarded)return null;const icon=kind==='police'?'🚓':kind==='firefighter'?'🚒':'🚑',x=Number(vehicle.group?.position?.x||vehicle.home?.x||0),z=Number(vehicle.group?.position?.z||vehicle.home?.z||0);return{id:`service-${vehicle.id}`,name:`${vehicle.label} da missão`,icon,group:'Missão ativa',x,z,navX:x,navZ:z,missionTarget:true,descrip"
if,16-emergency-services.js,3348,"const kind=serviceKindForJob(job);if(!job||!kind)return null;let vehicle=serviceMissionVehicle(job);if(!vehicle||(!serviceVehicleAvailable(vehicle,job)&&activeVehicleRef!==vehicle))vehicle=serviceVehiclePools(kind).find(v=>serviceVehicleAvailable(v,job));if(!vehicle){toast('Todos os veículos desta equipe estão em atendimento. Aguarde a liberação.','warn',2600);return null;}vehicle.missionReservedFor=job.instanceId;job.serviceVehicleId=vehicle.id;job.serviceVehicleKind=kind;job.serviceVehicleBoar"
if,16-emergency-services.js,3350,function releaseMissionServiceVehicle(job){const vehicle=serviceMissionVehicle(job);if(vehicle&&vehicle.missionReservedFor===job?.instanceId)vehicle.missionReservedFor='';if(job){job.serviceVehicleId='';job.serviceVehicleKind='';}}
if,16-emergency-services.js,3352,"function onServiceVehicleBoarded(vehicle){const job=currentServiceMissionJob(),kind=String(vehicle?.serviceType||'');if(!job||serviceKindForJob(job)!==kind)return;job.serviceVehicleId=vehicle.id;job.serviceVehicleBoarded=true;job.serviceVehicleArrived=false;if(job.cooperative){if(typeof onCoopServiceVehicleBoarded==='function')onCoopServiceVehicleBoarded(vehicle,job);}else{setMissionState(job,MISSION_STATES.TRAVELLING,'service-vehicle-boarded');focusActiveJob();}saveState(true);}"
else,16-emergency-services.js,3352,"function onServiceVehicleBoarded(vehicle){const job=currentServiceMissionJob(),kind=String(vehicle?.serviceType||'');if(!job||serviceKindForJob(job)!==kind)return;job.serviceVehicleId=vehicle.id;job.serviceVehicleBoarded=true;job.serviceVehicleArrived=false;if(job.cooperative){if(typeof onCoopServiceVehicleBoarded==='function')onCoopServiceVehicleBoarded(vehicle,job);}else{setMissionState(job,MISSION_STATES.TRAVELLING,'service-vehicle-boarded');focusActiveJob();}saveState(true);}"
if,16-emergency-services.js,3353,function onServiceVehicleExited(vehicle){const job=currentServiceMissionJob();if(!job||job.serviceVehicleId!==vehicle?.id)return;job.lastVehicleExitAt=Date.now();saveState();}
if,16-emergency-services.js,3354,"function returnServiceVehicleHome(vehicle,dt){if(!vehicle?.home||vehicle.occupied)return;const distance=moveServiceVehicle(vehicle,vehicle.home,dt);if(distance<.8){vehicle.group.position.set(vehicle.home.x,.02,vehicle.home.z);vehicle.group.rotation.y=vehicle.home.heading||vehicle.group.rotation.y;vehicle.currentSpeed=0;vehicle.serviceRoute=[];vehicle.serviceRouteIndex=0;}}"
for,16-emergency-services.js,3357,"for(let i=0;i<6;i++){const flame=new THREE.Mesh(new THREE.ConeGeometry(.32+i%2*.1,.8+i%3*.18,7),renderMat(i%2?0xffcf3d:0xff5b35,{emissive:i%2?0xff8a00:0xc31b08,emissiveIntensity:1.5,roughness:.18}));flame.position.set((i%3-1)*.38,.45+Math.floor(i/3)*.2,(i<3?-.22:.22));group.add(flame);flames.push(flame);}const smoke=[];for(let i=0;i<4;i++){const puff=new THREE.Mesh(new THREE.DodecahedronGeometry(.32+i*.07,0),mat(0x66717d,{transparent:true,opacity:.34,roughness:1}));puff.position.set((i%2?-.18:.1"
for,16-emergency-services.js,3362,"for(const z of [-1.7,-.75,.2])premiumBox(1.85,.12,.12,0xe8edf0,0,1.45,z,g);premiumCylinder(.58,.95,0xcfd8df,0,1.22,-.2,g,16);premiumBox(.22,.22,3.75,0xe8edf0,0,2.35,-.15,g);for(let z=-1.7;z<=1.4;z+=.52)premiumBox(1.25,.08,.08,0xe8edf0,0,2.36,z,g);"
for,16-emergency-services.js,3363,"const lightA=premiumBox(.58,.18,.32,renderMat(0xff3a42,{emissive:0xb80011,emissiveIntensity:1.2}),-.34,2.28,1.45,g),lightB=premiumBox(.58,.18,.32,renderMat(0x42bfff,{emissive:0x087db4,emissiveIntensity:1.2}),.34,2.28,1.45,g);const wheels=[];for(const p of [[-1.1,.38,-1.45],[1.1,.38,-1.45],[-1.1,.38,1.45],[1.1,.38,1.45]]){const wheel=premiumCylinder(.46,.28,0x111722,p[0],p[1],p[2],g,14);wheel.rotation.z=Math.PI/2;wheels.push(wheel);}worldGroup.add(g);const truck={id,group:g,wheels,lightA,lightB,s"
if,16-emergency-services.js,3366,"function activateFireIncident(siteId='',forced=false){if(world.fires.some(f=>f.active))return world.fires.find(f=>f.active);const available=world.fires.filter(f=>!f.active),fire=available.find(f=>f.id===siteId)||available[Math.floor(Math.random()*available.length)];if(!fire)return null;fire.active=true;fire.group.visible=true;fire.startedAt=performance.now();fire.playerHelping=false;fire.truckHelping=false;fire.coopIntensity=1;state.cityServices.emergencyCalls=(state.cityServices.emergencyCalls|"
if,16-emergency-services.js,3368,"function helpExtinguishFire(fire){if(!fire?.active){toast('A ocorrência já foi resolvida.','good');return;}const job=state.career?.activeJob;if(job?.id==='firefighter'&&!job.serviceVehicleBoarded){toast('Primeiro vista o uniforme e leve o caminhão dos bombeiros até a ocorrência.','warn',2600);return;}if(job?.id==='firefighter'&&!job.serviceVehicleArrived){toast('A missão só libera a mangueira depois que o caminhão chegar à ocorrência.','warn',2600);return;}if(player.vehicle){toast('Estacione o c"
for,16-emergency-services.js,3368,"function helpExtinguishFire(fire){if(!fire?.active){toast('A ocorrência já foi resolvida.','good');return;}const job=state.career?.activeJob;if(job?.id==='firefighter'&&!job.serviceVehicleBoarded){toast('Primeiro vista o uniforme e leve o caminhão dos bombeiros até a ocorrência.','warn',2600);return;}if(job?.id==='firefighter'&&!job.serviceVehicleArrived){toast('A missão só libera a mangueira depois que o caminhão chegar à ocorrência.','warn',2600);return;}if(player.vehicle){toast('Estacione o c"
if,16-emergency-services.js,3369,"function extinguishFireIncident(fire,byPlayer=false){if(!fire?.active)return;fire.active=false;fire.group.visible=false;fire.playerHelping=false;fire.truckHelping=false;state.cityServices.firesExtinguished=(state.cityServices.firesExtinguished||0)+1;if(byPlayer)state.stats.firesHelped=(state.stats.firesHelped||0)+1;for(const truck of world.fireTrucks)if(truck.targetFireId===fire.id){truck.targetFireId='';truck.serviceRoute=[];truck.serviceRouteIndex=0;truck.arrivedAt=0;}if(state.career.activeJob"
for,16-emergency-services.js,3369,"function extinguishFireIncident(fire,byPlayer=false){if(!fire?.active)return;fire.active=false;fire.group.visible=false;fire.playerHelping=false;fire.truckHelping=false;state.cityServices.firesExtinguished=(state.cityServices.firesExtinguished||0)+1;if(byPlayer)state.stats.firesHelped=(state.stats.firesHelped||0)+1;for(const truck of world.fireTrucks)if(truck.targetFireId===fire.id){truck.targetFireId='';truck.serviceRoute=[];truck.serviceRouteIndex=0;truck.arrivedAt=0;}if(state.career.activeJob"
if,16-emergency-services.js,3370,"function serviceVehicleRoute(vehicle,target){if(!vehicle.serviceRoute?.length){vehicle.serviceRoute=buildRoutePoints({x:vehicle.group.position.x,z:vehicle.group.position.z},target);vehicle.serviceRouteIndex=1;}return vehicle.serviceRoute;}"
if,16-emergency-services.js,3371,"function moveServiceVehicle(vehicle,target,dt){if(performance.now()<Number(vehicle.trafficHoldUntil||0)){vehicle.currentSpeed=0;return Math.hypot(vehicle.group.position.x-target.x,vehicle.group.position.z-target.z);}const route=serviceVehicleRoute(vehicle,target),point=route[vehicle.serviceRouteIndex];if(!point)return Math.hypot(vehicle.group.position.x-target.x,vehicle.group.position.z-target.z);const dx=point.x-vehicle.group.position.x,dz=point.z-vehicle.group.position.z,d=Math.hypot(dx,dz);if"
for,16-emergency-services.js,3371,"function moveServiceVehicle(vehicle,target,dt){if(performance.now()<Number(vehicle.trafficHoldUntil||0)){vehicle.currentSpeed=0;return Math.hypot(vehicle.group.position.x-target.x,vehicle.group.position.z-target.z);}const route=serviceVehicleRoute(vehicle,target),point=route[vehicle.serviceRouteIndex];if(!point)return Math.hypot(vehicle.group.position.x-target.x,vehicle.group.position.z-target.z);const dx=point.x-vehicle.group.position.x,dz=point.z-vehicle.group.position.z,d=Math.hypot(dx,dz);if"
if,16-emergency-services.js,3374,const now=performance.now();if(!world.fires.length)return;if(!world.fires.some(f=>f.active)&&now>world.nextFireAt&&!currentHouse)activateFireIncident();
if,16-emergency-services.js,3375,"for(const fire of world.fires){if(!fire.active)continue;const intensity=clamp(Number(fire.coopIntensity??1),.08,1);fire.flames.forEach((flame,i)=>{flame.scale.y=(.82+Math.sin(now*.008+i)*.22)*intensity;flame.scale.x=.55+intensity*.45;flame.scale.z=.55+intensity*.45;flame.rotation.y+=dt*(.7+i*.08);});fire.smoke.forEach((puff,i)=>{puff.position.y=1.25+i*.35+Math.sin(now*.002+i)*.14;puff.material.opacity=.12+intensity*.22;puff.rotation.y+=dt*.35;});}"
for,16-emergency-services.js,3375,"for(const fire of world.fires){if(!fire.active)continue;const intensity=clamp(Number(fire.coopIntensity??1),.08,1);fire.flames.forEach((flame,i)=>{flame.scale.y=(.82+Math.sin(now*.008+i)*.22)*intensity;flame.scale.x=.55+intensity*.45;flame.scale.z=.55+intensity*.45;flame.rotation.y+=dt*(.7+i*.08);});fire.smoke.forEach((puff,i)=>{puff.position.y=1.25+i*.35+Math.sin(now*.002+i)*.14;puff.material.opacity=.12+intensity*.22;puff.rotation.y+=dt*.35;});}"
for,16-emergency-services.js,3377,for(const truck of world.fireTrucks){
if,16-emergency-services.js,3378,const fireResponding=!!(truck.targetFireId||truck.incidentTargetId);truck.lightA.visible=fireResponding&&Math.floor(now/230)%2===0;truck.lightB.visible=fireResponding&&!truck.lightA.visible;if(truck.occupied)continue;if(truck.incidentTargetId)continue;
if,16-emergency-services.js,3379,const reserved=!!truck.missionReservedFor;if(active&&!active.coopMissionId&&!truck.targetFireId&&!reserved){truck.targetFireId=active.id;truck.serviceRoute=[];truck.serviceRouteIndex=0;}
if,16-emergency-services.js,3380,"if(truck.targetFireId){const fire=world.fires.find(f=>f.id===truck.targetFireId&&f.active);if(!fire){truck.targetFireId='';truck.serviceRoute=[];continue;}const distance=moveServiceVehicle(truck,{x:fire.navX,z:fire.navZ},dt);if(distance<5.5){if(!truck.arrivedAt)truck.arrivedAt=now;fire.truckHelping=true;truck.sprayAcc=(truck.sprayAcc||0)+dt;if(truck.sprayAcc>.1){truck.sprayAcc=0;spawnDust(lerp(truck.group.position.x,fire.x,.7),lerp(truck.group.position.z,fire.z,.7),0x69d8ff);}if(now-truck.arrive"
else,16-emergency-services.js,3381,"else returnServiceVehicleHome(truck,dt);"
for,16-emergency-services.js,3391,"const wheels=[];for(const p of [[-.94,.28,-.88],[.94,.28,-.88],[-.94,.28,.88],[.94,.28,.88]]){const wheel=premiumCylinder(.36,.25,0x10151d,p[0],p[1],p[2],g,14);wheel.rotation.z=Math.PI/2;wheels.push(wheel);}"
if,16-emergency-services.js,3392,"g.traverse(o=>{if(o.isMesh)addVoxelOutline(o,0x132238,.22);});const car={id,group:g,route,routeIndex:(routeIndex+1)%route.length,speed:8.1,currentSpeed:0,wheels,red,cyan,npcTarget:'',npcChaseUntil:0,incidentTargetId:'',responseRoute:[],responseIndex:0};worldGroup.add(g);world.policeCars.push(car);return registerServiceVehicle(car,'police',world.policeCars.length-1);"
for,16-emergency-services.js,3398,"for(const q of [[-1.0,.38,-1.15],[1.0,.38,-1.15],[-1.0,.38,1.15],[1.0,.38,1.15]]){const wheel=premiumCylinder(.43,.26,0x111722,q[0],q[1],q[2],g,14);wheel.rotation.z=Math.PI/2;wheels.push(wheel);}"
if,16-emergency-services.js,3407,"if(performance.now()<Number(car.trafficHoldUntil||0)){car.currentSpeed=0;return Math.hypot(car.group.position.x-target.x,car.group.position.z-target.z);}"
if,16-emergency-services.js,3408,"const dx=target.x-car.group.position.x,dz=target.z-car.group.position.z,d=Math.hypot(dx,dz);if(d<.08)return d;const heading=Math.atan2(dx,dz),factor=trafficSpeedFactor(car,heading,8),targetSpeed=speed*factor;car.currentSpeed=lerp(Number(car.currentSpeed||0),targetSpeed,Math.min(1,dt*4));const move=Math.min(d,car.currentSpeed*dt),previous={x:car.group.position.x,z:car.group.position.z};if(move>.0001){car.group.position.x+=dx/d*move;car.group.position.z+=dz/d*move;snapTrafficToRoad(car.group,previ"
for,16-emergency-services.js,3408,"const dx=target.x-car.group.position.x,dz=target.z-car.group.position.z,d=Math.hypot(dx,dz);if(d<.08)return d;const heading=Math.atan2(dx,dz),factor=trafficSpeedFactor(car,heading,8),targetSpeed=speed*factor;car.currentSpeed=lerp(Number(car.currentSpeed||0),targetSpeed,Math.min(1,dt*4));const move=Math.min(d,car.currentSpeed*dt),previous={x:car.group.position.x,z:car.group.position.z};if(move>.0001){car.group.position.x+=dx/d*move;car.group.position.z+=dz/d*move;snapTrafficToRoad(car.group,previ"
if,16-emergency-services.js,3411,"const target=car.route[car.routeIndex],distance=movePoliceToward(car,target,dt);if(distance<.28)car.routeIndex=(car.routeIndex+1)%car.route.length;"
if,16-emergency-services.js,3414,if(!els.safetyPanel)return;els.safetyPanel.hidden=!message;if(els.safetyStatus)els.safetyStatus.textContent=message;
if,16-emergency-services.js,3417,if(world.policeAlert||!player.vehicle||player.car.passengerOf)return false;const now=performance.now();
if,16-emergency-services.js,3418,if(Date.now()-Number(state.safety.lastIncident||0)<5000)return false;
if,16-emergency-services.js,3422,const alert=world.policeAlert;if(!alert)return;world.policeAlert=null;state.safety.safeStops=(state.safety.safeStops||0)+1;
if,16-emergency-services.js,3423,"if(player.vehicle)exitVehicle(true);clearMovementInputs();player.x=68;player.z=-12.2;player.y=groundHeightAt(player.x,player.z);player.vx=player.vy=player.vz=0;player.grounded=true;playerGroup?.position?.set(player.x,player.y,player.z);updateSafetyPanel('');saveState(true);setTimeout(()=>openSafetyLesson('incident'),120);"
if,16-emergency-services.js,3432,"$$('[data-safety-answer]',root).forEach(button=>button.onclick=()=>{const correct=Number(button.dataset.safetyAnswer)===lesson.correct;state.safety.lessons=(state.safety.lessons||0)+1;if(correct){addXP(18);addReputation(3);awardMedal('Direção Segura');}saveState(true);closeModal();toast(correct?'Boa escolha! Segurança vem primeiro.':'Vamos lembrar: reduza, observe e cuide de todos.',correct?'good':'warn',2600);});"
for,16-emergency-services.js,3437,for(const car of world.policeCars){
if,16-emergency-services.js,3439,"if(car.occupied)continue;if(car.incidentTargetId)continue;if(car.missionReservedFor){returnServiceVehicleHome(car,dt);continue;}"
if,16-emergency-services.js,3440,"if(active){const distance=movePoliceToward(car,player,dt,12.8),stopped=Math.abs(player.car.speed)<1.15;alert.slowSince=stopped?(alert.slowSince||now):0;updateSafetyPanel(stopped?'Muito bem • aguarde a patrulha':'Encoste com calma • solte o acelerador');if(!player.vehicle||distance<2.15||(alert.slowSince&&now-alert.slowSince>1100)||now-alert.startedAt>15000)finishSafetyStop();}"
if,16-emergency-services.js,3441,"else if(car.npcTarget){const npc=world.npcs.find(item=>item.id===car.npcTarget);if(!npc||now>car.npcChaseUntil){if(npc)npcSpeech(npc,'Vou reduzir a velocidade e dirigir com cuidado.');car.npcTarget='';}else if(movePoliceToward(car,npc.group.position,dt,10.2)<2.25){npc.policeCooldown=now+45000;npcSpeech(npc,'Entendi, patrulha! Segurança primeiro.');car.npcTarget='';}}"
else,16-emergency-services.js,3441,"else if(car.npcTarget){const npc=world.npcs.find(item=>item.id===car.npcTarget);if(!npc||now>car.npcChaseUntil){if(npc)npcSpeech(npc,'Vou reduzir a velocidade e dirigir com cuidado.');car.npcTarget='';}else if(movePoliceToward(car,npc.group.position,dt,10.2)<2.25){npc.policeCooldown=now+45000;npcSpeech(npc,'Entendi, patrulha! Segurança primeiro.');car.npcTarget='';}}"
else,16-emergency-services.js,3442,"else updatePolicePatrol(car,dt);"
if,16-emergency-services.js,3444,"if(!alert&&player.vehicle&&!player.car.passengerOf&&Math.abs(player.car.speed)>1.4&&!['police','firefighter','paramedic'].includes(player.car.kind)){const hit=world.policeCars.find(car=>!car.occupied&&Math.hypot(player.x-car.group.position.x,player.z-car.group.position.z)<2.45);if(hit)startPoliceAlert(hit);}"
if,16-emergency-services.js,3445,"if(!alert){for(const car of world.policeCars){if(car.occupied||car.missionReservedFor||car.npcTarget||car.incidentTargetId)continue;const npc=world.npcs.find(item=>item.mobility&&['car','moto'].includes(item.mobility.type)&&now>Number(item.policeCooldown||0)&&Math.hypot(item.group.position.x-car.group.position.x,item.group.position.z-car.group.position.z)<2.0);if(npc){car.npcTarget=npc.id;car.npcChaseUntil=now+6500;npc.policeCooldown=now+45000;break;}}}"
for,16-emergency-services.js,3445,"if(!alert){for(const car of world.policeCars){if(car.occupied||car.missionReservedFor||car.npcTarget||car.incidentTargetId)continue;const npc=world.npcs.find(item=>item.mobility&&['car','moto'].includes(item.mobility.type)&&now>Number(item.policeCooldown||0)&&Math.hypot(item.group.position.x-car.group.position.x,item.group.position.z-car.group.position.z)<2.0);if(npc){car.npcTarget=npc.id;car.npcChaseUntil=now+6500;npc.policeCooldown=now+45000;break;}}}"
if,16-emergency-services.js,3447,"function moveIncidentResponder(vehicle,target,dt){if(performance.now()<Number(vehicle.trafficHoldUntil||0)){vehicle.currentSpeed=0;return Math.hypot(vehicle.group.position.x-target.x,vehicle.group.position.z-target.z);}"
if,16-emergency-services.js,3448,"if(!vehicle.responseRoute?.length){vehicle.responseRoute=buildRoutePoints({x:vehicle.group.position.x,z:vehicle.group.position.z},target);vehicle.responseIndex=1;}"
if,16-emergency-services.js,3449,"const point=vehicle.responseRoute[vehicle.responseIndex];if(!point)return Math.hypot(vehicle.group.position.x-target.x,vehicle.group.position.z-target.z);"
if,16-emergency-services.js,3450,"const dx=point.x-vehicle.group.position.x,dz=point.z-vehicle.group.position.z,d=Math.hypot(dx,dz);if(d<.45){vehicle.responseIndex++;if(vehicle.responseIndex>=vehicle.responseRoute.length)return Math.hypot(vehicle.group.position.x-target.x,vehicle.group.position.z-target.z);return moveIncidentResponder(vehicle,target,dt);}"
if,16-emergency-services.js,3451,"const heading=Math.atan2(dx,dz),factor=trafficSpeedFactor(vehicle,heading,8),targetSpeed=vehicle.speed*factor;vehicle.currentSpeed=lerp(Number(vehicle.currentSpeed||0),targetSpeed,Math.min(1,dt*4));const move=Math.min(d,vehicle.currentSpeed*dt),previous={x:vehicle.group.position.x,z:vehicle.group.position.z};if(move>.0001){vehicle.group.position.x+=dx/d*move;vehicle.group.position.z+=dz/d*move;snapTrafficToRoad(vehicle.group,previous);vehicle.group.rotation.y=lerpAngle(vehicle.group.rotation.y,h"
for,16-emergency-services.js,3451,"const heading=Math.atan2(dx,dz),factor=trafficSpeedFactor(vehicle,heading,8),targetSpeed=vehicle.speed*factor;vehicle.currentSpeed=lerp(Number(vehicle.currentSpeed||0),targetSpeed,Math.min(1,dt*4));const move=Math.min(d,vehicle.currentSpeed*dt),previous={x:vehicle.group.position.x,z:vehicle.group.position.z};if(move>.0001){vehicle.group.position.x+=dx/d*move;vehicle.group.position.z+=dz/d*move;snapTrafficToRoad(vehicle.group,previous);vehicle.group.rotation.y=lerpAngle(vehicle.group.rotation.y,h"
if,16-emergency-services.js,3454,"function lockIncidentActor(record,incident){const ref=record?.ref;if(!ref)return;incident.actorStates.push({ref,incidentUntil:ref.incidentUntil||0,currentSpeed:Number(ref.currentSpeed||0),state:ref.state||''});ref.incidentLocked=true;ref.incidentUntil=Number.MAX_SAFE_INTEGER;ref.currentSpeed=0;if(ref===player.car){player.car.speed=0;player.vx=0;player.vz=0;}if(ref.route&&typeof setBusState==='function'&&String(record.type)==='bus')setBusState(ref,BUS_STATES.ACCIDENT,'traffic-incident');}"
if,16-emergency-services.js,3455,"function separateIncidentActors(a,b){if(!a?.group||!b?.group)return;let dx=b.group.position.x-a.group.position.x,dz=b.group.position.z-a.group.position.z,d=Math.hypot(dx,dz);if(d<.05){dx=1;dz=0;d=1;}const gap=(Number(a.radius||1.5)+Number(b.radius||1.5))*.92,push=Math.max(0,(gap-d)/2+.35),nx=dx/d,nz=dz/d;const move=(record,sign)=>{if(record.id==='player-car'){player.x=clamp(player.x+nx*push*sign,-115,115);player.z=clamp(player.z+nz*push*sign,-115,115);return;}record.group.position.x+=nx*push*sig"
if,16-emergency-services.js,3456,"function createIncidentVisual(x,z,fire=false){const group=new THREE.Group();group.position.set(x,0,z);worldGroup.add(group);for(const ox of [-1.55,-.52,.52,1.55]){premiumCylinder(.18,.72,0xf47b20,ox,.36,.95,group,8);premiumBox(.52,.1,.52,0xffffff,ox,.16,.95,group);}premiumBox(3.8,.08,.14,0xf5c542,0,.72,.95,group);if(fire){for(const ox of [-.4,.4]){const flame=new THREE.Mesh(new THREE.ConeGeometry(.3,.85,7),renderMat(0xff6a2f,{emissive:0xd83b12,emissiveIntensity:1.3}));flame.position.set(ox,.48,0"
for,16-emergency-services.js,3456,"function createIncidentVisual(x,z,fire=false){const group=new THREE.Group();group.position.set(x,0,z);worldGroup.add(group);for(const ox of [-1.55,-.52,.52,1.55]){premiumCylinder(.18,.72,0xf47b20,ox,.36,.95,group,8);premiumBox(.52,.1,.52,0xffffff,ox,.16,.95,group);}premiumBox(3.8,.08,.14,0xf5c542,0,.72,.95,group);if(fire){for(const ox of [-.4,.4]){const flame=new THREE.Mesh(new THREE.ConeGeometry(.3,.85,7),renderMat(0xff6a2f,{emissive:0xd83b12,emissiveIntensity:1.3}));flame.position.set(ox,.48,0"
if,16-emergency-services.js,3458,"if(world.activeIncident||currentHouse)return null;const now=performance.now(),fire=severity==='fire',projection=nearestRoadProjection({x,z})?.point||{x,z},group=createIncidentVisual(x,z,fire),incident={id:`incident-${++world.emergencySeq}`,x,z,navX:projection.x,navZ:projection.z,group,fire,startedAt:now,resolved:false,required:{police:true,paramedic:true,firefighter:true},arrived:{police:false,paramedic:false,firefighter:false},tasks:{police:false,paramedic:false,firefighter:false},playerAssigne"
for,16-emergency-services.js,3458,"if(world.activeIncident||currentHouse)return null;const now=performance.now(),fire=severity==='fire',projection=nearestRoadProjection({x,z})?.point||{x,z},group=createIncidentVisual(x,z,fire),incident={id:`incident-${++world.emergencySeq}`,x,z,navX:projection.x,navZ:projection.z,group,fire,startedAt:now,resolved:false,required:{police:true,paramedic:true,firefighter:true},arrived:{police:false,paramedic:false,firefighter:false},tasks:{police:false,paramedic:false,firefighter:false},playerAssigne"
if,16-emergency-services.js,3462,"function createTrafficIncident(a,b,severity='minor'){if(!a||!b)return null;const x=(a.group.position.x+b.group.position.x)/2,z=(a.group.position.z+b.group.position.z)/2;return createTrafficIncidentAt(x,z,severity,[a,b]);}"
if,16-emergency-services.js,3463,"function ensureActiveTrafficIncident(force=false){if(world.activeIncident)return world.activeIncident;if(!force)return null;const site=TRAINING_INCIDENT_SITES[world.emergencySeq%TRAINING_INCIDENT_SITES.length],projection=nearestRoadProjection(site)?.point||site;return createTrafficIncidentAt(projection.x,projection.z,'minor',[]);}"
if,16-emergency-services.js,3465,"const job=state.career?.activeJob;if(job&&serviceKindForJob(job)===kind){incident.playerAssigned[kind]=true;job.emergencyIncidentId=incident.id;job.serviceVehicleArrived=false;job.sceneTaskCompleted=false;reserveMissionServiceVehicle(job,{waypoint:true});return null;}"
if,16-emergency-services.js,3466,"const vehicle=serviceVehiclePools(kind).find(v=>serviceVehicleAvailable(v,null));if(!vehicle)return null;vehicle.incidentTargetId=incident.id;vehicle.responseRoute=[];vehicle.responseIndex=0;incident.responders[kind]=vehicle.id;return vehicle;"
if,16-emergency-services.js,3470,"if(!incident||incident.resolved||world.activeIncident!==incident){toast('A ocorrência já foi encerrada.','good');return false;}const job=state.career?.activeJob,kind=serviceKindForJob(job);if(!kind||job.emergencyIncidentId!==incident.id){toast('A área está isolada. Aceite uma missão de emergência para ajudar.','warn',2400);return false;}if(!job.serviceVehicleArrived){toast(`Chegue com ${kind==='police'?'a viatura':kind==='firefighter'?'o caminhão dos bombeiros':'a ambulância'} antes de iniciar o"
for,16-emergency-services.js,3470,"if(!incident||incident.resolved||world.activeIncident!==incident){toast('A ocorrência já foi encerrada.','good');return false;}const job=state.career?.activeJob,kind=serviceKindForJob(job);if(!kind||job.emergencyIncidentId!==incident.id){toast('A área está isolada. Aceite uma missão de emergência para ajudar.','warn',2400);return false;}if(!job.serviceVehicleArrived){toast(`Chegue com ${kind==='police'?'a viatura':kind==='firefighter'?'o caminhão dos bombeiros':'a ambulância'} antes de iniciar o"
if,16-emergency-services.js,3472,"function markPlayerIncidentArrival(incident){const job=state.career?.activeJob,kind=serviceKindForJob(job);if(!job||!kind||job.emergencyIncidentId!==incident.id||!isDrivingServiceVehicle(kind))return false;const distance=Math.hypot(player.x-incident.navX,player.z-incident.navZ);if(distance>5.2)return false;if(!incident.arrived[kind]){incident.arrived[kind]=true;job.serviceVehicleArrived=true;setMissionState(job,MISSION_STATES.ACTION_REQUIRED,'assist-incident');state.waypoint={id:`assist-${incide"
if,16-emergency-services.js,3473,"function releaseIncidentActorStates(incident){for(const saved of incident.actorStates||[]){const ref=saved.ref;if(!ref)continue;ref.incidentLocked=false;ref.incidentUntil=0;ref.currentSpeed=0;if(saved.state===BUS_STATES.ACCIDENT||ref.state===BUS_STATES.ACCIDENT)setBusState(ref,BUS_STATES.MOVING,'incident-cleared');}}"
for,16-emergency-services.js,3473,"function releaseIncidentActorStates(incident){for(const saved of incident.actorStates||[]){const ref=saved.ref;if(!ref)continue;ref.incidentLocked=false;ref.incidentUntil=0;ref.currentSpeed=0;if(saved.state===BUS_STATES.ACCIDENT||ref.state===BUS_STATES.ACCIDENT)setBusState(ref,BUS_STATES.MOVING,'incident-cleared');}}"
if,16-emergency-services.js,3475,if(!incident||incident.resolved)return;incident.resolved=true;incident.group.visible=false;releaseIncidentActorStates(incident);for(const car of world.policeCars){if(car.incidentTargetId===incident.id){car.incidentTargetId='';car.responseRoute=[];car.responseIndex=0;}}for(const ambulance of world.ambulances){if(ambulance.incidentTargetId===incident.id){ambulance.incidentTargetId='';ambulance.responseRoute=[];ambulance.responseIndex=0;}}for(const truck of world.fireTrucks){if(truck.incidentTarget
for,16-emergency-services.js,3475,if(!incident||incident.resolved)return;incident.resolved=true;incident.group.visible=false;releaseIncidentActorStates(incident);for(const car of world.policeCars){if(car.incidentTargetId===incident.id){car.incidentTargetId='';car.responseRoute=[];car.responseIndex=0;}}for(const ambulance of world.ambulances){if(ambulance.incidentTargetId===incident.id){ambulance.incidentTargetId='';ambulance.responseRoute=[];ambulance.responseIndex=0;}}for(const truck of world.fireTrucks){if(truck.incidentTarget
if,16-emergency-services.js,3476,"const job=state.career?.activeJob,kind=serviceKindForJob(job);if(job&&job.emergencyIncidentId===incident.id&&incident.tasks[kind])completeActiveJob();"
if,16-emergency-services.js,3480,"const now=performance.now(),incident=world.activeIncident;for(const ambulance of world.ambulances){const responding=!!ambulance.incidentTargetId;ambulance.lightA.visible=responding&&Math.floor(now/220)%2===0;ambulance.lightB.visible=responding&&!ambulance.lightA.visible;if(!incident&&!ambulance.occupied&&!ambulance.missionReservedFor)returnServiceVehicleHome(ambulance,dt);}"
for,16-emergency-services.js,3480,"const now=performance.now(),incident=world.activeIncident;for(const ambulance of world.ambulances){const responding=!!ambulance.incidentTargetId;ambulance.lightA.visible=responding&&Math.floor(now/220)%2===0;ambulance.lightB.visible=responding&&!ambulance.lightA.visible;if(!incident&&!ambulance.occupied&&!ambulance.missionReservedFor)returnServiceVehicleHome(ambulance,dt);}"
if,16-emergency-services.js,3481,if(incident){
if,16-emergency-services.js,3483,"for(const car of world.policeCars.filter(c=>c.incidentTargetId===incident.id&&!c.occupied)){if(moveIncidentResponder(car,target,dt)<3.7){incident.arrived.police=true;if(!incident.playerAssigned.police&&now-incident.startedAt>1800)incident.tasks.police=true;}}"
for,16-emergency-services.js,3483,"for(const car of world.policeCars.filter(c=>c.incidentTargetId===incident.id&&!c.occupied)){if(moveIncidentResponder(car,target,dt)<3.7){incident.arrived.police=true;if(!incident.playerAssigned.police&&now-incident.startedAt>1800)incident.tasks.police=true;}}"
if,16-emergency-services.js,3484,"for(const ambulance of world.ambulances.filter(c=>c.incidentTargetId===incident.id&&!c.occupied)){if(moveIncidentResponder(ambulance,target,dt)<3.9){incident.arrived.paramedic=true;if(!incident.playerAssigned.paramedic&&now-incident.startedAt>1800)incident.tasks.paramedic=true;}}"
for,16-emergency-services.js,3484,"for(const ambulance of world.ambulances.filter(c=>c.incidentTargetId===incident.id&&!c.occupied)){if(moveIncidentResponder(ambulance,target,dt)<3.9){incident.arrived.paramedic=true;if(!incident.playerAssigned.paramedic&&now-incident.startedAt>1800)incident.tasks.paramedic=true;}}"
if,16-emergency-services.js,3485,"for(const truck of world.fireTrucks.filter(c=>c.incidentTargetId===incident.id&&!c.occupied)){if(moveIncidentResponder(truck,target,dt)<4.4){incident.arrived.firefighter=true;if(!incident.playerAssigned.firefighter&&now-incident.startedAt>1800)incident.tasks.firefighter=true;}}"
for,16-emergency-services.js,3485,"for(const truck of world.fireTrucks.filter(c=>c.incidentTargetId===incident.id&&!c.occupied)){if(moveIncidentResponder(truck,target,dt)<4.4){incident.arrived.firefighter=true;if(!incident.playerAssigned.firefighter&&now-incident.startedAt>1800)incident.tasks.firefighter=true;}}"
if,16-emergency-services.js,3486,"const required=Object.keys(incident.required).filter(kind=>incident.required[kind]),complete=required.every(kind=>incident.arrived[kind]&&incident.tasks[kind]);if(complete){incident.readyAt=incident.readyAt||now;if(now-incident.readyAt>1900)resolveTrafficIncident(incident);}else incident.readyAt=0;return;"
else,16-emergency-services.js,3486,"const required=Object.keys(incident.required).filter(kind=>incident.required[kind]),complete=required.every(kind=>incident.arrived[kind]&&incident.tasks[kind]);if(complete){incident.readyAt=incident.readyAt||now;if(now-incident.readyAt>1900)resolveTrafficIncident(incident);}else incident.readyAt=0;return;"
if,16-emergency-services.js,3488,"updateTrafficIncidents.acc=(updateTrafficIncidents.acc||0)+dt;if(updateTrafficIncidents.acc<.18)return;updateTrafficIncidents.acc=0;const actors=trafficActorList().filter(a=>a.speed>1.4&&!a.ref?.incidentUntil&&!a.ref?.incidentLocked);if(player.vehicle&&!player.car.passengerOf&&Math.abs(player.car.speed)>1.4)actors.push({id:'player-car',type:'player',group:{position:{x:player.x,z:player.z}},radius:1.7,speed:Math.abs(player.car.speed),ref:player.car,isPlayer:true});"
if,16-emergency-services.js,3489,"for(let i=0;i<actors.length;i++)for(let j=i+1;j<actors.length;j++){const a=actors[i],b=actors[j],distance=Math.hypot(a.group.position.x-b.group.position.x,a.group.position.z-b.group.position.z),limit=(a.radius+b.radius)*.62;if(distance<limit&&a.speed+b.speed>5.4){createTrafficIncident(a,b,a.speed+b.speed>13&&Math.random()<.35?'fire':'minor');return;}}"
for,16-emergency-services.js,3489,"for(let i=0;i<actors.length;i++)for(let j=i+1;j<actors.length;j++){const a=actors[i],b=actors[j],distance=Math.hypot(a.group.position.x-b.group.position.x,a.group.position.z-b.group.position.z),limit=(a.radius+b.radius)*.62;if(distance<limit&&a.speed+b.speed>5.4){createTrafficIncident(a,b,a.speed+b.speed>13&&Math.random()<.35?'fire':'minor');return;}}"
for,17-adventures-learning-world.js,3499,"const moatA=premiumBox(8.2,.18,2.5,materials.water,-8.1,.08,-13.8,g),moatB=premiumBox(8.2,.18,2.5,materials.water,8.1,.08,-13.8,g),moatBack=premiumBox(27,.18,2.2,materials.water,0,.08,13.5,g);for(const water of [moatA,moatB,moatBack])water.material.depthWrite=false;"
for,17-adventures-learning-world.js,3503,"for(const [tx,tz] of [[-13,-10],[13,-10],[-13,10],[13,10]]){premiumCylinder(3.6,10,stone,tx,5.5,tz,g,12);premiumCylinder(4,1.1,trim,tx,10.2,tz,g,12);const cone=new THREE.Mesh(new THREE.ConeGeometry(4.25,4.8,12),renderMat(roof,{roughness:.55,metalness:.08}));cone.position.set(tx,13.05,tz);cone.castShadow=true;g.add(cone);premiumBox(.16,2,.16,gold,tx,16.2,tz,g);const flag=premiumBox(1.8,.8,.08,0xe43d4c,tx+.9,16.7,tz,g);flag.rotation.y=.15;}"
for,17-adventures-learning-world.js,3504,"const battlement=(px,pz,alongX,count)=>{for(let i=0;i<count;i++){const offset=(i-(count-1)/2)*2.15;premiumBox(1.25,1.15,1.25,trim,px+(alongX?offset:0),7.75,pz+(alongX?0:offset),g);}};battlement(-8.3,-10,true,4);battlement(8.3,-10,true,4);battlement(0,10,true,11);battlement(-13.5,0,false,7);battlement(13.5,0,false,7);"
for,17-adventures-learning-world.js,3505,"for(const wx of [-4.8,0,4.8]){premiumBox(1.2,1.9,.18,0x5ee7ff,wx,6.7,-1.05,g);premiumBox(.12,1.9,.2,trim,wx,6.7,-1.15,g);}premiumBox(5.2,.35,5.8,materials.wood,0,.34,-12.3,g);"
for,17-adventures-learning-world.js,3506,"for(const px of [-9,-5,5,9]){premiumCylinder(.48,.56,0xc88a45,px,1.1,4.8,g,10);premiumBox(.82,.3,.82,px<0?0xff6fa8:0xffd34d,px,1.55,4.8,g);}"
for,17-adventures-learning-world.js,3507,"for(const a of [-1,1]){const chain=premiumCylinder(.08,5.5,0x333b45,a*2.2,2.8,-11.4,g,8);chain.rotation.x=Math.PI/2;chain.rotation.z=.1*a;}const crown=new THREE.Mesh(new THREE.OctahedronGeometry(.85,0),mat(gold,{emissive:0xb87900,emissiveIntensity:.7}));crown.position.set(0,10.7,2.5);g.add(crown);addGlow(x,10.7,z+2.5,gold,5);"
for,17-adventures-learning-world.js,3511,"for(const px of [-6.6,-3.3,0,3.3,6.6]){premiumBox(1.8,3.0,.12,px===0?0xffd34d:0x315aa8,px,3.15,6.14,hall);premiumBox(.15,3.0,.18,0xe7e9ee,px,3.15,6.05,hall);}"
for,17-adventures-learning-world.js,3513,"for(const side of [-1,1]){premiumBox(5.4,.12,1.3,0xcaa76b,side*4.8,.62,-.45,hall);for(const px of [-1.8,0,1.8])premiumBox(.18,.55,.18,0x70452e,side*4.8+px,.3,-.45,hall);}"
for,17-adventures-learning-world.js,3514,"for(const [px,pz,c] of [[-6.4,-4.6,0x315aa8],[6.4,-4.6,0xe43d4c],[-6.4,2.2,0xe43d4c],[6.4,2.2,0x315aa8]]){premiumCylinder(.34,2.6,0xd6b866,px,1.3,pz,hall,12);const flame=new THREE.Mesh(new THREE.ConeGeometry(.38,.85,10),renderMat(c,{emissive:c,emissiveIntensity:.75,roughness:.32}));flame.position.set(px,3,pz);hall.add(flame);}"
if,17-adventures-learning-world.js,3530,"const def=ADVENTURE_DEFS[type];if(!def||world.activeChallenge||activeRace)return false;if(type==='castle'&&(()=>{const p=worldLayoutPoint('castleEntrance',{x:100,z:49});return Math.hypot(player.x-p.x,player.z-p.z)>15;})()){setWaypoint('castle');toast('Siga a rota até o Castelo para começar.','good',2200);return false;}closeModal();const startedAt=Date.now(),endsAt=type==='castle'?startedAt+75000:0;world.activeChallenge={type,target:def.target,progress:new Set(),startedAt:performance.now(),endsAt"
for,17-adventures-learning-world.js,3530,"const def=ADVENTURE_DEFS[type];if(!def||world.activeChallenge||activeRace)return false;if(type==='castle'&&(()=>{const p=worldLayoutPoint('castleEntrance',{x:100,z:49});return Math.hypot(player.x-p.x,player.z-p.z)>15;})()){setWaypoint('castle');toast('Siga a rota até o Castelo para começar.','good',2200);return false;}closeModal();const startedAt=Date.now(),endsAt=type==='castle'?startedAt+75000:0;world.activeChallenge={type,target:def.target,progress:new Set(),startedAt:performance.now(),endsAt"
if,17-adventures-learning-world.js,3533,"const saved=state.adventures?.active,def=ADVENTURE_DEFS[saved?.type];if(!saved||!def)return false;const progress=new Set(Array.isArray(saved.progress)?saved.progress:[]),elapsed=Math.max(0,Date.now()-Number(saved.startedAt||Date.now())),remaining=saved.type==='castle'?Math.max(5000,Number(saved.endsAt||Date.now()+75000)-Date.now()):0;"
if,17-adventures-learning-world.js,3535,if(saved.type==='castle')for(const token of world.challengeTokens){token.got=progress.has(token.id);token.mesh.visible=!token.got;}
for,17-adventures-learning-world.js,3535,if(saved.type==='castle')for(const token of world.challengeTokens){token.got=progress.has(token.id);token.mesh.visible=!token.got;}
if,17-adventures-learning-world.js,3539,"const active=world.activeChallenge;if(!active||active.type!==type||active.progress.has(key))return false;active.progress.add(key);if(state.adventures.active){state.adventures.active.progress=[...active.progress];state.adventures.active.updatedAt=Date.now();}els.raceStatus.textContent=`${active.progress.size}/${active.target}`;beep(780,55,'sine');if(active.progress.size>=active.target)finishAdventure(true);else saveState();return true;"
else,17-adventures-learning-world.js,3539,"const active=world.activeChallenge;if(!active||active.type!==type||active.progress.has(key))return false;active.progress.add(key);if(state.adventures.active){state.adventures.active.progress=[...active.progress];state.adventures.active.updatedAt=Date.now();}els.raceStatus.textContent=`${active.progress.size}/${active.target}`;beep(780,55,'sine');if(active.progress.size>=active.target)finishAdventure(true);else saveState();return true;"
if,17-adventures-learning-world.js,3542,"const active=world.activeChallenge;if(!active)return;const def=ADVENTURE_DEFS[active.type];for(const token of world.challengeTokens)token.mesh.visible=false;world.activeChallenge=null;state.adventures.active=null;els.raceBadge.hidden=true;if(success){if(!state.adventures.completed.includes(active.type))state.adventures.completed.push(active.type);const elapsed=(performance.now()-active.startedAt)/1000,stateBest=Number(state.adventures.bestTimes[active.type]||Infinity);state.adventures.bestTimes["
else,17-adventures-learning-world.js,3542,"const active=world.activeChallenge;if(!active)return;const def=ADVENTURE_DEFS[active.type];for(const token of world.challengeTokens)token.mesh.visible=false;world.activeChallenge=null;state.adventures.active=null;els.raceBadge.hidden=true;if(success){if(!state.adventures.completed.includes(active.type))state.adventures.completed.push(active.type);const elapsed=(performance.now()-active.startedAt)/1000,stateBest=Number(state.adventures.bestTimes[active.type]||Infinity);state.adventures.bestTimes["
for,17-adventures-learning-world.js,3542,"const active=world.activeChallenge;if(!active)return;const def=ADVENTURE_DEFS[active.type];for(const token of world.challengeTokens)token.mesh.visible=false;world.activeChallenge=null;state.adventures.active=null;els.raceBadge.hidden=true;if(success){if(!state.adventures.completed.includes(active.type))state.adventures.completed.push(active.type);const elapsed=(performance.now()-active.startedAt)/1000,stateBest=Number(state.adventures.bestTimes[active.type]||Infinity);state.adventures.bestTimes["
if,17-adventures-learning-world.js,3545,"const active=world.activeChallenge;if(!active)return;if(active.type==='castle'){if(performance.now()>=active.endsAt){finishAdventure(false);return;}for(const token of world.challengeTokens){if(token.got)continue;token.mesh.rotation.y+=.08;token.mesh.position.y=1.45+Math.sin(animTime*3+token.x)*.18;if(Math.hypot(player.x-token.x,player.z-token.z)<1.5){token.got=true;token.mesh.visible=false;advanceAdventure('castle',token.id);}}if(world.activeChallenge)els.raceStatus.textContent=`${active.progres"
for,17-adventures-learning-world.js,3545,"const active=world.activeChallenge;if(!active)return;if(active.type==='castle'){if(performance.now()>=active.endsAt){finishAdventure(false);return;}for(const token of world.challengeTokens){if(token.got)continue;token.mesh.rotation.y+=.08;token.mesh.position.y=1.45+Math.sin(animTime*3+token.x)*.18;if(Math.hypot(player.x-token.x,player.z-token.z)<1.5){token.got=true;token.mesh.visible=false;advanceAdventure('castle',token.id);}}if(world.activeChallenge)els.raceStatus.textContent=`${active.progres"
if,18-water-fishing-boats.js,3564,"function resolveWaterWalking(prevX,prevZ){if(player.boating||player.vehicle||currentHouse){player.swimming=false;return;}const h=waterAt(player.x,player.z);const nowSwimming=!!h&&groundHeightAt(player.x,player.z)<=.24;if(nowSwimming&&!player.swimming&&performance.now()-waterWarningAt>900){waterWarningAt=performance.now();toast('Você entrou na água. Use o joystick para nadar e PULAR para uma braçada.','good',2400);}if(!nowSwimming&&player.swimming&&performance.now()-waterWarningAt>700){waterWarni"
if,18-water-fishing-boats.js,3572,if(fishingVisual||!playerGroup||!worldGroup)return fishingVisual;
if,18-water-fishing-boats.js,3585,"function setFishingLine(a,b){const v=fishingVisual;if(!v)return;const attr=v.line.geometry.getAttribute('position'),arr=attr.array;arr[0]=a.x;arr[1]=a.y;arr[2]=a.z;arr[3]=b.x;arr[4]=b.y;arr[5]=b.z;attr.needsUpdate=true;}"
if,18-water-fishing-boats.js,3588,"if(source==='boat'){const heading=player.boat.heading;dx=Math.sin(heading);dz=Math.cos(heading);}else{dx=-45-player.x;dz=52-player.z;const m=Math.hypot(dx,dz)||1;dx/=m;dz/=m;}"
else,18-water-fishing-boats.js,3588,"if(source==='boat'){const heading=player.boat.heading;dx=Math.sin(heading);dz=Math.cos(heading);}else{dx=-45-player.x;dz=52-player.z;const m=Math.hypot(dx,dz)||1;dx/=m;dz/=m;}"
if,18-water-fishing-boats.js,3590,"if(!isInsideLakeNavigable(x,z)){dx=-72-player.x;dz=52-player.z;const m=Math.hypot(dx,dz)||1;x=player.x+dx/m*dist;z=player.z+dz/m*dist;}"
if,18-water-fishing-boats.js,3595,if(!v)return;
if,18-water-fishing-boats.js,3596,"if(!fishingCameraState)fishingCameraState={yaw:cameraYaw,pitch:cameraPitch,zoom:cameraZoom};"
if,18-water-fishing-boats.js,3607,"function castFishingVisual(){const v=ensureFishingVisual();if(!v?.active)return;v.tip.getWorldPosition(v.castStart);v.target.copy(fishingCastTarget(v.source));v.phase='casting';v.phaseAt=performance.now();beep(420,55,'sine');}"
if,18-water-fishing-boats.js,3608,function hookFishingVisual(){const v=fishingVisual;if(!v?.active)return;v.phase='hooked';v.phaseAt=performance.now();v.bobber.scale.setScalar(1.28);}
if,18-water-fishing-boats.js,3609,"function pullFishingVisual(success,fishData){const v=fishingVisual;if(!v?.active)return;v.phase=success?'pulling':'escaping';v.phaseAt=performance.now();v.fishSize=clamp(.8+Number(fishData?.size||.5)*.08,.82,1.35);v.fish.scale.setScalar(v.fishSize);v.fish.visible=!!success;}"
if,18-water-fishing-boats.js,3611,if(!fishingCameraState)return;
if,18-water-fishing-boats.js,3616,if(!v){restoreFishingCamera();return;}
if,18-water-fishing-boats.js,3618,const hide=()=>{if(token!==v.hideToken)return;v.active=false;v.phase='idle';v.rodRoot.visible=false;v.line.visible=false;v.bobber.visible=false;v.fish.visible=false;v.bobber.scale.setScalar(1);if(player.emoteType==='fishing'){player.emoteType='';player.emoteUntil=0;player.emoteSeq=(player.emoteSeq||0)+1;}setFishingUiActive(false);restoreFishingCamera();};
if,18-water-fishing-boats.js,3619,"if(delay>0)setTimeout(hide,delay);else hide();"
else,18-water-fishing-boats.js,3619,"if(delay>0)setTimeout(hide,delay);else hide();"
if,18-water-fishing-boats.js,3621,function clearFishingTimers(session=fishingSession){if(!session)return;clearTimeout(session.hookTimer);clearTimeout(session.escapeTimer);clearTimeout(session.finishTimer);}
if,18-water-fishing-boats.js,3624,if(active){state.ui.quickOpen=false;state.ui.skillsOpen=false;state.ui.needsOpen=false;state.ui.missionOpen=false;els.game?.classList.remove('needs-expanded');els.missionCard?.classList.remove('expanded');syncMobilePanels();}
if,18-water-fishing-boats.js,3629,if(document.getElementById('otthosFishingModalStyle'))return;
if,18-water-fishing-boats.js,3640,"const v=fishingVisual;if(!v?.active)return;const now=performance.now(),tip=new THREE.Vector3();v.tip.getWorldPosition(tip);let lineEnd=v.bobber.position;"
if,18-water-fishing-boats.js,3641,"if(v.phase==='ready'){v.bobber.position.copy(tip);v.rodRoot.rotation.x=lerp(v.rodRoot.rotation.x,-.48,.18);}"
if,18-water-fishing-boats.js,3642,"else if(v.phase==='casting'){const t=clamp((now-v.phaseAt)/620,0,1),ease=1-Math.pow(1-t,3);v.bobber.position.lerpVectors(v.castStart,v.target,ease);v.bobber.position.y+=Math.sin(Math.PI*t)*2.35;v.rodRoot.rotation.x=lerp(-.18,-.72,ease);if(t>=1){v.phase='waiting';v.phaseAt=now;v.bobber.position.copy(v.target);}}"
else,18-water-fishing-boats.js,3642,"else if(v.phase==='casting'){const t=clamp((now-v.phaseAt)/620,0,1),ease=1-Math.pow(1-t,3);v.bobber.position.lerpVectors(v.castStart,v.target,ease);v.bobber.position.y+=Math.sin(Math.PI*t)*2.35;v.rodRoot.rotation.x=lerp(-.18,-.72,ease);if(t>=1){v.phase='waiting';v.phaseAt=now;v.bobber.position.copy(v.target);}}"
if,18-water-fishing-boats.js,3643,"else if(v.phase==='waiting'){v.bobber.position.set(v.target.x,.15+Math.sin(now*.007)*.035,v.target.z);v.rodRoot.rotation.x=lerp(v.rodRoot.rotation.x,-.62,.08);}"
else,18-water-fishing-boats.js,3643,"else if(v.phase==='waiting'){v.bobber.position.set(v.target.x,.15+Math.sin(now*.007)*.035,v.target.z);v.rodRoot.rotation.x=lerp(v.rodRoot.rotation.x,-.62,.08);}"
if,18-water-fishing-boats.js,3644,"else if(v.phase==='hooked'){v.bobber.position.set(v.target.x,.09+Math.sin(now*.026)*.11,v.target.z);v.bobber.scale.setScalar(1.12+Math.sin(now*.03)*.12);v.rodRoot.rotation.x=lerp(v.rodRoot.rotation.x,-.82,.12);}"
else,18-water-fishing-boats.js,3644,"else if(v.phase==='hooked'){v.bobber.position.set(v.target.x,.09+Math.sin(now*.026)*.11,v.target.z);v.bobber.scale.setScalar(1.12+Math.sin(now*.03)*.12);v.rodRoot.rotation.x=lerp(v.rodRoot.rotation.x,-.82,.12);}"
if,18-water-fishing-boats.js,3645,"else if(v.phase==='pulling'){const t=clamp((now-v.phaseAt)/820,0,1),ease=1-Math.pow(1-t,3);v.bobber.position.lerpVectors(v.target,tip,ease);v.bobber.position.y+=Math.sin(Math.PI*t)*1.3;v.fish.position.copy(v.bobber.position);v.fish.position.y-=.18;v.fish.rotation.y+=.16;v.fish.rotation.z=Math.sin(now*.025)*.35;v.rodRoot.rotation.x=lerp(v.rodRoot.rotation.x,-1.02,.15);if(t>=1){v.phase='caught';v.phaseAt=now;v.bobber.visible=false;}}"
else,18-water-fishing-boats.js,3645,"else if(v.phase==='pulling'){const t=clamp((now-v.phaseAt)/820,0,1),ease=1-Math.pow(1-t,3);v.bobber.position.lerpVectors(v.target,tip,ease);v.bobber.position.y+=Math.sin(Math.PI*t)*1.3;v.fish.position.copy(v.bobber.position);v.fish.position.y-=.18;v.fish.rotation.y+=.16;v.fish.rotation.z=Math.sin(now*.025)*.35;v.rodRoot.rotation.x=lerp(v.rodRoot.rotation.x,-1.02,.15);if(t>=1){v.phase='caught';v.phaseAt=now;v.bobber.visible=false;}}"
if,18-water-fishing-boats.js,3646,else if(v.phase==='caught'){v.fish.position.copy(tip);v.fish.position.y-=.35;v.fish.position.x+=Math.sin(now*.02)*.08;v.fish.rotation.z=Math.sin(now*.028)*.42;lineEnd=tip;}
else,18-water-fishing-boats.js,3646,else if(v.phase==='caught'){v.fish.position.copy(tip);v.fish.position.y-=.35;v.fish.position.x+=Math.sin(now*.02)*.08;v.fish.rotation.z=Math.sin(now*.028)*.42;lineEnd=tip;}
if,18-water-fishing-boats.js,3647,"else if(v.phase==='escaping'){const t=clamp((now-v.phaseAt)/760,0,1);v.bobber.position.set(v.target.x,.12-t*.5,v.target.z);v.bobber.scale.setScalar(1-t*.65);if(t>=1)stopFishingVisual();}"
else,18-water-fishing-boats.js,3647,"else if(v.phase==='escaping'){const t=clamp((now-v.phaseAt)/760,0,1);v.bobber.position.set(v.target.x,.12-t*.5,v.target.z);v.bobber.scale.setScalar(1-t*.65);if(t>=1)stopFishingVisual();}"
if,18-water-fishing-boats.js,3657,if(world.shoreFishers.length)return;[
if,18-water-fishing-boats.js,3662,if(textures.water){textures.water.offset.x=(textures.water.offset.x+dt*.012)%1;textures.water.offset.y=(textures.water.offset.y+dt*.006)%1;}
if,18-water-fishing-boats.js,3663,"const now=performance.now();for(const npc of world.shoreFishers){const act=npc.fishingActivity;if(!act)continue;npc.group.position.set(npc.baseX,0,npc.baseZ);npc.group.rotation.y=act.heading;const pulse=Math.sin(now*.0021+act.phase),bite=Math.sin(now*.006+act.phase)> .92;act.rod.rotation.x=-.58+pulse*.035-(bite?.1:0);if(npc.limbs){npc.limbs.leftArm.rotation.x=lerp(npc.limbs.leftArm.rotation.x,-1.55+(bite?-.18:0),.18);npc.limbs.rightArm.rotation.x=lerp(npc.limbs.rightArm.rotation.x,-1.72+(bite?-."
for,18-water-fishing-boats.js,3663,"const now=performance.now();for(const npc of world.shoreFishers){const act=npc.fishingActivity;if(!act)continue;npc.group.position.set(npc.baseX,0,npc.baseZ);npc.group.rotation.y=act.heading;const pulse=Math.sin(now*.0021+act.phase),bite=Math.sin(now*.006+act.phase)> .92;act.rod.rotation.x=-.58+pulse*.035-(bite?.1:0);if(npc.limbs){npc.limbs.leftArm.rotation.x=lerp(npc.limbs.leftArm.rotation.x,-1.55+(bite?-.18:0),.18);npc.limbs.rightArm.rotation.x=lerp(npc.limbs.rightArm.rotation.x,-1.72+(bite?-."
if,18-water-fishing-boats.js,3671,"if(boatPanel)return boatPanel;boatPanel=document.createElement('div');boatPanel.id='boatActivityPanel';boatPanel.className='boat-activity-panel';boatPanel.innerHTML='<button type=""button"" data-boat-fish>🎣<span>Pescar</span></button><button type=""button"" data-boat-exit>🏝️<span>Sair</span></button>';document.body.appendChild(boatPanel);boatPanel.querySelector('[data-boat-fish]').onclick=()=>startFishing('boat');boatPanel.querySelector('[data-boat-exit]').onclick=()=>exitBoat();return boatPanel;"
if,18-water-fishing-boats.js,3673,function updateBoatPanel(){const panel=ensureBoatPanel();panel.hidden=!player.boating;if(player.boating){const passenger=!!player.boat.passengerOf;panel.querySelector('[data-boat-fish]').disabled=passenger;panel.querySelector('[data-boat-fish] span').textContent=passenger?'Passageiro':'Pescar';}}
if,18-water-fishing-boats.js,3675,if(player.boating)return false;
if,18-water-fishing-boats.js,3676,if(!canEnterMobility(PLAYER_MODES.BOAT_DRIVER)&&!player.vehicle)return false;
if,18-water-fishing-boats.js,3677,if(player.vehicle)exitVehicle(true);
if,18-water-fishing-boats.js,3678,if(player.transit.mode||!world.boat)return false;
if,18-water-fishing-boats.js,3679,"const p=world.boat.group.position;if(Math.hypot(player.x-p.x,player.z-p.z)>3.6){toast('Chegue perto do barco pelo píer.','warn');return false;}"
if,18-water-fishing-boats.js,3680,"const lock=await window.OTTHOS_RTDB?.claimBoat?.(world.boat.id);if(lock&&lock.ok===false){toast(lock.error||'O barco já está sendo usado por outro jogador.','warn',2800);return false;}"
if,18-water-fishing-boats.js,3681,"input.mobilityAccelerate=false;input.mobilityBrake=false;player.boating=true;player.boat.passengerOf='';player.boat.passengerUid='';player.boat.passengerBotId='';player.boat.heading=world.boat.heading||0;player.boat.speed=0;player.boat.steerVisual=0;player.x=p.x;player.z=p.z;player.y=.18;player.vx=player.vz=0;state.boats.activeBoatId=world.boat.id;state.boats.passengerOf='';const companion=nearestRideCompanion(9);if(companion)boardNpcPassenger(companion,'boat');updateBoatPanel();updateVehicleCon"
if,18-water-fishing-boats.js,3685,"if(!ghost||!target?.boating||target.boatRole==='passenger'){toast('O motorista ou o barco não está mais disponível.','warn');return false;}"
if,18-water-fishing-boats.js,3686,"if(player.boating){toast('Você já está em um barco.','warn');return false;}"
if,18-water-fishing-boats.js,3687,if(player.vehicle)exitVehicle(true);
if,18-water-fishing-boats.js,3688,if(player.transit.mode||!canEnterMobility(PLAYER_MODES.BOAT_PASSENGER))return false;
if,18-water-fishing-boats.js,3692,if(!player.boating)return false;
if,18-water-fishing-boats.js,3693,"if(!silent&&!validBoatExit()){toast('Encoste a lateral do barco no píer para sair com segurança.','warn',2500);return false;}"
if,18-water-fishing-boats.js,3695,"if(passengerHost)window.OTTHOS_RTDB?.sendInteraction?.(passengerHost,{type:'boatPassengerLeft'});else if(hostedPassenger)window.OTTHOS_RTDB?.sendInteraction?.(hostedPassenger,{type:'boatEnded'});"
else,18-water-fishing-boats.js,3695,"if(passengerHost)window.OTTHOS_RTDB?.sendInteraction?.(passengerHost,{type:'boatPassengerLeft'});else if(hostedPassenger)window.OTTHOS_RTDB?.sendInteraction?.(hostedPassenger,{type:'boatEnded'});"
if,18-water-fishing-boats.js,3696,"releaseNpcPassenger('boat');input.mobilityAccelerate=false;input.mobilityBrake=false;player.boating=false;player.boat.passengerOf='';player.boat.passengerUid='';player.boat.speed=0;player.boat.steerVisual=0;state.boats.passengerOf='';state.boats.activeBoatId='';if(!wasPassenger&&world.boat)window.OTTHOS_RTDB?.releaseBoat?.(world.boat.id);if(world.boat&&!wasPassenger){world.boat.group.position.set(player.x,.1,player.z);world.boat.heading=player.boat.heading;world.boat.group.rotation.y=player.boat"
if,18-water-fishing-boats.js,3697,"const safe=safeBoatExitPoint();player.x=safe.x;player.z=safe.z;player.y=groundHeightAt(safe.x,safe.z);player.vx=player.vy=player.vz=0;player.grounded=true;rememberSafePlayerPosition(true);updateBoatPanel();updateVehicleControlsUI();auditPlayerMode('exit-boat');if(!silent)toast('Você desembarcou no píer.','good');saveState(true);return true;"
if,18-water-fishing-boats.js,3700,"const boat=player.boat;if(boat.passengerOf){const ghost=world.ghosts.get(boat.passengerOf),target=ghost?.userData?.target;if(!ghost||!target){boat.hostMissingAt=boat.hostMissingAt||performance.now();if(performance.now()-boat.hostMissingAt>3500){toast('O motorista saiu. Você voltou ao píer.','warn');player.x=-24.7;player.z=52;exitBoat(true);}player.vx=player.vz=0;return;}boat.hostMissingAt=0;const tx=Number(target.x||ghost.position.x),tz=Number(target.z||ghost.position.z);player.vx=clamp((tx-play"
if,18-water-fishing-boats.js,3703,"if(command.brake)boat.speed=approachNumber(boat.speed,0,(7.2+Math.abs(boat.speed)*.8)*dt);else{const crossing=boat.speed*throttle<-.08;boat.speed+=throttle*8.5*(crossing?1.8:1)*dt;}"
else,18-water-fishing-boats.js,3703,"if(command.brake)boat.speed=approachNumber(boat.speed,0,(7.2+Math.abs(boat.speed)*.8)*dt);else{const crossing=boat.speed*throttle<-.08;boat.speed+=throttle*8.5*(crossing?1.8:1)*dt;}"
if,18-water-fishing-boats.js,3704,"if(!throttle&&!command.brake)boat.speed*=Math.pow(.12,dt);if(Math.abs(boat.speed)<.02&&!throttle)boat.speed=0;boat.speed=clamp(boat.speed,-3.4,8.8);boat.steerVisual=lerp(boat.steerVisual||0,steer,Math.min(1,dt*6.5));const authority=Math.max(clamp(Math.abs(boat.speed)/2.8,0,1),Math.abs(throttle)>.1?.12:0);const turnRate=1.5/(1+Math.abs(boat.speed)*.075);boat.heading+=boat.steerVisual*turnRate*authority*dt*(boat.speed<-.08?-1:1);player.vx=Math.sin(boat.heading)*boat.speed;player.vz=Math.cos(boat.h"
if,18-water-fishing-boats.js,3706,"function constrainBoat(prevX,prevZ){if(!player.boating)return;if(!isInsideLakeNavigable(player.x,player.z)){player.x=prevX;player.z=prevZ;player.boat.speed*=-.18;player.vx=player.vz=0;}if(world.boat){world.boat.group.position.set(player.x,.1,player.z);world.boat.group.rotation.y=player.boat.heading;world.boat.heading=player.boat.heading;}state.boats.lastPosition={x:+player.x.toFixed(2),z:+player.z.toFixed(2),heading:+player.boat.heading.toFixed(3)};}"
if,18-water-fishing-boats.js,3707,function weightedFish(){let r=Math.random()*100;for(const fish of FISH_SPECIES){r-=fish.weight;if(r<=0)return fish;}return FISH_SPECIES[0];}
for,18-water-fishing-boats.js,3707,function weightedFish(){let r=Math.random()*100;for(const fish of FISH_SPECIES){r-=fish.weight;if(r<=0)return fish;}return FISH_SPECIES[0];}
if,18-water-fishing-boats.js,3709,"if(fishingSession){toast('Finalize a pesca atual primeiro.','warn');return;}if((state.inventory.fishingRod||0)<1){toast('Você precisa de uma vara de pesca.','warn');return;}if((state.inventory.bait||0)<1){toast('Você ficou sem isca.','warn');return;}if(source==='boat'&&!player.boating){toast('Entre no barco primeiro.','warn');return;}if(source!=='boat'&&!isNearFishingArea()){toast('Pesque somente nos pontos marcados da margem.','warn');return;}const wait=Math.max(0,6500-(Date.now()-Number(state."
if,18-water-fishing-boats.js,3713,cast.onclick=()=>{if(!fishingSession||fishingSession.token!==token)return;cast.disabled=true;state.inventory.bait--;state.fishing.lastAttempt=Date.now();saveState(true);status.textContent='🎣 Aguarde…';meter.style.animation='fishingWait 2.4s linear forwards';castFishingVisual();const hookDelay=1400+Math.random()*1700;fishingSession.hookTimer=setTimeout(()=>{if(!fishingSession||fishingSession.token!==token||els.modal.hidden){cancelFishingSession();return;}status.textContent='⚡ Fisgou!';pull.hidden
if,18-water-fishing-boats.js,3714,"pull.onclick=()=>{if(!fishingSession||fishingSession.token!==token)return;clearTimeout(fishingSession.escapeTimer);const reaction=performance.now()-Number(fishingSession.hookedAt||performance.now()),success=reaction<2400&&Math.random()<.88;pull.hidden=true;if(!success){status.textContent='💨 Escapou';pullFishingVisual(false);saveState();fishingSession.finishTimer=setTimeout(()=>{if(fishingSession?.token===token)fishingSession=null;stopFishingVisual();},800);return;}const fish=weightedFish(),size="
if,19-campfire-hunting-house-extensions.js,3719,"function campfireAllowed(x,z){const camp=worldLayoutPoint('camp',{x:-78,z:-62});if(Math.hypot(x-camp.x,z-camp.z)>14)return false;if(waterAt(x,z))return false;if(WORLD_MAP_ROADS.some(r=>rectOverlap({x,z,w:3,d:3},r,.5)))return false;if(world.houses.some(h=>Math.hypot(x-h.x,z-h.z)<10))return false;return true;}"
if,19-campfire-hunting-house-extensions.js,3721,"if(!data?.id||world.campfires.some(x=>x.data.id===data.id))return;const g=new THREE.Group();g.position.set(data.x,0,data.z);worldGroup.add(g);for(const a of [-.55,.55]){const log=premiumCylinder(.18,1.6,0x76502d,a,.2,0,g,8);log.rotation.z=Math.PI/2;log.rotation.y=a>0?Math.PI/4:-Math.PI/4;}const flame=new THREE.Mesh(new THREE.ConeGeometry(.42,1.15,7),mat(0xff7a18,{emissive:0xff4a00,emissiveIntensity:1.4,transparent:true,opacity:.9}));flame.position.y=.9;g.add(flame);const record={data:{...data,re"
for,19-campfire-hunting-house-extensions.js,3721,"if(!data?.id||world.campfires.some(x=>x.data.id===data.id))return;const g=new THREE.Group();g.position.set(data.x,0,data.z);worldGroup.add(g);for(const a of [-.55,.55]){const log=premiumCylinder(.18,1.6,0x76502d,a,.2,0,g,8);log.rotation.z=Math.PI/2;log.rotation.y=a>0?Math.PI/4:-Math.PI/4;}const flame=new THREE.Mesh(new THREE.ConeGeometry(.42,1.15,7),mat(0xff7a18,{emissive:0xff4a00,emissiveIntensity:1.4,transparent:true,opacity:.9}));flame.position.y=.9;g.add(flame);const record={data:{...data,re"
if,19-campfire-hunting-house-extensions.js,3724,"async function buildCampfire(){const x=Math.round(player.x*2)/2,z=Math.round(player.z*2)/2;if(!campfireAllowed(x,z)){toast('Use a área demarcada do acampamento.','warn');return;}if((state.inventory.wood||0)<3){toast('Você precisa de 3 madeiras.','warn');return;}if(!(await confirmModal('Construir fogueira','Gastar 3 madeiras para montar a fogueira?','Construir','Cancelar')))return;state.inventory.wood-=3;const data={id:uid(),ownerId:state.profile.playerId,x,z,createdAt:Date.now(),expiresAt:Date.n"
if,19-campfire-hunting-house-extensions.js,3725,"function finishCampfireCooking(data,cookingId){if(!data?.cooking||data.cooking.id!==cookingId||data.cooking.collected)return;data.cooking.collected=true;data.cooking=null;state.inventory.cookedFish=(state.inventory.cookedFish||0)+1;saveState(true);window.OTTHOS_RTDB?.syncCampfires?.(state.campfires);toast('O peixe ficou assado!','good',2200);beep(740,100,'sine');}"
if,19-campfire-hunting-house-extensions.js,3726,"function openCampfire(id){const record=world.campfires.find(c=>c.data.id===id),data=record?.data;if(!data||Number(data.expiresAt||0)<=Date.now()){toast('Esta fogueira já apagou.','warn');return;}const mine=!data.remote;openModal('Fogueira',`<div class=""activity-card""><div class=""activity-icon"">🔥</div><h3>Fogueira do acampamento</h3><p>${data.cooking?'Peixe assando...':'Sente-se, cozinhe seu peixe ou convide um amigo.'}</p><div class=""modal-actions""><button class=""btn primary"" data-cook ${!mine||"
if,19-campfire-hunting-house-extensions.js,3727,"$('[data-sit]',root).onclick=()=>{player.sitUntil=performance.now()+4500;state.needs.fun=clamp(state.needs.fun+8,0,100);closeModal();toast('Você descansou perto da fogueira.','good');};$('[data-eat]',root).onclick=()=>{if(state.inventory.cookedFish<1)return;state.inventory.cookedFish--;state.needs.hunger=clamp(state.needs.hunger+32,0,100);saveState(true);updateHUD();openCampfire(id);};$('[data-cook]',root).onclick=async()=>{if(!mine||data.cooking||state.inventory.rawFish<1)return;if(!(await conf"
if,19-campfire-hunting-house-extensions.js,3729,"function openNearestCampfire(){const c=nearestActiveCampfire(12);if(c)openCampfire(c.data.id);else toast('A fogueira do amigo não está próxima ou já apagou.','warn');}"
else,19-campfire-hunting-house-extensions.js,3729,"function openNearestCampfire(){const c=nearestActiveCampfire(12);if(c)openCampfire(c.data.id);else toast('A fogueira do amigo não está próxima ou já apagou.','warn');}"
if,19-campfire-hunting-house-extensions.js,3730,"function openCampfireZone(){const c=nearestActiveCampfire(8);if(c)openCampfire(c.data.id);else openModal('Acampamento','<p>Esta é uma área segura para montar fogueira. Ela usa madeira real do inventário e apaga automaticamente.</p><div class=""modal-actions""><button class=""btn primary"" data-build-fire>Construir fogueira</button></div>',root=>$('[data-build-fire]',root).onclick=()=>{closeModal();buildCampfire();});}"
else,19-campfire-hunting-house-extensions.js,3730,"function openCampfireZone(){const c=nearestActiveCampfire(8);if(c)openCampfire(c.data.id);else openModal('Acampamento','<p>Esta é uma área segura para montar fogueira. Ela usa madeira real do inventário e apaga automaticamente.</p><div class=""modal-actions""><button class=""btn primary"" data-build-fire>Construir fogueira</button></div>',root=>$('[data-build-fire]',root).onclick=()=>{closeModal();buildCampfire();});}"
for,19-campfire-hunting-house-extensions.js,3731,"function createCampfireZone(){const camp=worldLayoutPoint('camp',{x:-78,z:-62});for(let i=0;i<9;i++){const a=i/9*Math.PI*2;premiumBox(.75,.3,.5,0x8b765e,camp.x+Math.cos(a)*2,.15,camp.z+Math.sin(a)*2);}createSignpost(camp.x+5,camp.z+5,'Acampamento',Math.PI*.25);registerInteractable({id:'campfire-zone',type:'campfire-zone',icon:'🔥',label:'Área de fogueira',x:camp.x,z:camp.z,radius:5,priority:145,action:openCampfireZone});}"
if,19-campfire-hunting-house-extensions.js,3732,"function createForestAnimal(id,type,x,z,color){const g=new THREE.Group();g.position.set(x,0,z);worldGroup.add(g);premiumBox(1.25,.72,.55,color,0,.72,0,g);premiumBox(.55,.55,.5,color,0,1.25,.38,g);for(const ox of [-.42,.42])for(const oz of [-.18,.18])premiumBox(.16,.55,.16,0x5e432b,ox,.28,oz,g);if(type==='deer'){premiumBox(.08,.5,.08,0x5e432b,-.18,1.68,.4,g);premiumBox(.08,.5,.08,0x5e432b,.18,1.68,.4,g);}const animal={id,type,group:g,x,z,available:true,respawnAt:0};world.animals.push(animal);retu"
for,19-campfire-hunting-house-extensions.js,3732,"function createForestAnimal(id,type,x,z,color){const g=new THREE.Group();g.position.set(x,0,z);worldGroup.add(g);premiumBox(1.25,.72,.55,color,0,.72,0,g);premiumBox(.55,.55,.5,color,0,1.25,.38,g);for(const ox of [-.42,.42])for(const oz of [-.18,.18])premiumBox(.16,.55,.16,0x5e432b,ox,.28,oz,g);if(type==='deer'){premiumBox(.08,.5,.08,0x5e432b,-.18,1.68,.4,g);premiumBox(.08,.5,.08,0x5e432b,.18,1.68,.4,g);}const animal={id,type,group:g,x,z,available:true,respawnAt:0};world.animals.push(animal);retu"
if,19-campfire-hunting-house-extensions.js,3733,"function startHunting(options={}){const cooldown=Math.max(0,20000-(Date.now()-Number(state.hunting.lastAttempt||0)));if(cooldown>0){toast(`A floresta precisa descansar por ${Math.ceil(cooldown/1000)} s.`,'warn');return;}if((()=>{const p=worldLayoutPoint('hunt',{x:-101,z:-78});return Math.hypot(player.x-p.x,player.z-p.z)>28;})()){toast('Siga as pegadas até a área de rastreamento.','warn');return;}state.hunting.lastAttempt=Date.now();state.hunting.tracksFound++;const trail=['Pegadas perto das pedr"
else,19-campfire-hunting-house-extensions.js,3733,"function startHunting(options={}){const cooldown=Math.max(0,20000-(Date.now()-Number(state.hunting.lastAttempt||0)));if(cooldown>0){toast(`A floresta precisa descansar por ${Math.ceil(cooldown/1000)} s.`,'warn');return;}if((()=>{const p=worldLayoutPoint('hunt',{x:-101,z:-78});return Math.hypot(player.x-p.x,player.z-p.z)>28;})()){toast('Siga as pegadas até a área de rastreamento.','warn');return;}state.hunting.lastAttempt=Date.now();state.hunting.tracksFound++;const trail=['Pegadas perto das pedr"
for,19-campfire-hunting-house-extensions.js,3734,"function createHuntingArea(){const hunt=worldLayoutPoint('hunt',{x:-101,z:-78});createSignpost(hunt.x+8,hunt.z+13,'Rastreamento infantil',Math.PI*.3);for(const [dx,dz] of [[8,8],[4,5],[0,3],[-3,8]]){const mark=premiumBox(.45,.05,.7,0x634b32,hunt.x+dx,.04,hunt.z+dz);mark.rotation.y=Math.random()*Math.PI;}createForestAnimal('deer-1','deer',hunt.x-4,hunt.z,0xb67945);createForestAnimal('rabbit-1','rabbit',hunt.x+13,hunt.z-4,0xc8b7a3);registerInteractable({id:'hunting-trail',type:'hunting',icon:'🐾',l"
if,19-campfire-hunting-house-extensions.js,3737,"function extensionValid(draft){const rect={x:Number(draft.x),z:Number(draft.z),w:5.4,d:5.4};if(Math.abs(rect.x)>111||Math.abs(rect.z)>111)return false;if(world.hazards.some(h=>rectOverlap(rect,h,.5)))return false;if(WORLD_MAP_ROADS.some(r=>rectOverlap(rect,r,.4)))return false;if(typeof v704ProtectedRectangles==='function'&&v704ProtectedRectangles().some(item=>item.id!==draft.houseId&&item.kind!=='construction'&&rectOverlap(rect,item,.55)))return false;if(world.houseExtensions.some(e=>rectOverlap"
for,19-campfire-hunting-house-extensions.js,3737,"function extensionValid(draft){const rect={x:Number(draft.x),z:Number(draft.z),w:5.4,d:5.4};if(Math.abs(rect.x)>111||Math.abs(rect.z)>111)return false;if(world.hazards.some(h=>rectOverlap(rect,h,.5)))return false;if(WORLD_MAP_ROADS.some(r=>rectOverlap(rect,r,.4)))return false;if(typeof v704ProtectedRectangles==='function'&&v704ProtectedRectangles().some(item=>item.id!==draft.houseId&&item.kind!=='construction'&&rectOverlap(rect,item,.55)))return false;if(world.houseExtensions.some(e=>rectOverlap"
if,19-campfire-hunting-house-extensions.js,3753,"function furniturePlacementValid(extensionId,candidate,ignoreId=''){const record=world.houseExtensions.find(item=>item.data.id===extensionId),roomType=record?.data?.type||'storage',foot=furnitureFootprint(candidate,roomType);if(Math.abs(candidate.x)+foot.w/2>2.28||Math.abs(candidate.z)+foot.d/2>2.22)return false;if(candidate.z>1.25&&Math.abs(candidate.x)<1.05)return false;const rect={x:candidate.x,z:candidate.z,w:foot.w,d:foot.d};return!furnitureForExtension(extensionId).some(item=>item.id!==ign"
if,19-campfire-hunting-house-extensions.js,3754,function disposeFurnitureGroup(group){if(!group)return;group.parent?.remove(group);disposeDetachedVisual(group);}
if,19-campfire-hunting-house-extensions.js,3755,function clearFurniturePreview(){if(furniturePreview)disposeFurnitureGroup(furniturePreview);furniturePreview=null;furnitureDraft=null;}
if,19-campfire-hunting-house-extensions.js,3756,function clearExtensionPreview(){if(extensionPreview&&worldGroup){worldGroup.remove(extensionPreview);disposeDetachedVisual(extensionPreview);}extensionPreview=null;extensionDraft=null;clearFurniturePreview();}
if,19-campfire-hunting-house-extensions.js,3757,"function renderExtensionPreview(){if(!extensionDraft)return;const d={...extensionDraft};if(extensionPreview&&worldGroup){worldGroup.remove(extensionPreview);disposeDetachedVisual(extensionPreview);}extensionPreview=null;extensionDraft=d;const spec=ROOM_SPECS[d.type]||ROOM_SPECS.storage,g=new THREE.Group();g.position.set(Number(d.x||0),0,Number(d.z||0));g.rotation.y=Number(d.rotation||0);worldGroup.add(g);const m=new THREE.MeshStandardMaterial({color:extensionValid(d)?0x62e58a:0xff5263,transparen"
for,19-campfire-hunting-house-extensions.js,3757,"function renderExtensionPreview(){if(!extensionDraft)return;const d={...extensionDraft};if(extensionPreview&&worldGroup){worldGroup.remove(extensionPreview);disposeDetachedVisual(extensionPreview);}extensionPreview=null;extensionDraft=d;const spec=ROOM_SPECS[d.type]||ROOM_SPECS.storage,g=new THREE.Group();g.position.set(Number(d.x||0),0,Number(d.z||0));g.rotation.y=Number(d.rotation||0);worldGroup.add(g);const m=new THREE.MeshStandardMaterial({color:extensionValid(d)?0x62e58a:0xff5263,transparen"
if,19-campfire-hunting-house-extensions.js,3758,"function createFurnitureModel(item,parent,preview=false,valid=true){const roomType=world.houseExtensions.find(record=>record.data.id===item.extensionId)?.data?.type||'storage',spec=furnitureSpec(item.type,roomType);if(!spec)return null;const g=new THREE.Group();g.position.set(Number(item.x||0),.23,Number(item.z||0));g.rotation.y=Number(item.rotation||0);parent.add(g);if(preview){const material=new THREE.MeshStandardMaterial({color:valid?0x60e88b:0xff5668,transparent:true,opacity:.48,roughness:.5"
if,19-campfire-hunting-house-extensions.js,3760,"if(item.type==='bed'){pb(2.05,.28,1.42,wood,0,.18,0);pb(1.95,.28,1.35,0xd8edf8,0,.43,0);pb(1.9,.08,.42,0x4d86bd,0,.61,.42);pb(.72,.17,.42,light,-.48,.62,-.38);pb(2.05,1.0,.16,wood,0,.72,-.7);}"
if,19-campfire-hunting-house-extensions.js,3761,"else if(item.type==='sofa'){pb(2.0,.42,.78,cloth,0,.4,0);pb(2.0,.78,.22,shadeColor(cloth,-20),0,.73,-.31);pb(.24,.67,.82,shadeColor(cloth,-12),-.9,.56,0);pb(.24,.67,.82,shadeColor(cloth,-12),.9,.56,0);pb(.05,.48,.05,dark,-.78,.1,.25);pb(.05,.48,.05,dark,.78,.1,.25);}"
else,19-campfire-hunting-house-extensions.js,3761,"else if(item.type==='sofa'){pb(2.0,.42,.78,cloth,0,.4,0);pb(2.0,.78,.22,shadeColor(cloth,-20),0,.73,-.31);pb(.24,.67,.82,shadeColor(cloth,-12),-.9,.56,0);pb(.24,.67,.82,shadeColor(cloth,-12),.9,.56,0);pb(.05,.48,.05,dark,-.78,.1,.25);pb(.05,.48,.05,dark,.78,.1,.25);}"
if,19-campfire-hunting-house-extensions.js,3762,"else if(item.type==='tv'){pb(1.3,.78,.12,dark,0,.82,0);pb(1.14,.62,.04,0x154d6a,0,.82,.08);pb(.1,.48,.1,metal,0,.3,0);pb(.72,.1,.45,dark,0,.08,0);}"
else,19-campfire-hunting-house-extensions.js,3762,"else if(item.type==='tv'){pb(1.3,.78,.12,dark,0,.82,0);pb(1.14,.62,.04,0x154d6a,0,.82,.08);pb(.1,.48,.1,metal,0,.3,0);pb(.72,.1,.45,dark,0,.08,0);}"
if,19-campfire-hunting-house-extensions.js,3763,"else if(['coffee-table','porch-table','work-table'].includes(item.type)){pb(spec.w,.12,spec.d,wood,0,.62,0);for(const x of [-spec.w*.38,spec.w*.38])for(const z of [-spec.d*.32,spec.d*.32])pb(.09,.62,.09,dark,x,.31,z);}"
else,19-campfire-hunting-house-extensions.js,3763,"else if(['coffee-table','porch-table','work-table'].includes(item.type)){pb(spec.w,.12,spec.d,wood,0,.62,0);for(const x of [-spec.w*.38,spec.w*.38])for(const z of [-spec.d*.32,spec.d*.32])pb(.09,.62,.09,dark,x,.31,z);}"
for,19-campfire-hunting-house-extensions.js,3763,"else if(['coffee-table','porch-table','work-table'].includes(item.type)){pb(spec.w,.12,spec.d,wood,0,.62,0);for(const x of [-spec.w*.38,spec.w*.38])for(const z of [-spec.d*.32,spec.d*.32])pb(.09,.62,.09,dark,x,.31,z);}"
if,19-campfire-hunting-house-extensions.js,3764,"else if(['wardrobe','cabinet','bookshelf','shelf','storage-shelf'].includes(item.type)){pb(spec.w,1.65,spec.d,wood,0,.84,0);for(const y of [.38,.82,1.25])pb(spec.w-.12,.06,spec.d+.02,light,0,y,.02);if(item.type==='wardrobe'||item.type==='cabinet'){pb(.06,1.5,.04,dark,0,.86,spec.d/2+.03);pb(.07,.12,.05,metal,-.12,.85,spec.d/2+.06);pb(.07,.12,.05,metal,.12,.85,spec.d/2+.06);}else for(let i=0;i<5;i++)pb(.15,.42,.27,[0xe36d5c,0x4e8bd9,0xf0c84d,0x62a96b][i%4],-.45+i*.22,.58,spec.d/2+.03);}"
else,19-campfire-hunting-house-extensions.js,3764,"else if(['wardrobe','cabinet','bookshelf','shelf','storage-shelf'].includes(item.type)){pb(spec.w,1.65,spec.d,wood,0,.84,0);for(const y of [.38,.82,1.25])pb(spec.w-.12,.06,spec.d+.02,light,0,y,.02);if(item.type==='wardrobe'||item.type==='cabinet'){pb(.06,1.5,.04,dark,0,.86,spec.d/2+.03);pb(.07,.12,.05,metal,-.12,.85,spec.d/2+.06);pb(.07,.12,.05,metal,.12,.85,spec.d/2+.06);}else for(let i=0;i<5;i++)pb(.15,.42,.27,[0xe36d5c,0x4e8bd9,0xf0c84d,0x62a96b][i%4],-.45+i*.22,.58,spec.d/2+.03);}"
for,19-campfire-hunting-house-extensions.js,3764,"else if(['wardrobe','cabinet','bookshelf','shelf','storage-shelf'].includes(item.type)){pb(spec.w,1.65,spec.d,wood,0,.84,0);for(const y of [.38,.82,1.25])pb(spec.w-.12,.06,spec.d+.02,light,0,y,.02);if(item.type==='wardrobe'||item.type==='cabinet'){pb(.06,1.5,.04,dark,0,.86,spec.d/2+.03);pb(.07,.12,.05,metal,-.12,.85,spec.d/2+.06);pb(.07,.12,.05,metal,.12,.85,spec.d/2+.06);}else for(let i=0;i<5;i++)pb(.15,.42,.27,[0xe36d5c,0x4e8bd9,0xf0c84d,0x62a96b][i%4],-.45+i*.22,.58,spec.d/2+.03);}"
if,19-campfire-hunting-house-extensions.js,3765,"else if(item.type==='nightstand'){pb(.6,.58,.5,wood,0,.3,0);pb(.5,.18,.03,light,0,.37,.27);pb(.07,.08,.05,metal,0,.37,.3);}"
else,19-campfire-hunting-house-extensions.js,3765,"else if(item.type==='nightstand'){pb(.6,.58,.5,wood,0,.3,0);pb(.5,.18,.03,light,0,.37,.27);pb(.07,.08,.05,metal,0,.37,.3);}"
if,19-campfire-hunting-house-extensions.js,3766,"else if(['lamp','porch-light'].includes(item.type)){pb(.12,.75,.12,metal,0,.4,0);const shade=new THREE.Mesh(new THREE.ConeGeometry(.3,.48,10,1,true),mat(0xffe6a2,{emissive:0xffc94d,emissiveIntensity:.45,side:THREE.DoubleSide}));shade.position.y=.9;g.add(shade);pb(.42,.08,.42,dark,0,.04,0);}"
else,19-campfire-hunting-house-extensions.js,3766,"else if(['lamp','porch-light'].includes(item.type)){pb(.12,.75,.12,metal,0,.4,0);const shade=new THREE.Mesh(new THREE.ConeGeometry(.3,.48,10,1,true),mat(0xffe6a2,{emissive:0xffc94d,emissiveIntensity:.45,side:THREE.DoubleSide}));shade.position.y=.9;g.add(shade);pb(.42,.08,.42,dark,0,.04,0);}"
if,19-campfire-hunting-house-extensions.js,3767,"else if(item.type==='dining-table'){pb(1.45,.12,.95,wood,0,.72,0);for(const x of [-.58,.58])for(const z of [-.35,.35])pb(.1,.72,.1,dark,x,.36,z);}"
else,19-campfire-hunting-house-extensions.js,3767,"else if(item.type==='dining-table'){pb(1.45,.12,.95,wood,0,.72,0);for(const x of [-.58,.58])for(const z of [-.35,.35])pb(.1,.72,.1,dark,x,.36,z);}"
for,19-campfire-hunting-house-extensions.js,3767,"else if(item.type==='dining-table'){pb(1.45,.12,.95,wood,0,.72,0);for(const x of [-.58,.58])for(const z of [-.35,.35])pb(.1,.72,.1,dark,x,.36,z);}"
if,19-campfire-hunting-house-extensions.js,3768,"else if(item.type==='stove'){pb(.8,.9,.62,0xe8edf2,0,.45,0);pb(.78,.08,.64,dark,0,.93,0);for(const x of [-.22,.22])for(const z of [-.16,.16]){const burner=new THREE.Mesh(new THREE.CylinderGeometry(.11,.11,.025,12),mat(0x202733));burner.position.set(x,.99,z);g.add(burner);}pb(.55,.42,.04,0x27394a,0,.47,.33);}"
else,19-campfire-hunting-house-extensions.js,3768,"else if(item.type==='stove'){pb(.8,.9,.62,0xe8edf2,0,.45,0);pb(.78,.08,.64,dark,0,.93,0);for(const x of [-.22,.22])for(const z of [-.16,.16]){const burner=new THREE.Mesh(new THREE.CylinderGeometry(.11,.11,.025,12),mat(0x202733));burner.position.set(x,.99,z);g.add(burner);}pb(.55,.42,.04,0x27394a,0,.47,.33);}"
for,19-campfire-hunting-house-extensions.js,3768,"else if(item.type==='stove'){pb(.8,.9,.62,0xe8edf2,0,.45,0);pb(.78,.08,.64,dark,0,.93,0);for(const x of [-.22,.22])for(const z of [-.16,.16]){const burner=new THREE.Mesh(new THREE.CylinderGeometry(.11,.11,.025,12),mat(0x202733));burner.position.set(x,.99,z);g.add(burner);}pb(.55,.42,.04,0x27394a,0,.47,.33);}"
if,19-campfire-hunting-house-extensions.js,3769,"else if(item.type==='fridge'){pb(.8,1.75,.7,0xe7edf2,0,.88,0);pb(.05,1.55,.04,metal,.23,.9,.37);pb(.8,.06,.72,dark,0,.68,0);}"
else,19-campfire-hunting-house-extensions.js,3769,"else if(item.type==='fridge'){pb(.8,1.75,.7,0xe7edf2,0,.88,0);pb(.05,1.55,.04,metal,.23,.9,.37);pb(.8,.06,.72,dark,0,.68,0);}"
if,19-campfire-hunting-house-extensions.js,3770,"else if(['sink','bath-sink'].includes(item.type)){pb(spec.w,.78,spec.d,light,0,.39,0);const basin=new THREE.Mesh(new THREE.CylinderGeometry(.25,.22,.12,14),mat(0xb7d6e4));basin.position.set(0,.82,.02);g.add(basin);pb(.06,.34,.06,metal,0,.98,-.12);pb(.26,.05,.05,metal,.1,1.12,-.12);}"
else,19-campfire-hunting-house-extensions.js,3770,"else if(['sink','bath-sink'].includes(item.type)){pb(spec.w,.78,spec.d,light,0,.39,0);const basin=new THREE.Mesh(new THREE.CylinderGeometry(.25,.22,.12,14),mat(0xb7d6e4));basin.position.set(0,.82,.02);g.add(basin);pb(.06,.34,.06,metal,0,.98,-.12);pb(.26,.05,.05,metal,.1,1.12,-.12);}"
if,19-campfire-hunting-house-extensions.js,3771,"else if(item.type==='shower'){pb(.95,.05,.95,0x9bdff2,0,.03,0);pb(.06,1.75,.06,metal,-.38,.88,-.38);pb(.62,.05,.05,metal,-.08,1.62,-.38);const head=new THREE.Mesh(new THREE.CylinderGeometry(.12,.12,.08,12),mat(0x9aabb7));head.position.set(.2,1.55,-.38);head.rotation.z=Math.PI/2;g.add(head);}"
else,19-campfire-hunting-house-extensions.js,3771,"else if(item.type==='shower'){pb(.95,.05,.95,0x9bdff2,0,.03,0);pb(.06,1.75,.06,metal,-.38,.88,-.38);pb(.62,.05,.05,metal,-.08,1.62,-.38);const head=new THREE.Mesh(new THREE.CylinderGeometry(.12,.12,.08,12),mat(0x9aabb7));head.position.set(.2,1.55,-.38);head.rotation.z=Math.PI/2;g.add(head);}"
if,19-campfire-hunting-house-extensions.js,3772,"else if(item.type==='toilet'){pb(.62,.42,.68,light,0,.25,.12);const seat=new THREE.Mesh(new THREE.TorusGeometry(.24,.07,8,14),mat(0xdfe8ed));seat.position.set(0,.5,.13);seat.rotation.x=Math.PI/2;g.add(seat);pb(.58,.72,.28,light,0,.47,-.3);}"
else,19-campfire-hunting-house-extensions.js,3772,"else if(item.type==='toilet'){pb(.62,.42,.68,light,0,.25,.12);const seat=new THREE.Mesh(new THREE.TorusGeometry(.24,.07,8,14),mat(0xdfe8ed));seat.position.set(0,.5,.13);seat.rotation.x=Math.PI/2;g.add(seat);pb(.58,.72,.28,light,0,.47,-.3);}"
if,19-campfire-hunting-house-extensions.js,3773,"else if(item.type==='desk'){pb(1.48,.12,.66,wood,0,.72,0);pb(.12,.72,.12,dark,-.58,.36,0);pb(.12,.72,.12,dark,.58,.36,0);pb(.72,.55,.06,dark,0,1.12,-.14);pb(.62,.43,.04,0x216789,0,1.12,-.1);}"
else,19-campfire-hunting-house-extensions.js,3773,"else if(item.type==='desk'){pb(1.48,.12,.66,wood,0,.72,0);pb(.12,.72,.12,dark,-.58,.36,0);pb(.12,.72,.12,dark,.58,.36,0);pb(.72,.55,.06,dark,0,1.12,-.14);pb(.62,.43,.04,0x216789,0,1.12,-.1);}"
if,19-campfire-hunting-house-extensions.js,3774,"else if(item.type==='chair'){pb(.55,.12,.55,wood,0,.55,0);pb(.55,.76,.1,wood,0,.92,-.23);for(const x of [-.2,.2])for(const z of [-.2,.2])pb(.07,.55,.07,dark,x,.28,z);}"
else,19-campfire-hunting-house-extensions.js,3774,"else if(item.type==='chair'){pb(.55,.12,.55,wood,0,.55,0);pb(.55,.76,.1,wood,0,.92,-.23);for(const x of [-.2,.2])for(const z of [-.2,.2])pb(.07,.55,.07,dark,x,.28,z);}"
for,19-campfire-hunting-house-extensions.js,3774,"else if(item.type==='chair'){pb(.55,.12,.55,wood,0,.55,0);pb(.55,.76,.1,wood,0,.92,-.23);for(const x of [-.2,.2])for(const z of [-.2,.2])pb(.07,.55,.07,dark,x,.28,z);}"
if,19-campfire-hunting-house-extensions.js,3775,"else if(item.type==='toolbench'){pb(1.52,.16,.62,wood,0,.8,0);for(const x of [-.62,.62])pb(.12,.8,.12,dark,x,.4,0);pb(1.45,.8,.1,0x51677a,0,1.22,-.25);for(const x of [-.45,0,.45])pb(.13,.4,.06,0xf0b33d,x,1.24,.32);}"
else,19-campfire-hunting-house-extensions.js,3775,"else if(item.type==='toolbench'){pb(1.52,.16,.62,wood,0,.8,0);for(const x of [-.62,.62])pb(.12,.8,.12,dark,x,.4,0);pb(1.45,.8,.1,0x51677a,0,1.22,-.25);for(const x of [-.45,0,.45])pb(.13,.4,.06,0xf0b33d,x,1.24,.32);}"
for,19-campfire-hunting-house-extensions.js,3775,"else if(item.type==='toolbench'){pb(1.52,.16,.62,wood,0,.8,0);for(const x of [-.62,.62])pb(.12,.8,.12,dark,x,.4,0);pb(1.45,.8,.1,0x51677a,0,1.22,-.25);for(const x of [-.45,0,.45])pb(.13,.4,.06,0xf0b33d,x,1.24,.32);}"
if,19-campfire-hunting-house-extensions.js,3776,"else if(item.type==='bench'){pb(1.58,.16,.52,wood,0,.55,0);pb(1.58,.62,.12,wood,0,.88,-.2);for(const x of [-.58,.58])pb(.1,.55,.1,dark,x,.28,0);}"
else,19-campfire-hunting-house-extensions.js,3776,"else if(item.type==='bench'){pb(1.58,.16,.52,wood,0,.55,0);pb(1.58,.62,.12,wood,0,.88,-.2);for(const x of [-.58,.58])pb(.1,.55,.1,dark,x,.28,0);}"
for,19-campfire-hunting-house-extensions.js,3776,"else if(item.type==='bench'){pb(1.58,.16,.52,wood,0,.55,0);pb(1.58,.62,.12,wood,0,.88,-.2);for(const x of [-.58,.58])pb(.1,.55,.1,dark,x,.28,0);}"
if,19-campfire-hunting-house-extensions.js,3777,"else if(item.type==='plant'){const pot=new THREE.Mesh(new THREE.CylinderGeometry(.28,.22,.48,10),mat(0xb55f34));pot.position.y=.25;g.add(pot);for(const x of [-.18,0,.18]){pb(.06,.72,.06,green,x,.76,0);pb(.28,.16,.18,shadeColor(green,x===0?15:-10),x,.98,0);}}"
else,19-campfire-hunting-house-extensions.js,3777,"else if(item.type==='plant'){const pot=new THREE.Mesh(new THREE.CylinderGeometry(.28,.22,.48,10),mat(0xb55f34));pot.position.y=.25;g.add(pot);for(const x of [-.18,0,.18]){pb(.06,.72,.06,green,x,.76,0);pb(.28,.16,.18,shadeColor(green,x===0?15:-10),x,.98,0);}}"
for,19-campfire-hunting-house-extensions.js,3777,"else if(item.type==='plant'){const pot=new THREE.Mesh(new THREE.CylinderGeometry(.28,.22,.48,10),mat(0xb55f34));pot.position.y=.25;g.add(pot);for(const x of [-.18,0,.18]){pb(.06,.72,.06,green,x,.76,0);pb(.28,.16,.18,shadeColor(green,x===0?15:-10),x,.98,0);}}"
if,19-campfire-hunting-house-extensions.js,3778,"else if(item.type==='chest'){pb(1.05,.58,.65,wood,0,.3,0);pb(1.08,.18,.68,shadeColor(wood,-15),0,.64,0);pb(.1,.5,.04,metal,0,.38,.35);}"
else,19-campfire-hunting-house-extensions.js,3778,"else if(item.type==='chest'){pb(1.05,.58,.65,wood,0,.3,0);pb(1.08,.18,.68,shadeColor(wood,-15),0,.64,0);pb(.1,.5,.04,metal,0,.38,.35);}"
if,19-campfire-hunting-house-extensions.js,3779,"else if(item.type==='crate'){pb(.7,.7,.7,wood,0,.35,0);pb(.76,.08,.08,dark,0,.38,.36);pb(.08,.76,.08,dark,-.36,.38,0);pb(.08,.76,.08,dark,.36,.38,0);}"
else,19-campfire-hunting-house-extensions.js,3779,"else if(item.type==='crate'){pb(.7,.7,.7,wood,0,.35,0);pb(.76,.08,.08,dark,0,.38,.36);pb(.08,.76,.08,dark,-.36,.38,0);pb(.08,.76,.08,dark,.36,.38,0);}"
else,19-campfire-hunting-house-extensions.js,3780,"else{pb(spec.w,.65,spec.d,accent,0,.34,0);}g.userData.furnitureId=item.id;return g;"
if,19-campfire-hunting-house-extensions.js,3782,"function renderExtensionFurniture(record){if(!record)return;if(record.furnitureGroup)disposeFurnitureGroup(record.furnitureGroup);record.furnitureGroup=new THREE.Group();record.furnitureGroup.name=`OTTHI_FURNITURE_${record.data.id}`;record.group.add(record.furnitureGroup);for(const item of furnitureForExtension(record.data.id)){const mesh=createFurnitureModel(item,record.furnitureGroup,false,true);if(mesh)world.extensionFurniture.push({item,mesh,extensionId:record.data.id});}}"
for,19-campfire-hunting-house-extensions.js,3782,"function renderExtensionFurniture(record){if(!record)return;if(record.furnitureGroup)disposeFurnitureGroup(record.furnitureGroup);record.furnitureGroup=new THREE.Group();record.furnitureGroup.name=`OTTHI_FURNITURE_${record.data.id}`;record.group.add(record.furnitureGroup);for(const item of furnitureForExtension(record.data.id)){const mesh=createFurnitureModel(item,record.furnitureGroup,false,true);if(mesh)world.extensionFurniture.push({item,mesh,extensionId:record.data.id});}}"
if,19-campfire-hunting-house-extensions.js,3783,"function renderFurniturePreview(record){clearFurniturePreview();if(!record||!furnitureDraft)return;const valid=furniturePlacementValid(record.data.id,furnitureDraft,furnitureDraft.id||'');furniturePreview=createFurnitureModel(furnitureDraft,record.group,true,valid);return valid;}"
if,19-campfire-hunting-house-extensions.js,3784,"function nextFurnitureSlot(record,draft,direction=1){let index=Number(draft.slotIndex||0);for(let attempt=0;attempt<FURNITURE_SLOTS.length;attempt++){index=(index+direction+FURNITURE_SLOTS.length)%FURNITURE_SLOTS.length;const slot=FURNITURE_SLOTS[index],candidate={...draft,slotIndex:index,x:slot.x,z:slot.z};if(furniturePlacementValid(record.data.id,candidate,candidate.id||''))return candidate;}const slot=FURNITURE_SLOTS[index];return{...draft,slotIndex:index,x:slot.x,z:slot.z};}"
for,19-campfire-hunting-house-extensions.js,3784,"function nextFurnitureSlot(record,draft,direction=1){let index=Number(draft.slotIndex||0);for(let attempt=0;attempt<FURNITURE_SLOTS.length;attempt++){index=(index+direction+FURNITURE_SLOTS.length)%FURNITURE_SLOTS.length;const slot=FURNITURE_SLOTS[index],candidate={...draft,slotIndex:index,x:slot.x,z:slot.z};if(furniturePlacementValid(record.data.id,candidate,candidate.id||''))return candidate;}const slot=FURNITURE_SLOTS[index];return{...draft,slotIndex:index,x:slot.x,z:slot.z};}"
if,19-campfire-hunting-house-extensions.js,3785,"function openFurniturePlacement(extensionId,type,existingId=''){const record=world.houseExtensions.find(item=>item.data.id===extensionId);if(!record||record.data.remote){toast('Somente o dono pode mobiliar este cômodo.','warn');return;}const existing=(state.roomFurniture||[]).find(item=>item.id===existingId),spec=furnitureSpec(type||existing?.type,record.data.type);if(!spec)return;const first=existing?{...existing}:{id:'',extensionId,type:spec.id,slotIndex:-1,x:0,z:0,rotation:0,createdAt:Date.no"
else,19-campfire-hunting-house-extensions.js,3785,"function openFurniturePlacement(extensionId,type,existingId=''){const record=world.houseExtensions.find(item=>item.data.id===extensionId);if(!record||record.data.remote){toast('Somente o dono pode mobiliar este cômodo.','warn');return;}const existing=(state.roomFurniture||[]).find(item=>item.id===existingId),spec=furnitureSpec(type||existing?.type,record.data.type);if(!spec)return;const first=existing?{...existing}:{id:'',extensionId,type:spec.id,slotIndex:-1,x:0,z:0,rotation:0,createdAt:Date.no"
if,19-campfire-hunting-house-extensions.js,3786,"async function removeRoomFurniture(extensionId,furnitureId){const item=(state.roomFurniture||[]).find(entry=>entry.id===furnitureId),record=world.houseExtensions.find(entry=>entry.data.id===extensionId);if(!item||!record)return;if(!(await confirmModal('Remover móvel',`Remover ${furnitureSpec(item.type,record.data.type)?.name||'este móvel'} do cômodo?`,'Remover','Cancelar'))){openFurnitureManager(extensionId);return;}state.roomFurniture=state.roomFurniture.filter(entry=>entry.id!==furnitureId);re"
if,19-campfire-hunting-house-extensions.js,3787,"function openFurnitureManager(extensionId){const record=world.houseExtensions.find(item=>item.data.id===extensionId);if(!record)return;const spec=ROOM_SPECS[record.data.type]||ROOM_SPECS.storage,owned=!record.data.remote,items=furnitureForExtension(extensionId),catalog=furnitureCatalogForRoom(record.data.type);openModal(`Mobiliar ${spec.name}`,`<div class=""room-furniture-heading""><span>${spec.icon}</span><div><h3>${spec.name}</h3><p>${owned?'Escolha móveis, mova, gire ou remova sem alterar o côm"
if,19-campfire-hunting-house-extensions.js,3788,"function spawnHouseExtension(data,remote=false){if(!data?.id||world.houseExtensions.some(x=>x.data.id===data.id))return;const spec=ROOM_SPECS[data.type]||ROOM_SPECS.storage,g=new THREE.Group();g.position.set(data.x,0,data.z);g.rotation.y=Number(data.rotation||0);worldGroup.add(g);premiumBox(5.2,.22,5.2,spec.color,0,.11,0,g);premiumBox(5.25,.32,.18,0xf1eadb,0,1.55,-2.51,g);premiumBox(.18,3.0,5.2,0xf1eadb,-2.51,1.5,0,g);premiumBox(.18,3.0,5.2,0xf1eadb,2.51,1.5,0,g);premiumBox(5.5,.35,5.5,shadeColo"
if,19-campfire-hunting-house-extensions.js,3791,"function openHouseExtensionPlanner(type){const house=nearestOwnedHouseForExtension();if(!house||distance2D(player,house)>16){toast('Chegue perto de uma casa que você possui.','warn');return;}let side=0;const spec=ROOM_SPECS[type];const place=extensionPlacement(house,side);extensionDraft={id:uid(),houseId:house.id,type,side,...place,ownerId:state.profile.playerId,ownerName:playerDisplayName()};renderExtensionPreview();openModal(`Ampliar: ${spec.name}`,`<p>A prévia transparente aparece ao lado da "
for,19-campfire-hunting-house-extensions.js,3791,"function openHouseExtensionPlanner(type){const house=nearestOwnedHouseForExtension();if(!house||distance2D(player,house)>16){toast('Chegue perto de uma casa que você possui.','warn');return;}let side=0;const spec=ROOM_SPECS[type];const place=extensionPlacement(house,side);extensionDraft={id:uid(),houseId:house.id,type,side,...place,ownerId:state.profile.playerId,ownerName:playerDisplayName()};renderExtensionPreview();openModal(`Ampliar: ${spec.name}`,`<p>A prévia transparente aparece ao lado da "
for,19-campfire-hunting-house-extensions.js,3794,"premiumBox(12,.32,3,materials.wood,-30,.34,52);registerPlatform(-30,52,12,3,.5,{pier:true});for(const z of [44.8,59.2])premiumBox(2.2,.35,.35,0xd7c7a0,-25.5,.25,z);createSignpost(-22,47,'Píer e Pesca',Math.PI/2);"
for,19-campfire-hunting-house-extensions.js,3795,"for(const [x,z,s] of [[-23.8,42.9,.75],[-26.5,42.4,.55],[-29.4,42.7,.68],[-32.2,43.1,.52],[-23.9,60.8,.68],[-27.1,61.2,.55],[-30.4,61.0,.72]]){premiumBox(1.1*s,.28*s,.8*s,materials.stone,x,.1,z);for(let i=0;i<3;i++){const reed=premiumCylinder(.035,.85+Math.random()*.35,0x4f8f42,x+(i-1)*.18,.45,z+(Math.random()-.5)*.28,worldGroup,6);reed.rotation.z=(Math.random()-.5)*.12;}}"
if,19-campfire-hunting-house-extensions.js,3798,"function restoreLifeExpansion(){for(const c of state.campfires){if(Number(c.expiresAt||0)>Date.now())spawnCampfire(c);if(c.cooking&&Number(c.cooking.endsAt||0)<=Date.now())finishCampfireCooking(c,c.cooking.id);}for(const e of state.houseExtensions)spawnHouseExtension(e);}"
for,19-campfire-hunting-house-extensions.js,3798,"function restoreLifeExpansion(){for(const c of state.campfires){if(Number(c.expiresAt||0)>Date.now())spawnCampfire(c);if(c.cooking&&Number(c.cooking.endsAt||0)<=Date.now())finishCampfireCooking(c,c.cooking.id);}for(const e of state.houseExtensions)spawnHouseExtension(e);}"
if,19-campfire-hunting-house-extensions.js,3799,"function updateLifeActivities(dt){updateShoreFishers(dt);world.activityAcc+=dt;if(world.activityAcc<.5)return;world.activityAcc=0;const now=Date.now();for(const c of [...world.campfires]){if(c.flame)c.flame.scale.y=.85+Math.sin(performance.now()*.009+c.data.x)*.18;if(c.data.cooking&&Number(c.data.cooking.endsAt||0)<=now)finishCampfireCooking(c.data,c.data.cooking.id);if(Number(c.data.expiresAt||0)<=now){c.data.expired=true;c.interactable.disabled=true;worldGroup.remove(c.group);world.campfires=w"
for,19-campfire-hunting-house-extensions.js,3799,"function updateLifeActivities(dt){updateShoreFishers(dt);world.activityAcc+=dt;if(world.activityAcc<.5)return;world.activityAcc=0;const now=Date.now();for(const c of [...world.campfires]){if(c.flame)c.flame.scale.y=.85+Math.sin(performance.now()*.009+c.data.x)*.18;if(c.data.cooking&&Number(c.data.cooking.endsAt||0)<=now)finishCampfireCooking(c.data,c.data.cooking.id);if(Number(c.data.expiresAt||0)<=now){c.data.expired=true;c.interactable.disabled=true;worldGroup.remove(c.group);world.campfires=w"
if,19-campfire-hunting-house-extensions.js,3800,for(const a of world.animals){if(!a.available&&a.respawnAt<=now){a.available=true;a.group.visible=true;}if(a.available){a.group.rotation.y+=Math.sin(performance.now()*.0005+a.x)*.004;}}
for,19-campfire-hunting-house-extensions.js,3800,for(const a of world.animals){if(!a.available&&a.respawnAt<=now){a.available=true;a.group.visible=true;}if(a.available){a.group.rotation.y+=Math.sin(performance.now()*.0005+a.x)*.004;}}
if,19-campfire-hunting-house-extensions.js,3801,if(Math.random()<.08&&state.campfires.length!==world.campfires.filter(c=>!c.data.remote).length){saveState();window.OTTHOS_RTDB?.syncCampfires?.(state.campfires);}
for,20-world-build-cloud-houses.js,3813,"for(const road of L.roads)createRoad(road.x,road.z,road.w,road.d);"
for,20-world-build-cloud-houses.js,3818,"for(let i=-5;i<=5;i++){const part=box(2.1,.35,5,materials.wood,-12+i*2.15,.25,52);world.bridgeParts.push(part);registerPlatform(-12+i*2.15,52,2.1,5,.43,{bridgePart:i+5});}"
for,20-world-build-cloud-houses.js,3822,"for(let i=0,created=0;i<180&&created<48;i++){"
if,20-world-build-cloud-houses.js,3824,"if(v704ReservedAt(x,z,2.4)||Math.abs(x+68)<11&&Math.abs(z+18)<11||Math.abs(x+92)<14&&Math.abs(z+92)<13)continue;"
for,20-world-build-cloud-houses.js,3827,"for(let i=0,created=0;i<90&&created<18;i++){"
if,20-world-build-cloud-houses.js,3828,"const x=-44+(Math.random()-.5)*60,z=-95+(Math.random()-.5)*42;if(v704ReservedAt(x,z,1.8))continue;createRock(x,z,.7+Math.random()*.6,true);created++;"
for,20-world-build-cloud-houses.js,3830,"for(let i=0,created=0;i<320&&created<80;i++){"
if,20-world-build-cloud-houses.js,3831,"const x=(Math.random()-.5)*218,z=(Math.random()-.5)*218;if(v704ReservedAt(x,z,1.2))continue;createFlower(x,z,Math.random()>.5?0xff74c9:0xffdf55);created++;"
for,20-world-build-cloud-houses.js,3849,"createFenceLine(-36,26,-15,26,9);createFenceLine(15,26,36,26,9);for(const p of [[-9,9],[9,9],[-33,8],[33,8],[-10,-7],[10,-7]])createLamp(p[0],p[1]);"
for,20-world-build-cloud-houses.js,3874,"for(const p of [[12,1,-2],[-14,1,-8],[36,1,-15],[-45,1,18],[-63,1,-35],[78,1,15],[95,1,-20]])createCrystal(...p);"
if,20-world-build-cloud-houses.js,3876,if(typeof migrateWorldBuildsToSafeZoneV704==='function')migrateWorldBuildsToSafeZoneV704();reconcileWorldBuilds();updateBridgeVisual();restoreActiveAdventure();
if,20-world-build-cloud-houses.js,3878,"world.layoutAudit=v704StaticWorldAudit();if(!world.layoutAudit.passed)console.error('[OTTHI V704] conflitos no layout mestre',world.layoutAudit.problems);setTimeout(()=>{try{v704RuntimeWorldAudit();}catch(error){console.error('[OTTHI V704] auditoria do mundo real falhou',error);}},0);"
catch,20-world-build-cloud-houses.js,3878,"world.layoutAudit=v704StaticWorldAudit();if(!world.layoutAudit.passed)console.error('[OTTHI V704] conflitos no layout mestre',world.layoutAudit.problems);setTimeout(()=>{try{v704RuntimeWorldAudit();}catch(error){console.error('[OTTHI V704] auditoria do mundo real falhou',error);}},0);"
if,20-world-build-cloud-houses.js,3881,const resource=world.resources.find(r=>r.id===id);if(!resource||resource.collected)return;
if,20-world-build-cloud-houses.js,3882,"const needed=resource.type==='wood'?'axe':'pickaxe';if(state.tools.equipped!==needed){toast(`Equipe ${needed==='axe'?'o machado':'a picareta'} em Ferramentas.`,'warn',1700);return;}"
if,20-world-build-cloud-houses.js,3884,"if(resource.hits<Number(resource.hitsNeeded||1)){toast(`${resource.type==='wood'?'Árvore':'Rocha'}: ${resource.hits}/${resource.hitsNeeded}`,'good',850);return;}"
if,20-world-build-cloud-houses.js,3891,"if(chest.opened){toast('Este baú já foi aberto.','warn');return;}"
if,20-world-build-cloud-houses.js,3894,"if(chest.secret)setFlag('secretChest');toast(chest.secret?'Baú secreto! +3 cristais e 100 moedas':'Baú aberto!','good',2200);evaluateMissions();saveState();"
if,20-world-build-cloud-houses.js,3900,const uid=window.OTTHOS_RTDB?.uid;if(!uid)return;
if,20-world-build-cloud-houses.js,3901,"for(const h of world.houses||[]){if(h.publicBuilding)continue;const cloud=cloudHouseRecord(h.id);if(cloud){state.houses[h.id]={...(state.houses[h.id]||{}),owned:cloud.ownerUid===uid,locked:!!cloud.locked,ownerUid:cloud.ownerUid,ownerName:cloud.ownerName||'Jogador',price:h.price};}}"
for,20-world-build-cloud-houses.js,3901,"for(const h of world.houses||[]){if(h.publicBuilding)continue;const cloud=cloudHouseRecord(h.id);if(cloud){state.houses[h.id]={...(state.houses[h.id]||{}),owned:cloud.ownerUid===uid,locked:!!cloud.locked,ownerUid:cloud.ownerUid,ownerName:cloud.ownerName||'Jogador',price:h.price};}}"
if,20-world-build-cloud-houses.js,3905,"if(!window.OTTHOS_RTDB?.connected?.()){toast('Conecte ao Firebase para comprar uma casa exclusiva.','warn',2600);return false;}"
if,20-world-build-cloud-houses.js,3907,"if(!result?.ok){toast(result?.ownerName?`Esta casa já pertence a ${result.ownerName}.`:'Não foi possível comprar a casa.','warn',2600);return false;}"
if,20-world-build-cloud-houses.js,3912,"if(house.publicBuilding){if(await confirmModal(house.name,'Deseja entrar?','Entrar','Cancelar'))enterHouse(house);return;}"
if,20-world-build-cloud-houses.js,3913,if(cloud&&!mine){
if,20-world-build-cloud-houses.js,3914,"if(cloud.locked){toast(`Casa trancada por ${cloud.ownerName||'outro jogador'}.`,'warn',2500);return;}"
if,20-world-build-cloud-houses.js,3915,"if(await confirmModal(house.name,`Casa de ${cloud.ownerName||'outro jogador'}. A porta está aberta. Deseja visitar?`,'Visitar','Cancelar'))enterHouse(house);return;"
if,20-world-build-cloud-houses.js,3917,if(!cloud&&!local.owned){
if,20-world-build-cloud-houses.js,3919,"$('[data-buy-house]',root).onclick=async()=>{if(state.profile.coins<house.price){toast('Moedas insuficientes.','warn');return;}const ok=await claimHouseOnline(house);if(!ok)return;addCoins(-house.price);setFlag('boughtHouse');awardMedal('Nova Propriedade');saveState(true);closeModal();handleHouseDoor(house);};"
if,20-world-build-cloud-houses.js,3923,"const owned=mine||local.owned;if(owned){const locked=cloud?!!cloud.locked:!!local.locked;openModal(house.name,`<p>Esta casa pertence a <b>${state.profile.name}</b>.</p><div class=""modal-actions""><button class=""btn primary"" data-enter>Entrar</button><button class=""btn"" data-lock>${locked?'Destrancar':'Trancar'}</button><button class=""btn"" data-cancel>Cancelar</button></div>`,root=>{"
if,20-world-build-cloud-houses.js,3924,"$('[data-enter]',root).onclick=()=>{closeModal();enterHouse(house);};$('[data-lock]',root).onclick=async()=>{const next=!locked,ok=await window.OTTHOS_RTDB?.setHouseLock?.(house.id,next);if(ok){state.houses[house.id]={...(state.houses[house.id]||{}),owned:true,locked:next};saveState(true);closeModal();toast(next?'Casa trancada.':'Casa destrancada.','good');}else toast('Não foi possível alterar a fechadura.','warn');};$('[data-cancel]',root).onclick=closeModal;"
else,20-world-build-cloud-houses.js,3924,"$('[data-enter]',root).onclick=()=>{closeModal();enterHouse(house);};$('[data-lock]',root).onclick=async()=>{const next=!locked,ok=await window.OTTHOS_RTDB?.setHouseLock?.(house.id,next);if(ok){state.houses[house.id]={...(state.houses[house.id]||{}),owned:true,locked:next};saveState(true);closeModal();toast(next?'Casa trancada.':'Casa destrancada.','good');}else toast('Não foi possível alterar a fechadura.','warn');};$('[data-cancel]',root).onclick=closeModal;"
if,20-world-build-cloud-houses.js,3930,"if(!house||!canEnterMobility(PLAYER_MODES.INTERIOR)){toast('Saia do transporte antes de entrar.','warn');return false;}"
if,20-world-build-cloud-houses.js,3933,if(house.exteriorGroup){house.exteriorGroup.visible=false;if(house.interiorGroup)house.interiorGroup.visible=true;for(const item of house.interiorObjects||[])if(item?.visible!==undefined)item.visible=true;}
for,20-world-build-cloud-houses.js,3933,if(house.exteriorGroup){house.exteriorGroup.visible=false;if(house.interiorGroup)house.interiorGroup.visible=true;for(const item of house.interiorObjects||[])if(item?.visible!==undefined)item.visible=true;}
else,20-world-build-cloud-houses.js,3934,else{house.roof.visible=false;house.front.visible=false;house.door.visible=false;}
for,20-world-build-cloud-houses.js,3935,for(const bus of world.buses)bus.group.visible=false;
for,20-world-build-cloud-houses.js,3936,for(const car of world.policeCars)car.group.visible=false;for(const truck of world.fireTrucks)truck.group.visible=false;for(const ambulance of world.ambulances)ambulance.group.visible=false;for(const fire of world.fires)fire.group.visible=false;
if,20-world-build-cloud-houses.js,3939,"if(house.id==='home')setFlag('enteredHome');toast(`Entrou: ${house.name}`,'good');updateContext(true);savePlayerPosition(true);return true;"
if,20-world-build-cloud-houses.js,3942,if(!currentHouse)return false;const h=currentHouse;
if,20-world-build-cloud-houses.js,3943,if(h.exteriorGroup){h.exteriorGroup.visible=true;if(h.interiorGroup)h.interiorGroup.visible=false;for(const item of h.interiorObjects||[])if(item?.visible!==undefined)item.visible=false;}
for,20-world-build-cloud-houses.js,3943,if(h.exteriorGroup){h.exteriorGroup.visible=true;if(h.interiorGroup)h.interiorGroup.visible=false;for(const item of h.interiorObjects||[])if(item?.visible!==undefined)item.visible=false;}
else,20-world-build-cloud-houses.js,3944,else{h.roof.visible=true;h.front.visible=true;h.door.visible=true;}
for,20-world-build-cloud-houses.js,3945,for(const bus of world.buses)bus.group.visible=true;
for,20-world-build-cloud-houses.js,3946,for(const car of world.policeCars)car.group.visible=true;for(const truck of world.fireTrucks)truck.group.visible=true;for(const ambulance of world.ambulances)ambulance.group.visible=true;for(const fire of world.fires)fire.group.visible=!!fire.active;
if,20-world-build-cloud-houses.js,3957,"$$('[data-store]',root).forEach(btn=>btn.onclick=()=>{const key=btn.dataset.store;if((state.inventory[key]||0)<=0){toast('Você não tem esse item.','warn');return;}state.inventory[key]--;state.homeStorage[key]=(state.homeStorage[key]||0)+1;saveState(true);openHomeChest();});"
if,20-world-build-cloud-houses.js,3958,"$$('[data-take]',root).forEach(btn=>btn.onclick=()=>{const key=btn.dataset.take;if((state.homeStorage[key]||0)<=0){toast('O baú não tem esse item.','warn');return;}state.homeStorage[key]--;state.inventory[key]=(state.inventory[key]||0)+1;saveState(true);openHomeChest();});"
if,21-interactions-shop-social-races.js,3951,if(type==='bed'){
if,21-interactions-shop-social-races.js,3953,}else if(type==='sofa'){
else,21-interactions-shop-social-races.js,3953,}else if(type==='sofa'){
if,21-interactions-shop-social-races.js,3955,}else if(type==='tv'){
else,21-interactions-shop-social-races.js,3955,}else if(type==='tv'){
if,21-interactions-shop-social-races.js,3957,}else if(type==='fridge'){
else,21-interactions-shop-social-races.js,3957,}else if(type==='fridge'){
if,21-interactions-shop-social-races.js,3959,"$('[data-eat]',root).onclick=()=>{if(state.inventory.food<=0){toast('A geladeira está vazia.','warn');return;}state.inventory.food--;state.needs.hunger=clamp(state.needs.hunger+32,0,100);setFlag('ateMeal');addXP(12);saveState();closeModal();toast('Lanche delicioso!','good');};$('[data-close]',root).onclick=closeModal;"
if,21-interactions-shop-social-races.js,3961,}else if(type==='stove'){
else,21-interactions-shop-social-races.js,3961,}else if(type==='stove'){
if,21-interactions-shop-social-races.js,3963,"$('[data-cook]',root).onclick=()=>{if(state.inventory.food<=0){toast('Você precisa comprar ou colher comida.','warn');return;}state.inventory.food--;state.stats.cooked++;trackDaily('cook',1);state.needs.hunger=100;state.needs.fun=clamp(state.needs.fun+8,0,100);setFlag('ateMeal');addXP(20);saveState();closeModal();toast('Refeição pronta!','good');};$('[data-close]',root).onclick=closeModal;"
if,21-interactions-shop-social-races.js,3965,}else if(type==='sink'){
else,21-interactions-shop-social-races.js,3965,}else if(type==='sink'){
if,21-interactions-shop-social-races.js,3966,"if(state.inventory.water>0)state.inventory.water--;state.needs.hunger=clamp(state.needs.hunger+5,0,100);state.needs.hygiene=clamp(state.needs.hygiene+8,0,100);toast('Bebeu água.','good');saveState();"
if,21-interactions-shop-social-races.js,3967,}else if(type==='shower'){
else,21-interactions-shop-social-races.js,3967,}else if(type==='shower'){
if,21-interactions-shop-social-races.js,3969,}else if(type==='chest')openHomeChest();
else,21-interactions-shop-social-races.js,3969,}else if(type==='chest')openHomeChest();
if,21-interactions-shop-social-races.js,3970,else if(type==='shop')openShop();
else,21-interactions-shop-social-races.js,3970,else if(type==='shop')openShop();
if,21-interactions-shop-social-races.js,3971,else if(type==='workshop')openWorkshop();
else,21-interactions-shop-social-races.js,3971,else if(type==='workshop')openWorkshop();
if,21-interactions-shop-social-races.js,3972,else if(type==='wardrobe')openAvatarStudio();
else,21-interactions-shop-social-races.js,3972,else if(type==='wardrobe')openAvatarStudio();
if,21-interactions-shop-social-races.js,3973,else if(type==='school'){if(state.career.activeJob?.id==='teacher')openTeacherJobLesson(house);else openEducationHub(String(state.learning.lastLesson||'math').split('-')[0]);}
else,21-interactions-shop-social-races.js,3973,else if(type==='school'){if(state.career.activeJob?.id==='teacher')openTeacherJobLesson(house);else openEducationHub(String(state.learning.lastLesson||'math').split('-')[0]);}
if,21-interactions-shop-social-races.js,3974,"else if(type==='police'){if(state.career.activeJob?.id==='police')toast('Patrulha ativa: siga os pontos marcados no GPS.','good',2200);else openSafetyLesson('station');}"
else,21-interactions-shop-social-races.js,3974,"else if(type==='police'){if(state.career.activeJob?.id==='police')toast('Patrulha ativa: siga os pontos marcados no GPS.','good',2200);else openSafetyLesson('station');}"
if,21-interactions-shop-social-races.js,3975,else if(type==='firestation')openFireStationDesk();
else,21-interactions-shop-social-races.js,3975,else if(type==='firestation')openFireStationDesk();
if,21-interactions-shop-social-races.js,4002,"$$('[data-buy]',root).forEach(btn=>btn.onclick=()=>{const item=items[Number(btn.dataset.buy)];if(!item||btn.disabled)return;if(state.profile.coins<item.price){toast('Moedas insuficientes.','warn');return;}addCoins(-item.price);if(item.tool){state.tools.owned=[...new Set([...(state.tools.owned||[]),item.tool])];state.tools.equipped=item.tool;refreshEquippedToolVisual();}else state.inventory[item.key]=(state.inventory[item.key]||0)+item.amount;addXP(5);saveState(true);updateHUD();closeModal();toas"
else,21-interactions-shop-social-races.js,4002,"$$('[data-buy]',root).forEach(btn=>btn.onclick=()=>{const item=items[Number(btn.dataset.buy)];if(!item||btn.disabled)return;if(state.profile.coins<item.price){toast('Moedas insuficientes.','warn');return;}addCoins(-item.price);if(item.tool){state.tools.owned=[...new Set([...(state.tools.owned||[]),item.tool])];state.tools.equipped=item.tool;refreshEquippedToolVisual();}else state.inventory[item.key]=(state.inventory[item.key]||0)+item.amount;addXP(5);saveState(true);updateHUD();closeModal();toas"
if,21-interactions-shop-social-races.js,4008,"$('[data-sword]',root).onclick=()=>{if(inv.wood<2||inv.stone<2){toast('Faltam materiais.','warn');return;}inv.wood-=2;inv.stone-=2;state.flags.swordUpgrade=(state.flags.swordUpgrade||0)+1;addXP(35);saveState();closeModal();toast('Ferramenta de aventura melhorada!','good');};"
if,21-interactions-shop-social-races.js,4009,"$('[data-blocks]',root).onclick=()=>{if(inv.wood<1||inv.stone<1){toast('Faltam materiais.','warn');return;}inv.wood--;inv.stone--;inv.blocks+=3;inv.fences+=2;saveState();closeModal();toast('Kit de construção pronto!','good');};"
if,21-interactions-shop-social-races.js,4010,"$('[data-smelt]',root).onclick=()=>{if((inv.goldOre||0)<3){toast('Você precisa de 3 minérios de ouro.','warn');return;}inv.goldOre-=3;inv.goldBar=(inv.goldBar||0)+1;addCoins(60);addXP(35);saveState(true);closeModal();toast('Barra de ouro criada: +60 moedas.','good',2200);};"
if,21-interactions-shop-social-races.js,4017,if(npc.id==='nino')setFlag('talkedNeighbor');
if,21-interactions-shop-social-races.js,4018,"if(message)toast(message,'good');addXP(Math.max(2,amount*2));addReputation(Math.max(1,Math.floor(amount/2)));evaluateMissions();saveState();"
if,21-interactions-shop-social-races.js,4021,"if(npc.id==='maya'&&state.flags.deliveryActive&&player.vehicle&&distance2D(player,npc)<3.5){state.flags.deliveryActive=false;state.inventory.package=0;setFlag('deliveryDone');if(state.career.activeJob?.id==='delivery')completeActiveJob();else{addCoins(120);addReputation(30);}toast('Entrega concluída para Maya!','good',2400);}"
else,21-interactions-shop-social-races.js,4021,"if(npc.id==='maya'&&state.flags.deliveryActive&&player.vehicle&&distance2D(player,npc)<3.5){state.flags.deliveryActive=false;state.inventory.package=0;setFlag('deliveryDone');if(state.career.activeJob?.id==='delivery')completeActiveJob();else{addCoins(120);addReputation(30);}toast('Entrega concluída para Maya!','good',2400);}"
if,21-interactions-shop-social-races.js,4043,"if(action==='talk'){state.stats.talks++;trackDaily('talk',1);changeFriendship(npc,2,`${npc.name} gostou da conversa.`);closeModal();}"
if,21-interactions-shop-social-races.js,4044,"else if(action==='joke'){state.social.jokes++;state.needs.fun=clamp(state.needs.fun+12,0,100);changeFriendship(npc,3,`${npc.name} riu da piada!`);closeModal();}"
else,21-interactions-shop-social-races.js,4044,"else if(action==='joke'){state.social.jokes++;state.needs.fun=clamp(state.needs.fun+12,0,100);changeFriendship(npc,3,`${npc.name} riu da piada!`);closeModal();}"
if,21-interactions-shop-social-races.js,4045,else if(action==='gift'){
else,21-interactions-shop-social-races.js,4045,else if(action==='gift'){
if,21-interactions-shop-social-races.js,4046,"if(state.inventory.food>0){state.inventory.food--;state.social.gifts++;changeFriendship(npc,7,'Presente entregue!');closeModal();}"
if,21-interactions-shop-social-races.js,4047,"else if(state.inventory.crystals>0){state.inventory.crystals--;state.social.gifts++;changeFriendship(npc,10,'Cristal presenteado!');closeModal();}"
else,21-interactions-shop-social-races.js,4047,"else if(state.inventory.crystals>0){state.inventory.crystals--;state.social.gifts++;changeFriendship(npc,10,'Cristal presenteado!');closeModal();}"
else,21-interactions-shop-social-races.js,4048,"else toast('Você não tem comida nem cristal para presentear.','warn');"
if,21-interactions-shop-social-races.js,4049,} else if(action==='argue'){
else,21-interactions-shop-social-races.js,4049,} else if(action==='argue'){
if,21-interactions-shop-social-races.js,4051,"} else if(action==='race'){closeModal();startRace('sprint',npc);}"
else,21-interactions-shop-social-races.js,4051,"} else if(action==='race'){closeModal();startRace('sprint',npc);}"
if,21-interactions-shop-social-races.js,4052,"else if(action==='coinrace'){closeModal();startRace('coins',npc);}"
else,21-interactions-shop-social-races.js,4052,"else if(action==='coinrace'){closeModal();startRace('coins',npc);}"
if,21-interactions-shop-social-races.js,4053,else if(action==='house'){closeModal();openHouseChallenge(npc);}
else,21-interactions-shop-social-races.js,4053,else if(action==='house'){closeModal();openHouseChallenge(npc);}
if,21-interactions-shop-social-races.js,4054,else if(action==='job'){closeModal();openJobCenter(npc.id);}
else,21-interactions-shop-social-races.js,4054,else if(action==='job'){closeModal();openJobCenter(npc.id);}
if,21-interactions-shop-social-races.js,4055,else if(action==='invite'){
else,21-interactions-shop-social-races.js,4055,else if(action==='invite'){
if,21-interactions-shop-social-races.js,4056,"if((state.friendship[npc.id]||0)<10){toast('A amizade precisa chegar a 10.','warn');return;}"
if,21-interactions-shop-social-races.js,4057,"if(!state.social.invited.includes(npc.id))state.social.invited.push(npc.id);changeFriendship(npc,2,`${npc.name} aceitou visitar sua casa!`);closeModal();"
if,21-interactions-shop-social-races.js,4058,"}else if(action==='wave'){triggerEmote('wave',npc);changeFriendship(npc,1);closeModal();}"
else,21-interactions-shop-social-races.js,4058,"}else if(action==='wave'){triggerEmote('wave',npc);changeFriendship(npc,1);closeModal();}"
if,21-interactions-shop-social-races.js,4059,"else if(action==='dance'){triggerEmote('dance',npc);state.needs.fun=clamp(state.needs.fun+10,0,100);changeFriendship(npc,2);closeModal();}"
else,21-interactions-shop-social-races.js,4059,"else if(action==='dance'){triggerEmote('dance',npc);state.needs.fun=clamp(state.needs.fun+10,0,100);changeFriendship(npc,2);closeModal();}"
if,21-interactions-shop-social-races.js,4060,"else if(action==='play'){triggerEmote('play',npc);state.needs.fun=clamp(state.needs.fun+14,0,100);changeFriendship(npc,3,`${npc.name} adorou brincar!`);closeModal();}"
else,21-interactions-shop-social-races.js,4060,"else if(action==='play'){triggerEmote('play',npc);state.needs.fun=clamp(state.needs.fun+14,0,100);changeFriendship(npc,3,`${npc.name} adorou brincar!`);closeModal();}"
if,21-interactions-shop-social-races.js,4061,"else if(action==='selfie'){triggerEmote('selfie',npc);state.flags.selfies=(state.flags.selfies||0)+1;changeFriendship(npc,2);closeModal();}"
else,21-interactions-shop-social-races.js,4061,"else if(action==='selfie'){triggerEmote('selfie',npc);state.flags.selfies=(state.flags.selfies||0)+1;changeFriendship(npc,2);closeModal();}"
if,21-interactions-shop-social-races.js,4062,"else if(action==='follow'){const stopping=!!npc.following;npc.following=!stopping;if(stopping){npc.pendingRide=false;npc.passengerMode=null;if(npc.group)npc.group.visible=true;}toast(stopping?`${npc.name} parou de acompanhar você.`:`${npc.name} vai acompanhar você.`,'good');closeModal();}"
else,21-interactions-shop-social-races.js,4062,"else if(action==='follow'){const stopping=!!npc.following;npc.following=!stopping;if(stopping){npc.pendingRide=false;npc.passengerMode=null;if(npc.group)npc.group.visible=true;}toast(stopping?`${npc.name} parou de acompanhar você.`:`${npc.name} vai acompanhar você.`,'good');closeModal();}"
if,21-interactions-shop-social-races.js,4063,"else if(action==='ride'){if(npc.pendingRide||npc.passengerMode){npc.pendingRide=false;npc.following=false;npc.passengerMode=null;if(npc.group)npc.group.visible=true;toast(`Passeio com ${npc.name} cancelado.`,'good');}else{npc.pendingRide=true;npc.following=true;toast(`${npc.name} vai entrar no próximo carro ou barco com você.`,'good',2400);}closeModal();}"
else,21-interactions-shop-social-races.js,4063,"else if(action==='ride'){if(npc.pendingRide||npc.passengerMode){npc.pendingRide=false;npc.following=false;npc.passengerMode=null;if(npc.group)npc.group.visible=true;toast(`Passeio com ${npc.name} cancelado.`,'good');}else{npc.pendingRide=true;npc.following=true;toast(`${npc.name} vai entrar no próximo carro ou barco com você.`,'good',2400);}closeModal();}"
if,21-interactions-shop-social-races.js,4070,"if(!options.length){toast('Você já conquistou todas as casas disponíveis.','good');return;}"
if,21-interactions-shop-social-races.js,4085,if(activeRace?.opponent)worldGroup.remove(activeRace.opponent);
for,21-interactions-shop-social-races.js,4086,for(const coin of world.raceCoins)worldGroup.remove(coin.mesh);
for,21-interactions-shop-social-races.js,4091,for(let i=0;i<12;i++){
if,21-interactions-shop-social-races.js,4096,"if(activeRace){toast('Termine o desafio atual.','warn');return;}"
if,21-interactions-shop-social-races.js,4097,if(currentHouse)exitHouse();
if,21-interactions-shop-social-races.js,4098,"const gym=world.gym;if(!gym){toast('Ginásio ainda não carregou.','warn');return;}"
if,21-interactions-shop-social-races.js,4102,if(type==='coins')spawnRaceCoins();
if,21-interactions-shop-social-races.js,4107,"if(!activeRace)return;const race=activeRace;state.stats.races++;trackDaily('race',1);clearRaceObjects();activeRace=null;els.raceBadge.hidden=true;"
if,21-interactions-shop-social-races.js,4108,if(won){
if,21-interactions-shop-social-races.js,4109,state.races.wins++;if(race.type==='coins')state.races.coinWins++;
if,21-interactions-shop-social-races.js,4111,"if(race.housePrize){const old=state.houses[race.housePrize]||{};state.houses[race.housePrize]={...old,owned:true,locked:false};state.races.houseWins++;setFlag('wonHouseChallenge');setFlag('boughtHouse');awardMedal('Casa Conquistada');}"
else,21-interactions-shop-social-races.js,4113,"}else{state.races.losses++;toast(`${race.npcName} venceu. Tente novamente!`,'warn',2400);}"
if,21-interactions-shop-social-races.js,4117,"if(!activeRace)return;const race=activeRace,gym=world.gym,now=performance.now();"
if,21-interactions-shop-social-races.js,4118,"if(now<race.startAt){els.raceStatus.textContent=`${Math.max(1,Math.ceil((race.startAt-now)/1000))}...`;return;}"
if,21-interactions-shop-social-races.js,4119,"if(!race.started){race.started=true;race.startedAt=now;els.raceStatus.textContent='VALENDO!';beep(880,100);}"
if,21-interactions-shop-social-races.js,4121,if(race.type==='sprint'){
if,21-interactions-shop-social-races.js,4124,if(player.x>=gym.finishX)finishRace(true);else if(race.opponentX>=gym.finishX||race.timeLeft<=0)finishRace(false);
else,21-interactions-shop-social-races.js,4124,if(player.x>=gym.finishX)finishRace(true);else if(race.opponentX>=gym.finishX||race.timeLeft<=0)finishRace(false);
else,21-interactions-shop-social-races.js,4125,}else{
if,21-interactions-shop-social-races.js,4127,if(elapsed-race.lastOpponentCoin>3.2){race.lastOpponentCoin=elapsed;race.opponentScore++;}
if,21-interactions-shop-social-races.js,4128,"for(const coin of world.raceCoins){if(coin.got)continue;coin.mesh.rotation.y+=dt*5;if(Math.hypot(player.x-coin.x,player.z-coin.z)<1.25){coin.got=true;coin.mesh.visible=false;race.playerScore++;beep(920,45);}}"
for,21-interactions-shop-social-races.js,4128,"for(const coin of world.raceCoins){if(coin.got)continue;coin.mesh.rotation.y+=dt*5;if(Math.hypot(player.x-coin.x,player.z-coin.z)<1.25){coin.got=true;coin.mesh.visible=false;race.playerScore++;beep(920,45);}}"
if,21-interactions-shop-social-races.js,4130,if(race.playerScore>=8)finishRace(true);else if(race.opponentScore>=8)finishRace(false);else if(race.timeLeft<=0)finishRace(race.playerScore>race.opponentScore);
else,21-interactions-shop-social-races.js,4130,if(race.playerScore>=8)finishRace(true);else if(race.opponentScore>=8)finishRace(false);else if(race.timeLeft<=0)finishRace(race.playerScore>race.opponentScore);
if,22-careers-jobs-uniforms.js,4128,"function setMissionState(job,next,reason=''){if(!job)return false;const changed=job.missionState!==next||job.missionReason!==reason;if(!changed)return false;job.missionState=next;job.missionStateAt=Date.now();job.missionReason=reason;return true;}"
if,22-careers-jobs-uniforms.js,4130,"function missionInstructionSteps(job){if(!job)return[];const kind=serviceKindForJob(job),vehicle=missionVehicleName(job);if(kind){const scene=job.id==='police'&&!job.emergencyIncidentId?'os três pontos da patrulha':job.id==='firefighter'&&!job.emergencyIncidentId?'a ocorrência de incêndio':'a área do acidente';return[{text:`Vestir o uniforme de ${job.title}`,done:effectiveAvatarUniform()===JOB_UNIFORMS[job.id]},{text:`Ir até ${vehicle} marcado no GPS`,done:!!job.serviceVehicleBoarded},{text:`Ent"
if,22-careers-jobs-uniforms.js,4134,if(job&&job.id===jobId){job.uniform=uniform;job.uniformLocked=true;}
if,22-careers-jobs-uniforms.js,4138,"const job=state.career.activeJob;if(!job){toast('Nenhum trabalho ativo.','warn');return false;}if(currentHouse&&!(job.id==='teacher'&&currentHouse.id.startsWith('school')))exitHouse();const serviceKind=serviceKindForJob(job);"
if,22-careers-jobs-uniforms.js,4139,"if(serviceKind&&!job.serviceVehicleBoarded){const vehicle=reserveMissionServiceVehicle(job,{waypoint:true});if(!vehicle)return false;closeModal();updateMissionHUD();toast(`Primeiro passo: vista o uniforme e entre em ${serviceKind==='police'?'uma viatura':serviceKind==='firefighter'?'um caminhão dos bombeiros':'uma ambulância'}.`,'good',2600);return true;}"
if,22-careers-jobs-uniforms.js,4140,"if(job.emergencyIncidentId){const incident=world.activeIncident?.id===job.emergencyIncidentId?world.activeIncident:null;if(incident){state.waypoint={id:`assist-${incident.id}`,name:'Área do acidente',x:incident.x,z:incident.z,navX:incident.navX,navZ:incident.navZ,arrived:false};world.routePath=buildRoutePoints(player,state.waypoint);updateWaypointMarker();updateNavigation(0,true);}}"
if,22-careers-jobs-uniforms.js,4141,else if(job.id==='delivery')setWaypoint('garage');
else,22-careers-jobs-uniforms.js,4141,else if(job.id==='delivery')setWaypoint('garage');
if,22-careers-jobs-uniforms.js,4142,else if(job.id==='police'){const id=(job.route||[])[Number(job.progress||0)]||'police';setWaypoint(id);}
else,22-careers-jobs-uniforms.js,4142,else if(job.id==='police'){const id=(job.route||[])[Number(job.progress||0)]||'police';setWaypoint(id);}
if,22-careers-jobs-uniforms.js,4143,"else if(job.id==='firefighter'){const fire=ensureActiveFire(true);if(fire){state.waypoint={id:`fire-${fire.id}`,name:fire.name,x:fire.x,z:fire.z,navX:fire.navX,navZ:fire.navZ,arrived:false};world.routePath=buildRoutePoints(player,state.waypoint);updateWaypointMarker();updateNavigation(0,true);}}"
else,22-careers-jobs-uniforms.js,4143,"else if(job.id==='firefighter'){const fire=ensureActiveFire(true);if(fire){state.waypoint={id:`fire-${fire.id}`,name:fire.name,x:fire.x,z:fire.z,navX:fire.navX,navZ:fire.navZ,arrived:false};world.routePath=buildRoutePoints(player,state.waypoint);updateWaypointMarker();updateNavigation(0,true);}}"
if,22-careers-jobs-uniforms.js,4144,else if(job.id==='paramedic'){const incident=ensureActiveTrafficIncident(true);if(incident){job.emergencyIncidentId=incident.id;focusActiveJob();return true;}}
else,22-careers-jobs-uniforms.js,4144,else if(job.id==='paramedic'){const incident=ensureActiveTrafficIncident(true);if(incident){job.emergencyIncidentId=incident.id;focusActiveJob();return true;}}
if,22-careers-jobs-uniforms.js,4145,else if(job.id==='teacher')setWaypoint(job.schoolId||'school');else if(job.id==='gather')setWaypoint('forest');else if(job.id==='crystals')setWaypoint('crystal');else if(job.id==='builder')setWaypoint('home-extension');
else,22-careers-jobs-uniforms.js,4145,else if(job.id==='teacher')setWaypoint(job.schoolId||'school');else if(job.id==='gather')setWaypoint('forest');else if(job.id==='crystals')setWaypoint('crystal');else if(job.id==='builder')setWaypoint('home-extension');
if,22-careers-jobs-uniforms.js,4149,const job=state.career.activeJob;if(!job||job.missionState===MISSION_STATES.COMPLETING)return false;
if,22-careers-jobs-uniforms.js,4150,"const ok=await confirmModal('Cancelar trabalho',`Deseja encerrar ""${job.title}""? Suas moedas, itens e conquistas continuam salvos.`,'Cancelar trabalho','Continuar missão');if(!ok)return false;"
if,22-careers-jobs-uniforms.js,4152,if(job.id==='delivery'){state.flags.deliveryActive=false;state.inventory.package=Number(job.previousPackage||0);}
if,22-careers-jobs-uniforms.js,4157,"if(!job)return{percent:0,label:'0%'};const start=job.start||{},serviceKind=serviceKindForJob(job);"
if,22-careers-jobs-uniforms.js,4158,"if(serviceKind&&!job.serviceVehicleBoarded)return{percent:18,label:`Entre ${serviceKind==='police'?'na viatura':serviceKind==='firefighter'?'no caminhão dos bombeiros':'na ambulância'}`};"
if,22-careers-jobs-uniforms.js,4159,"if(job.id==='delivery')return{percent:state.flags.deliveryDone?100:(player.vehicle?55:25),label:state.flags.deliveryDone?'concluído':player.vehicle?'Leve o pacote até Maya':'Pegue o carrinho'};"
if,22-careers-jobs-uniforms.js,4160,"if(job.id==='police'){if(job.emergencyIncidentId)return{percent:job.sceneTaskCompleted?90:job.serviceVehicleArrived?72:42,label:job.sceneTaskCompleted?'Área protegida; aguarde conclusão':job.serviceVehicleArrived?'Saia da viatura e use AÇÃO':'Dirija a viatura até o acidente'};const done=Number(job.progress||0),total=(job.route||[]).length||3;return{percent:clamp(24+done/total*76,0,100),label:`${done}/${total} pontos patrulhados com a viatura`};}"
if,22-careers-jobs-uniforms.js,4161,"if(job.id==='firefighter'){if(job.emergencyIncidentId)return{percent:job.sceneTaskCompleted?90:job.serviceVehicleArrived?72:42,label:job.sceneTaskCompleted?'Incêndio controlado':job.serviceVehicleArrived?'Saia do caminhão e use AÇÃO':'Dirija o caminhão até o acidente'};const fire=world.fires.find(f=>f.active);return{percent:job.completed?100:(fire?.playerHelping?88:job.serviceVehicleArrived?68:fire?42:25),label:job.completed?'emergência concluída':fire?.playerHelping?'Mangueira em operação':job."
if,22-careers-jobs-uniforms.js,4162,"if(job.id==='paramedic')return{percent:job.sceneTaskCompleted?90:job.serviceVehicleArrived?70:42,label:job.sceneTaskCompleted?'Atendimento realizado; aguarde liberação':job.serviceVehicleArrived?'Saia da ambulância e use AÇÃO':'Dirija a ambulância até o acidente'};"
if,22-careers-jobs-uniforms.js,4163,"if(job.id==='teacher')return{percent:job.completed?100:(currentHouse?.id?.startsWith('school')?55:20),label:job.completed?'aula concluída':'Vá até uma escola e use o quadro'};"
if,22-careers-jobs-uniforms.js,4164,"if(job.id==='gather'){const w=Math.max(0,state.inventory.wood-(start.wood||0)),r=Math.max(0,state.inventory.stone-(start.stone||0));return{percent:clamp((w/3+r/2)*50,0,100),label:`${Math.min(w,3)}/3 madeiras • ${Math.min(r,2)}/2 pedras`};}"
if,22-careers-jobs-uniforms.js,4165,"if(job.id==='crystals'){const n=Math.max(0,state.inventory.crystals-(start.crystals||0));return{percent:clamp(n/3*100,0,100),label:`${Math.min(n,3)}/3 cristais`};}if(job.id==='builder'){const n=Math.max(0,state.builds.length-(start.builds||0));return{percent:clamp(n/2*100,0,100),label:`${Math.min(n,2)}/2 construções`};}return{percent:0,label:'Em andamento'};"
if,22-careers-jobs-uniforms.js,4177,"if(!job||state.career.activeJob){toast('Cancele ou conclua o trabalho atual antes de trocar.','warn');return false;}const inv=state.inventory,schoolId=Math.random()>.5?'school':'school-east',instanceId=`job-${job.id}-${Date.now()}-${Math.random().toString(36).slice(2,7)}`;"
if,22-careers-jobs-uniforms.js,4179,"equipJobUniform(job.id);setMissionState(state.career.activeJob,MISSION_STATES.PREPARING,'uniform-ready');if(job.id==='delivery'){state.flags.deliveryActive=true;state.flags.deliveryDone=false;state.inventory.package=Math.max(1,Number(state.inventory.package||0));}"
if,22-careers-jobs-uniforms.js,4180,"else if(job.id==='police'){state.career.activeJob.route=['village','school','fire-station'];state.career.activeJob.progress=0;reserveMissionServiceVehicle(state.career.activeJob,{waypoint:true});}"
else,22-careers-jobs-uniforms.js,4180,"else if(job.id==='police'){state.career.activeJob.route=['village','school','fire-station'];state.career.activeJob.progress=0;reserveMissionServiceVehicle(state.career.activeJob,{waypoint:true});}"
if,22-careers-jobs-uniforms.js,4181,"else if(job.id==='firefighter'){ensureActiveFire(true);reserveMissionServiceVehicle(state.career.activeJob,{waypoint:true});}"
else,22-careers-jobs-uniforms.js,4181,"else if(job.id==='firefighter'){ensureActiveFire(true);reserveMissionServiceVehicle(state.career.activeJob,{waypoint:true});}"
if,22-careers-jobs-uniforms.js,4182,"else if(job.id==='paramedic'){const incident=ensureActiveTrafficIncident(true);if(incident)state.career.activeJob.emergencyIncidentId=incident.id;reserveMissionServiceVehicle(state.career.activeJob,{waypoint:true});}"
else,22-careers-jobs-uniforms.js,4182,"else if(job.id==='paramedic'){const incident=ensureActiveTrafficIncident(true);if(incident)state.career.activeJob.emergencyIncidentId=incident.id;reserveMissionServiceVehicle(state.career.activeJob,{waypoint:true});}"
if,22-careers-jobs-uniforms.js,4183,"if(currentHouse&&!(job.id==='teacher'&&currentHouse.id.startsWith('school')))exitHouse();saveState(true);updateMissionHUD();if(options.focus!==false)focusActiveJob();toast(`Missão aceita: ${job.title}. Toque no cartão da missão para ver todas as etapas.`,'good',3200);return true;"
if,22-careers-jobs-uniforms.js,4186,const job=state.career.activeJob;if(!job||job.missionState===MISSION_STATES.COMPLETING||job.missionState===MISSION_STATES.COMPLETED)return false;
if,22-careers-jobs-uniforms.js,4188,"if(job.rewardClaimed||tokens.includes(token)){console.warn('[OTTHOS] Recompensa duplicada bloqueada:',token);return false;}"
if,22-careers-jobs-uniforms.js,4189,"setMissionState(job,MISSION_STATES.COMPLETING,'objective-complete');job.rewardClaimed=true;tokens.push(token);if(tokens.length>120)tokens.splice(0,tokens.length-120);"
if,22-careers-jobs-uniforms.js,4191,if(job.id==='delivery'){state.flags.deliveryActive=false;state.inventory.package=Number(job.previousPackage||0);state.flags.deliveryDone=true;state.flags.completedDeliveryJob=true;state.cityServices.deliveries++;}
if,22-careers-jobs-uniforms.js,4192,if(job.id==='police'){state.flags.completedPoliceJob=true;state.cityServices.policePatrols++;state.stats.patrols++;}
if,22-careers-jobs-uniforms.js,4193,if(job.id==='firefighter'){state.flags.completedFirefighterJob=true;state.cityServices.rescuesCompleted=(state.cityServices.rescuesCompleted||0)+1;}if(job.id==='paramedic'){state.flags.completedParamedicJob=true;state.cityServices.paramedicRescues=(state.cityServices.paramedicRescues||0)+1;state.stats.paramedicCalls=(state.stats.paramedicCalls||0)+1;}
if,22-careers-jobs-uniforms.js,4194,if(job.id==='teacher'){state.flags.completedTeacherJob=true;state.cityServices.lessonsTaught++;state.stats.classesTaught++;}
if,22-careers-jobs-uniforms.js,4196,"job.uniformLocked=false;releaseMissionServiceVehicle(job);state.avatar.uniform=job.previousUniform||'none';setMissionState(job,MISSION_STATES.COMPLETED,'reward-committed');job.completedAt=Date.now();state.career.lastMission={...job};state.objectives.history.push({id:token,type:'job',jobId:job.id,title:job.title,completedAt:job.completedAt,reward:Number(job.reward||0),rep:Number(job.rep||0)});if(state.objectives.history.length>80)state.objectives.history.splice(0,state.objectives.history.length-8"
if,22-careers-jobs-uniforms.js,4200,const job=state.career.activeJob;if(!job)return;
if,22-careers-jobs-uniforms.js,4202,if(job.id==='gather'&&state.inventory.wood-(start.wood||0)>=3&&state.inventory.stone-(start.stone||0)>=2)completeActiveJob();
if,22-careers-jobs-uniforms.js,4203,else if(job.id==='crystals'&&state.inventory.crystals-(start.crystals||0)>=3)completeActiveJob();
else,22-careers-jobs-uniforms.js,4203,else if(job.id==='crystals'&&state.inventory.crystals-(start.crystals||0)>=3)completeActiveJob();
if,22-careers-jobs-uniforms.js,4204,else if(job.id==='builder'&&state.builds.length-(start.builds||0)>=2)completeActiveJob();
else,22-careers-jobs-uniforms.js,4204,else if(job.id==='builder'&&state.builds.length-(start.builds||0)>=2)completeActiveJob();
if,22-careers-jobs-uniforms.js,4208,"const job=state.career?.activeJob;if(!job)return;job.uniform=JOB_UNIFORMS[job.id]||job.uniform||'none';job.uniformLocked=true;if(job.id==='delivery'){state.flags.deliveryActive=true;state.inventory.package=Math.max(1,Number(state.inventory.package||0));}if(job.id==='firefighter')ensureActiveFire(true);if(job.id==='paramedic'&&!world.activeIncident){const incident=ensureActiveTrafficIncident(true);if(incident)job.emergencyIncidentId=incident.id;}if(serviceKindForJob(job))reserveMissionServiceVehi"
if,22-careers-jobs-uniforms.js,4211,"const job=state.career.activeJob;if(!job)return;const now=performance.now();if(now-Number(updateCareerMissions.lastAt||0)<180)return;updateCareerMissions.lastAt=now;let signature='',serviceKind=serviceKindForJob(job);"
if,22-careers-jobs-uniforms.js,4212,"if(serviceKind&&!job.serviceVehicleBoarded){reserveMissionServiceVehicle(job,{waypoint:false});setMissionState(job,MISSION_STATES.PREPARING,'need-service-vehicle');}"
if,22-careers-jobs-uniforms.js,4213,"else if(job.emergencyIncidentId){const incident=world.activeIncident?.id===job.emergencyIncidentId?world.activeIncident:null;if(!incident&&job.sceneTaskCompleted)completeActiveJob();else if(incident)setMissionState(job,job.sceneTaskCompleted?MISSION_STATES.RETURNING:job.serviceVehicleArrived?MISSION_STATES.ACTION_REQUIRED:MISSION_STATES.TRAVELLING,job.sceneTaskCompleted?'scene-complete':job.serviceVehicleArrived?'assist-scene':'respond-incident');}"
else,22-careers-jobs-uniforms.js,4213,"else if(job.emergencyIncidentId){const incident=world.activeIncident?.id===job.emergencyIncidentId?world.activeIncident:null;if(!incident&&job.sceneTaskCompleted)completeActiveJob();else if(incident)setMissionState(job,job.sceneTaskCompleted?MISSION_STATES.RETURNING:job.serviceVehicleArrived?MISSION_STATES.ACTION_REQUIRED:MISSION_STATES.TRAVELLING,job.sceneTaskCompleted?'scene-complete':job.serviceVehicleArrived?'assist-scene':'respond-incident');}"
if,22-careers-jobs-uniforms.js,4214,else if(job.id==='police'){
else,22-careers-jobs-uniforms.js,4214,else if(job.id==='police'){
if,22-careers-jobs-uniforms.js,4215,"const route=job.route||[],targetId=route[Number(job.progress||0)],loc=MAP_LOCATIONS.find(x=>x.id===targetId);if(loc){const distance=Math.hypot(player.x-(loc.navX??loc.x),player.z-(loc.navZ??loc.z)),correctVehicle=isDrivingServiceVehicle('police');setMissionState(job,!correctVehicle?MISSION_STATES.PREPARING:distance<5?MISSION_STATES.ACTION_REQUIRED:MISSION_STATES.TRAVELLING,!correctVehicle?'need-police-car':distance<5?'checkpoint':'route');if(correctVehicle&&distance<5&&!job.lastCheckpointAt){job"
else,22-careers-jobs-uniforms.js,4215,"const route=job.route||[],targetId=route[Number(job.progress||0)],loc=MAP_LOCATIONS.find(x=>x.id===targetId);if(loc){const distance=Math.hypot(player.x-(loc.navX??loc.x),player.z-(loc.navZ??loc.z)),correctVehicle=isDrivingServiceVehicle('police');setMissionState(job,!correctVehicle?MISSION_STATES.PREPARING:distance<5?MISSION_STATES.ACTION_REQUIRED:MISSION_STATES.TRAVELLING,!correctVehicle?'need-police-car':distance<5?'checkpoint':'route');if(correctVehicle&&distance<5&&!job.lastCheckpointAt){job"
if,22-careers-jobs-uniforms.js,4216,"}else if(job.id==='delivery'){const d=Math.hypot(player.x-65,player.z-54);setMissionState(job,d<5?MISSION_STATES.ACTION_REQUIRED:player.vehicle?MISSION_STATES.TRAVELLING:MISSION_STATES.PREPARING,d<5?'deliver-to-maya':player.vehicle?'driving':'need-vehicle');}"
else,22-careers-jobs-uniforms.js,4216,"}else if(job.id==='delivery'){const d=Math.hypot(player.x-65,player.z-54);setMissionState(job,d<5?MISSION_STATES.ACTION_REQUIRED:player.vehicle?MISSION_STATES.TRAVELLING:MISSION_STATES.PREPARING,d<5?'deliver-to-maya':player.vehicle?'driving':'need-vehicle');}"
if,22-careers-jobs-uniforms.js,4217,"else if(job.id==='teacher'){const atSchool=!!currentHouse?.id?.startsWith('school');setMissionState(job,atSchool?MISSION_STATES.ACTION_REQUIRED:MISSION_STATES.TRAVELLING,atSchool?'teach':'go-school');}"
else,22-careers-jobs-uniforms.js,4217,"else if(job.id==='teacher'){const atSchool=!!currentHouse?.id?.startsWith('school');setMissionState(job,atSchool?MISSION_STATES.ACTION_REQUIRED:MISSION_STATES.TRAVELLING,atSchool?'teach':'go-school');}"
if,22-careers-jobs-uniforms.js,4218,"else if(job.id==='firefighter'){const fire=world.fires.find(f=>f.active),distance=fire?Math.hypot(player.x-fire.navX,player.z-fire.navZ):Infinity;if(isDrivingServiceVehicle('firefighter')&&distance<6&&!job.serviceVehicleArrived){job.serviceVehicleArrived=true;toast('Caminhão posicionado. Estacione, saia e use a mangueira.','good',2500);saveState(true);}setMissionState(job,job.serviceVehicleArrived?MISSION_STATES.ACTION_REQUIRED:MISSION_STATES.TRAVELLING,fire?'respond':'await-call');}"
else,22-careers-jobs-uniforms.js,4218,"else if(job.id==='firefighter'){const fire=world.fires.find(f=>f.active),distance=fire?Math.hypot(player.x-fire.navX,player.z-fire.navZ):Infinity;if(isDrivingServiceVehicle('firefighter')&&distance<6&&!job.serviceVehicleArrived){job.serviceVehicleArrived=true;toast('Caminhão posicionado. Estacione, saia e use a mangueira.','good',2500);saveState(true);}setMissionState(job,job.serviceVehicleArrived?MISSION_STATES.ACTION_REQUIRED:MISSION_STATES.TRAVELLING,fire?'respond':'await-call');}"
if,22-careers-jobs-uniforms.js,4219,else if(job.id==='paramedic'){const incident=ensureActiveTrafficIncident(true);if(incident&&!job.emergencyIncidentId)job.emergencyIncidentId=incident.id;}
else,22-careers-jobs-uniforms.js,4219,else if(job.id==='paramedic'){const incident=ensureActiveTrafficIncident(true);if(incident&&!job.emergencyIncidentId)job.emergencyIncidentId=incident.id;}
if,22-careers-jobs-uniforms.js,4220,"else setMissionState(job,MISSION_STATES.ACTION_REQUIRED,'collect-or-build');checkActiveJob();signature=`${job.id}|${job.missionState}|${activeJobProgress(job).label}`;if(signature!==updateCareerMissions.signature){updateCareerMissions.signature=signature;updateMissionHUD();}"
else,22-careers-jobs-uniforms.js,4220,"else setMissionState(job,MISSION_STATES.ACTION_REQUIRED,'collect-or-build');checkActiveJob();signature=`${job.id}|${job.missionState}|${activeJobProgress(job).label}`;if(signature!==updateCareerMissions.signature){updateCareerMissions.signature=signature;updateMissionHUD();}"
if,22-careers-jobs-uniforms.js,4224,"openModal('Missão de professor',`<div class=""teacher-mission""><span>🧑‍🏫</span><h3>Conduza uma atividade segura</h3><p>${q[0]}</p><div class=""choice-grid"">${q[1].map((answer,i)=>`<button class=""choice"" data-teacher-answer=""${i}""><b>${answer}</b></button>`).join('')}</div></div>`,root=>{$$('[data-teacher-answer]',root).forEach(btn=>btn.onclick=()=>{if(Number(btn.dataset.teacherAnswer)!==q[2]){toast('Vamos pensar de novo com calma.','warn',1400);return;}state.career.activeJob.completed=true;closeMo"
if,22-careers-jobs-uniforms.js,4229,"const startBtn=$('[data-fire-job]',root);if(startBtn)startBtn.onclick=()=>{if(state.career.activeJob){toast('Escolha “Trocar de trabalho” no painel de empregos.','warn');return;}startJob(JOBS.find(j=>j.id==='firefighter'));};"
if,22-careers-jobs-uniforms.js,4230,"const cont=$('[data-fire-continue]',root);if(cont)cont.onclick=()=>{closeModal();focusActiveJob();};"
if,22-careers-jobs-uniforms.js,4231,"const cancel=$('[data-fire-cancel]',root);if(cancel)cancel.onclick=async()=>{closeModal();await cancelActiveJob();};"
if,22-careers-jobs-uniforms.js,4232,"$('[data-fire-call]',root).onclick=()=>{const current=ensureActiveFire(false);if(!current){toast('Nenhum chamado ativo agora.','good');return;}state.waypoint={id:`fire-${current.id}`,name:current.name,x:current.x,z:current.z,navX:current.navX,navZ:current.navZ};world.routePath=buildRoutePoints(player,state.waypoint);updateWaypointMarker();closeModal();if(currentHouse)exitHouse();toast(`Chamado marcado: ${current.name}`,'good');};"
if,22-careers-jobs-uniforms.js,4239,"if(state.flags.deliveryActive){toast('Você já está fazendo uma entrega.','warn');return;}state.flags.deliveryActive=true;state.inventory.package=1;toast('Pacote recebido. Leve até Maya!','good',2200);saveState();"
if,23-vehicle-effects-driving.js,4246,const layer=vehicleVisual?.userData?.serviceLayer;if(layer){vehicleVisual.remove(layer);disposeDetachedVisual(layer);}
if,23-vehicle-effects-driving.js,4247,"if(vehicleVisual){vehicleVisual.userData.serviceLayer=null;vehicleVisual.userData.serviceLights=[];vehicleVisual.scale.set(1,1,1);}"
if,23-vehicle-effects-driving.js,4251,"if(!vehicleVisual)return;clearServiceVehicleVisual();const kind=String(vehicle.serviceType||vehicle.kind||'car');if(!['police','firefighter','fire','paramedic','ambulance'].includes(kind))return;"
if,23-vehicle-effects-driving.js,4254,if(kind==='police'){
if,23-vehicle-effects-driving.js,4256,}else if(kind==='paramedic'||kind==='ambulance'){
else,23-vehicle-effects-driving.js,4256,}else if(kind==='paramedic'||kind==='ambulance'){
else,23-vehicle-effects-driving.js,4258,}else{
for,23-vehicle-effects-driving.js,4259,"vehicleVisual.scale.set(1.18,1.2,1.42);box(1.92,.88,1.65,0xc93431,0,1.02,-.58,layer);box(1.86,.14,2.15,0xf2d84d,0,.76,-.2,layer);box(.22,.22,2.5,0xe8edf0,-.45,1.62,-.2,layer);box(.22,.22,2.5,0xe8edf0,.45,1.62,-.2,layer);for(let z=-1.15;z<=.95;z+=.42)box(.95,.07,.07,0xe8edf0,0,1.64,z,layer);addLight(-.27,0xe53945,0xa50018);addLight(.27,0x42bfff,0x087db4);const patch=new THREE.Mesh(new THREE.PlaneGeometry(.92,.24),new THREE.MeshStandardMaterial({map:signTexture('BOMBEIROS','#b52d2a','#ffffff'),tra"
if,23-vehicle-effects-driving.js,4261,"layer.traverse(o=>{if(o.isMesh){o.castShadow=true;o.receiveShadow=true;addVoxelOutline(o,0x152235,.2);}});"
if,23-vehicle-effects-driving.js,4264,if(fxParticles.length>=FX_MAX_PARTICLES){const oldest=fxParticles.shift();worldGroup.remove(oldest.mesh);oldest.mesh.geometry.dispose();oldest.mesh.material.dispose();}
for,23-vehicle-effects-driving.js,4270,for(let i=fxParticles.length-1;i>=0;i--){
if,23-vehicle-effects-driving.js,4275,"if(p.life<=0){worldGroup.remove(p.mesh);p.mesh.geometry.dispose();p.mesh.material.dispose();fxParticles.splice(i,1);}"
if,23-vehicle-effects-driving.js,4280,if(!state.settings.sound||engineAudio)return;
if,23-vehicle-effects-driving.js,4282,const Ctx=window.AudioContext||window.webkitAudioContext;if(!Ctx)return;
catch,23-vehicle-effects-driving.js,4288,}catch(_){}
if,23-vehicle-effects-driving.js,4291,if(!engineAudio)return;
catch,23-vehicle-effects-driving.js,4292,"try{engineAudio.gain.gain.linearRampToValueAtTime(0,engineAudio.ctx.currentTime+.12);engineAudio.osc.stop(engineAudio.ctx.currentTime+.16);}catch(_){}"
if,23-vehicle-effects-driving.js,4296,if(!player.vehicle){if(engineAudio)stopEngineSound();return;}
if,23-vehicle-effects-driving.js,4297,if(player.car.passengerOf){if(engineAudio)stopEngineSound();if(els.vehicleBadge)els.vehicleBadge.textContent=`${serviceVehicleIcon(player.car.kind)} Passageiro — AÇÃO para sair`;return;}
if,23-vehicle-effects-driving.js,4306,if(car.drift>.4&&Math.abs(car.speed)>3){
if,23-vehicle-effects-driving.js,4308,"if(updateVehicleFX.acc>.045){updateVehicleFX.acc=0;spawnDust(player.x-Math.sin(car.heading)*1.05,player.z-Math.cos(car.heading)*1.05);}"
if,23-vehicle-effects-driving.js,4309,"driftSoundCooldown-=dt;if(driftSoundCooldown<=0){driftSoundCooldown=.5;beep(180,55,'sawtooth');}"
if,23-vehicle-effects-driving.js,4311,"const serviceKind=String(car.kind||'car'),serviceIcon=serviceVehicleIcon(serviceKind);for(const [index,light] of (vehicleVisual.userData.serviceLights||[]).entries())light.material.emissiveIntensity=.32+(Math.floor(performance.now()/210)+index)%2*.9;if(els.vehicleBadge)els.vehicleBadge.textContent=`${serviceIcon} ${car.label||'Veículo'} • ${Math.round(Math.abs(car.speed)*6)} km/h${sprintRequested()?' • TURBO':''} — AÇÃO para sair`;"
for,23-vehicle-effects-driving.js,4311,"const serviceKind=String(car.kind||'car'),serviceIcon=serviceVehicleIcon(serviceKind);for(const [index,light] of (vehicleVisual.userData.serviceLights||[]).entries())light.material.emissiveIntensity=.32+(Math.floor(performance.now()/210)+index)%2*.9;if(els.vehicleBadge)els.vehicleBadge.textContent=`${serviceIcon} ${car.label||'Veículo'} • ${Math.round(Math.abs(car.speed)*6)} km/h${sprintRequested()?' • TURBO':''} — AÇÃO para sair`;"
if,23-vehicle-effects-driving.js,4312,if(!state.settings.sound&&engineAudio)stopEngineSound();
if,23-vehicle-effects-driving.js,4313,else if(state.settings.sound&&!engineAudio)startEngineSound();
else,23-vehicle-effects-driving.js,4313,else if(state.settings.sound&&!engineAudio)startEngineSound();
if,23-vehicle-effects-driving.js,4314,else if(state.settings.sound&&engineAudio){
else,23-vehicle-effects-driving.js,4314,else if(state.settings.sound&&engineAudio){
catch,23-vehicle-effects-driving.js,4316,"try{engineAudio.osc.frequency.setTargetAtTime(freq,engineAudio.ctx.currentTime,.05);}catch(_){}"
if,23-vehicle-effects-driving.js,4324,if(mobility){if(runIcon)runIcon.textContent='▲';if(runLabel)runLabel.textContent='Acelerar';if(jumpIcon)jumpIcon.textContent=speed>.04?'■':'▼';if(jumpLabel)jumpLabel.textContent=speed>.04?'Freio':'Ré';if(actionIcon)actionIcon.textContent=isBoat?'🛶':'🚗';if(actionLabel)actionLabel.textContent='Sair';}
if,23-vehicle-effects-driving.js,4325,else{if(runIcon)runIcon.textContent='🏃';if(runLabel)runLabel.textContent='Correr';if(jumpIcon)jumpIcon.textContent='⬆';if(jumpLabel)jumpLabel.textContent='Pular';}
else,23-vehicle-effects-driving.js,4325,else{if(runIcon)runIcon.textContent='🏃';if(runLabel)runLabel.textContent='Correr';if(jumpIcon)jumpIcon.textContent='⬆';if(jumpLabel)jumpLabel.textContent='Pular';}
if,23-vehicle-effects-driving.js,4327,"if(els.runBtn)els.runBtn.setAttribute('aria-label',mobility?`Acelerar ${isBoat?'barco':'veículo'}`:'Correr');if(els.jumpBtn)els.jumpBtn.setAttribute('aria-label',mobility?(speed>.04?'Frear':'Engatar ré'):'Pular');"
if,23-vehicle-effects-driving.js,4335,"if(specialIcon)specialIcon.textContent=mobility?'📣':'🔥';if(specialLabel)specialLabel.textContent=mobility?'Buzina':'Poder';if(els.specialBtn)els.specialBtn.setAttribute('aria-label',mobility?`Buzina do ${player.boating?'barco':'carro'}`:`Poder de ${playerDisplayName()}`);updateMobilityControlLabels();"
if,23-vehicle-effects-driving.js,4338,"if(!mobilityDriverActive()||paused||!els.modal.hidden)return;const t=performance.now();if(t<player.hornUntil)return;player.hornUntil=t+360;const boat=player.boating;beep(boat?330:410,boat?125:95,boat?'sine':'square');setTimeout(()=>{if(mobilityDriverActive())beep(boat?390:520,boat?100:70,boat?'sine':'square');},105);vibrate(18);if(!boat&&vehicleVisual){vehicleVisual.scale.set(1.015,.99,1.015);setTimeout(()=>vehicleVisual?.scale?.set(1,1,1),120);}"
if,23-vehicle-effects-driving.js,4341,if(player.vehicle||player.boating||player.transit.mode||!vehicle||vehicle.occupied||!canEnterMobility(PLAYER_MODES.VEHICLE_DRIVER))return false;
if,23-vehicle-effects-driving.js,4344,"player.scaleMode='normal';player.crouched=false;syncPlayerRootScale();updateAbilityUI();if(playerModel)playerModel.visible=false;if(avatarLayer)avatarLayer.visible=false;applyVehicleAppearance(vehicle);vehicleVisual.visible=true;vehicleVisual.scale.set(1,1,1);vehicleVisual.rotation.set(0,0,0);vehicle.group.visible=false;els.vehicleBadge.hidden=false;updateVehicleControlsUI();updateRunUI();setFlag('gotVehicle');state.vehicles.lastUsedId=vehicle.id;if(typeof onServiceVehicleBoarded==='function')on"
if,23-vehicle-effects-driving.js,4345,"if(state.career.activeJob?.id==='delivery'){setMissionState(state.career.activeJob,MISSION_STATES.TRAVELLING,'vehicle-boarded');state.waypoint={id:'delivery-maya',name:'Entregar para Maya',x:65,z:54,navX:55,navZ:48,arrived:false};world.routePath=buildRoutePoints(player,state.waypoint);updateWaypointMarker();}"
if,23-vehicle-effects-driving.js,4346,"const companion=nearestRideCompanion();if(companion)boardNpcPassenger(companion,'car');toast(`${serviceVehicleIcon(player.car.kind)} ${vehicle.label||'Veículo'} ligado! Use o manche para dirigir.`,'good');startEngineSound();saveState(true);return true;"
if,23-vehicle-effects-driving.js,4350,"if(!ghost||!target?.vehicle||target.vehicleRole==='passenger'){toast('O motorista ou o carro não está mais disponível.','warn');return false;}"
if,23-vehicle-effects-driving.js,4351,"if(player.vehicle){toast('Você já está em um veículo.','warn');return false;}"
if,23-vehicle-effects-driving.js,4352,if(player.boating)exitBoat(true);
if,23-vehicle-effects-driving.js,4353,if(player.transit.mode||!canEnterMobility(PLAYER_MODES.VEHICLE_PASSENGER))return false;
if,23-vehicle-effects-driving.js,4355,"if(playerModel)playerModel.visible=false;if(avatarLayer)avatarLayer.visible=false;vehicleVisual.visible=false;els.vehicleBadge.hidden=false;updateVehicleControlsUI();updateRunUI();updateAbilityUI();auditPlayerMode('board-remote-car');toast('Você entrou como passageiro. O motorista controla o carro.','good',2500);saveState(true);return true;"
if,23-vehicle-effects-driving.js,4358,if(!player.vehicle)return false;
if,23-vehicle-effects-driving.js,4360,"if(passengerHost)window.OTTHOS_RTDB?.sendInteraction?.(passengerHost,{type:'vehiclePassengerLeft'});else if(hostedPassenger)window.OTTHOS_RTDB?.sendInteraction?.(hostedPassenger,{type:'vehicleEnded'});"
else,23-vehicle-effects-driving.js,4360,"if(passengerHost)window.OTTHOS_RTDB?.sendInteraction?.(passengerHost,{type:'vehiclePassengerLeft'});else if(hostedPassenger)window.OTTHOS_RTDB?.sendInteraction?.(hostedPassenger,{type:'vehicleEnded'});"
if,23-vehicle-effects-driving.js,4362,"const prior=player.preVehicleAbilities||state.abilities||{scaleMode:'normal',crouched:false};player.scaleMode=['mini','normal','giant'].includes(prior.scaleMode)?prior.scaleMode:'normal';player.crouched=!!prior.crouched;player.preVehicleAbilities=null;syncPlayerRootScale();if(playerModel)playerModel.visible=true;if(avatarLayer)avatarLayer.visible=true;vehicleVisual.visible=false;vehicleVisual.rotation.set(0,0,0);els.vehicleBadge.hidden=true;updateVehicleControlsUI();updateRunUI();updateAbilityUI"
if,23-vehicle-effects-driving.js,4363,"if(drivenVehicle&&!wasPassenger){drivenVehicle.occupied=false;drivenVehicle.group.visible=true;drivenVehicle.group.position.set(parkX,groundHeightAt(parkX,parkZ),parkZ);drivenVehicle.group.rotation.y=parkHeading;drivenVehicle.x=parkX;drivenVehicle.z=parkZ;drivenVehicle.heading=parkHeading;persistParkedVehicle(drivenVehicle);}"
if,23-vehicle-effects-driving.js,4364,"if(typeof onServiceVehicleExited==='function')onServiceVehicleExited(drivenVehicle);clearServiceVehicleVisual();activeVehicleRef=null;world.activeVehicle=null;player.x=exitPoint.x;player.z=exitPoint.z;player.y=exitPoint.y;player.vx=player.vy=player.vz=0;player.grounded=true;player.car.id='';player.car.kind='car';rememberSafePlayerPosition(true);auditPlayerMode('exit-vehicle');if(!silent)toast('Saiu do veículo em local seguro.','good');saveState(true);return true;"
if,23-vehicle-effects-driving.js,4367,"if(state.flags.bridgeFixed){toast('A ponte já está consertada.','good');return;}"
if,23-vehicle-effects-driving.js,4368,"if(state.inventory.wood<3||state.inventory.stone<2){toast('Precisa de 3 madeiras e 2 pedras.','warn');return;}"
if,24-construction-system.js,4391,"const footprint=buildFootprint(data?.type,data?.rotation),rect={x:Number(data?.x),z:Number(data?.z),w:footprint.w,d:footprint.d};if(!Number.isFinite(rect.x)||!Number.isFinite(rect.z))return true;"
if,24-construction-system.js,4392,"if(typeof v704RoadAt==='function'){const corners=[[rect.x-rect.w/2,rect.z-rect.d/2],[rect.x+rect.w/2,rect.z-rect.d/2],[rect.x-rect.w/2,rect.z+rect.d/2],[rect.x+rect.w/2,rect.z+rect.d/2]];if(corners.some(([x,z])=>v704RoadAt(x,z,.25,true)))return true;}"
if,24-construction-system.js,4393,"if(typeof v704ProtectedRectangles==='function'&&v704ProtectedRectangles().some(item=>item.kind!=='construction'&&v704RectOverlap(rect,item,.35)))return true;"
if,24-construction-system.js,4394,"if(typeof waterAt==='function'&&[[rect.x-rect.w/2,rect.z-rect.d/2],[rect.x+rect.w/2,rect.z-rect.d/2],[rect.x-rect.w/2,rect.z+rect.d/2],[rect.x+rect.w/2,rect.z+rect.d/2]].some(([x,z])=>waterAt(x,z)))return true;"
if,24-construction-system.js,4398,"if(!Array.isArray(state.builds)||!state.builds.length)return{migrated:0};let migrated=0,slotIndex=0;const occupied=[];"
if,24-construction-system.js,4399,"state.builds=state.builds.map(raw=>{const data=normalizeBuildRecord(raw);if(!data||!buildNeedsWorldMigrationV704(data)){if(data){const size=buildFootprint(data.type,data.rotation);occupied.push({x:data.x,z:data.z,w:size.w,d:size.d});}return data||raw;}"
if,24-construction-system.js,4400,"const size=buildFootprint(data.type,data.rotation);let target=null;for(let tries=0;tries<48;tries++){const candidate=v704NearestConstructionSlot(slotIndex++);const rect={x:candidate.x,z:candidate.z,w:size.w,d:size.d};if(v704BuildAllowedAt(rect.x,rect.z,rect.w,rect.d)&&!occupied.some(other=>v704RectOverlap(rect,other,.3))){target=candidate;occupied.push(rect);break;}}"
for,24-construction-system.js,4400,"const size=buildFootprint(data.type,data.rotation);let target=null;for(let tries=0;tries<48;tries++){const candidate=v704NearestConstructionSlot(slotIndex++);const rect={x:candidate.x,z:candidate.z,w:size.w,d:size.d};if(v704BuildAllowedAt(rect.x,rect.z,rect.w,rect.d)&&!occupied.some(other=>v704RectOverlap(rect,other,.3))){target=candidate;occupied.push(rect);break;}}"
if,24-construction-system.js,4401,"if(!target)return data;const now=Date.now();migrated++;return{...data,x:target.x,z:target.z,updatedAt:now,layoutVersion:704,layoutMigratedAt:now,layoutMigratedFrom:{x:data.x,z:data.z}};"
if,24-construction-system.js,4403,"if(migrated){state.worldLayout={version:704,migratedAt:Date.now(),migratedBuilds:migrated};saveState(true);console.info(`[OTTHI V704] ${migrated} construções antigas foram realocadas sem exclusão.`);}return{migrated};"
if,24-construction-system.js,4406,"if(!buildMode)return null;const distance=['wall','fence','bench','planter'].includes(buildMode)?2.8:2.45;"
if,24-construction-system.js,4412,"if(!Number.isFinite(x)||!Number.isFinite(z)||!type)return false;const footprint=buildFootprint(type,rotation),rect={x,z,w:footprint.w,d:footprint.d};"
if,24-construction-system.js,4414,"if(corners.some(([cx,cz])=>waterAt(cx,cz)))return false;"
if,24-construction-system.js,4415,"const heights=corners.map(([cx,cz])=>groundHeightAt(cx,cz));if(Math.max(...heights)-Math.min(...heights)>.72)return false;"
if,24-construction-system.js,4416,"const publicZone=typeof v704BuildAllowedAt==='function'&&v704BuildAllowedAt(x,z,footprint.w,footprint.d),ownedLot=world.houses.some(h=>state.houses[h.id]?.owned&&Math.abs(x-h.x)<10&&Math.abs(z-h.z)<10);if(!publicZone&&!ownedLot)return false;"
if,24-construction-system.js,4417,"if(typeof v704RoadAt==='function'&&corners.some(([cx,cz])=>v704RoadAt(cx,cz,.2,true)))return false;"
if,24-construction-system.js,4418,"if(typeof v704ProtectedRectangles==='function'){for(const protectedRect of v704ProtectedRectangles()){if(protectedRect.kind==='house'||protectedRect.kind==='construction')continue;if(rectOverlap(rect,protectedRect,.35))return false;}}"
for,24-construction-system.js,4418,"if(typeof v704ProtectedRectangles==='function'){for(const protectedRect of v704ProtectedRectangles()){if(protectedRect.kind==='house'||protectedRect.kind==='construction')continue;if(rectOverlap(rect,protectedRect,.35))return false;}}"
if,24-construction-system.js,4419,"if(world.hazards.some(h=>Number.isFinite(h.w)&&Number.isFinite(h.d)&&rectOverlap(rect,h,.2)))return false;"
if,24-construction-system.js,4420,"if(world.colliders.some(c=>rectOverlap(rect,{x:c.x,z:c.z,w:c.w,d:c.d},.22)))return false;"
if,24-construction-system.js,4421,"if(world.builds.some(b=>{const size=buildFootprint(b.data.type,b.data.rotation);return rectOverlap(rect,{x:b.data.x,z:b.data.z,w:size.w,d:size.d},.18);} ))return false;"
if,24-construction-system.js,4425,"if(!window.THREE||!worldGroup)return null;const group=new THREE.Group(),material=new THREE.MeshBasicMaterial({color:0x64ef78,transparent:true,opacity:.42,depthWrite:false,depthTest:true});"
if,24-construction-system.js,4427,"if(type==='block')part(1.5,1.5,1.5,0,.75,0);"
if,24-construction-system.js,4428,"else if(type==='wall')part(3,2.4,.32,0,1.2,0);"
else,24-construction-system.js,4428,"else if(type==='wall')part(3,2.4,.32,0,1.2,0);"
if,24-construction-system.js,4429,"else if(type==='floor')part(3,.28,3,0,.14,0);"
else,24-construction-system.js,4429,"else if(type==='floor')part(3,.28,3,0,.14,0);"
if,24-construction-system.js,4430,"else if(type==='fence'){part(2.4,.18,.22,0,.32,0);for(const x of [-1.0,0,1.0])part(.16,1.05,.16,x,.52,0);}"
else,24-construction-system.js,4430,"else if(type==='fence'){part(2.4,.18,.22,0,.32,0);for(const x of [-1.0,0,1.0])part(.16,1.05,.16,x,.52,0);}"
for,24-construction-system.js,4430,"else if(type==='fence'){part(2.4,.18,.22,0,.32,0);for(const x of [-1.0,0,1.0])part(.16,1.05,.16,x,.52,0);}"
if,24-construction-system.js,4431,"else if(type==='bench'){part(2.2,.22,.65,0,.62,0);part(2.2,.74,.18,0,1.02,-.27);for(const x of [-.8,.8])part(.14,.55,.14,x,.28,0);}"
else,24-construction-system.js,4431,"else if(type==='bench'){part(2.2,.22,.65,0,.62,0);part(2.2,.74,.18,0,1.02,-.27);for(const x of [-.8,.8])part(.14,.55,.14,x,.28,0);}"
for,24-construction-system.js,4431,"else if(type==='bench'){part(2.2,.22,.65,0,.62,0);part(2.2,.74,.18,0,1.02,-.27);for(const x of [-.8,.8])part(.14,.55,.14,x,.28,0);}"
if,24-construction-system.js,4432,"else if(type==='planter'){part(2.2,.55,.86,0,.28,0);part(1.82,.18,.58,0,.58,0);for(const x of [-.65,0,.65]){part(.09,.5,.09,x,.92,0);part(.42,.18,.42,x,1.15,0);}}"
else,24-construction-system.js,4432,"else if(type==='planter'){part(2.2,.55,.86,0,.28,0);part(1.82,.18,.58,0,.58,0);for(const x of [-.65,0,.65]){part(.09,.5,.09,x,.92,0);part(.42,.18,.42,x,1.15,0);}}"
for,24-construction-system.js,4432,"else if(type==='planter'){part(2.2,.55,.86,0,.28,0);part(1.82,.18,.58,0,.58,0);for(const x of [-.65,0,.65]){part(.09,.5,.09,x,.92,0);part(.42,.18,.42,x,1.15,0);}}"
else,24-construction-system.js,4433,"else{part(.22,2.4,.22,0,1.2,0);part(.65,.65,.65,0,2.65,0);}"
if,24-construction-system.js,4437,if(!buildPreview)return;worldGroup?.remove(buildPreview);const material=buildPreview.userData?.previewMaterial;material?.dispose?.();buildPreview=null;buildPlacement=null;
if,24-construction-system.js,4440,"if(buildPanel)return buildPanel;buildPanel=document.createElement('section');buildPanel.id='buildControlPanel';buildPanel.className='build-control-panel';buildPanel.hidden=true;buildPanel.setAttribute('aria-label','Controles da construção');"
if,24-construction-system.js,4445,"const panel=ensureBuildPanel(),recipe=BUILD_RECIPES[buildMode];panel.hidden=!buildMode;if(!buildMode||!recipe)return;"
if,24-construction-system.js,4450,if(!buildMode)return;const candidate=buildPlacementCandidate();if(!candidate)return;
if,24-construction-system.js,4451,if(!buildPreview||buildPreview.userData?.previewType!==buildMode){disposeBuildPreview();buildPreview=createBuildPreviewMesh(buildMode);}
if,24-construction-system.js,4452,"buildPlacement=candidate;if(buildPreview){buildPreview.position.set(candidate.x,candidate.y+.025,candidate.z);buildPreview.rotation.y=candidate.rotation;const material=buildPreview.userData.previewMaterial;material.color.setHex(candidate.valid?0x64ef78:0xff5266);material.opacity=candidate.valid?.44:.36;}"
if,24-construction-system.js,4453,"if(force||!updateBuildPreview.last||Math.hypot(candidate.x-updateBuildPreview.last.x,candidate.z-updateBuildPreview.last.z)>.01||candidate.rotation!==updateBuildPreview.last.rotation||candidate.valid!==updateBuildPreview.last.valid){updateBuildPreview.last={...candidate};updateBuildPanel();}"
if,24-construction-system.js,4456,"if(!BUILD_RECIPES[type])return false;if(player.vehicle||player.boating||player.transit.mode||fishingSession||currentHouse){toast('Finalize a atividade atual antes de construir.','warn');return false;}"
if,24-construction-system.js,4460,"if(!buildMode&&!buildPreview)return false;disposeBuildPreview();buildMode=null;buildRotation=0;updateBuildPreview.last=null;if(buildPanel)buildPanel.hidden=true;els.buildBadge.hidden=true;updateVehicleControlsUI();updateContext(true);if(!silent&&reason==='cancelled')toast('Construção cancelada sem gastar materiais.','good',1400);return true;"
if,24-construction-system.js,4462,function rotateBuildPreview(){if(!buildMode)return false;buildRotation=(buildRotation+Math.PI/2)%(Math.PI*2);updateBuildPreview(true);vibrate(12);return true;}
if,24-construction-system.js,4464,"if(player.vehicle||player.boating||player.transit.mode||fishingSession){toast('Finalize o transporte ou a atividade atual antes de construir.','warn');return false;}"
if,24-construction-system.js,4466,"$$('[data-type]',root).forEach(btn=>btn.onclick=async()=>{const type=btn.dataset.type;if(type==='remove'){closeModal();await removeNearestBuild();return;}if(type==='extension'){openHouseExtensionMenu();return;}closeModal();beginBuildMode(type);});"
if,24-construction-system.js,4471,"if(!buildMode||player.vehicle||player.boating||player.transit.mode||currentHouse){toast('Saia do transporte ou interior para construir.','warn');return false;}"
if,24-construction-system.js,4472,"updateBuildPreview(true);const placement=buildPlacement;if(!placement?.valid){toast('Local bloqueado. Mova-se até um terreno livre e observe a prévia verde.','warn');return false;}"
if,24-construction-system.js,4473,"const recipe=BUILD_RECIPES[buildMode];if(!recipe)return false;if(!resourcesEnough(recipe.cost)){toast(`Faltam materiais: ${buildCostText(recipe.cost)}.`,'warn');updateBuildPanel();return false;}"
for,24-construction-system.js,4474,"const before={};for(const[key,value]of Object.entries(recipe.cost)){before[key]=state.inventory[key];state.inventory[key]-=value;}"
if,24-construction-system.js,4477,"state.buildTombstones=normalizeBuildTombstones(state.buildTombstones).filter(item=>item.id!==data.id);state.builds=mergeBuildCollections(state.builds,[data],state.buildTombstones);const record=spawnBuild(data,true);if(!record)throw new Error('Objeto não foi criado no mundo');"
for,24-construction-system.js,4479,"}catch(error){state.builds=state.builds.filter(b=>b.id!==data.id);for(const[key,value]of Object.entries(before))state.inventory[key]=value;console.error('[OTTHOS] Falha ao construir; recursos restaurados.',error);toast('Não foi possível construir. Seus recursos foram restaurados.','bad');updateBuildPanel();return false;}"
catch,24-construction-system.js,4479,"}catch(error){state.builds=state.builds.filter(b=>b.id!==data.id);for(const[key,value]of Object.entries(before))state.inventory[key]=value;console.error('[OTTHOS] Falha ao construir; recursos restaurados.',error);toast('Não foi possível construir. Seus recursos foram restaurados.','bad');updateBuildPanel();return false;}"
if,24-construction-system.js,4482,const data=normalizeBuildRecord(rawData);if(!data||!worldGroup)return null;const existing=world.builds.find(item=>item.data.id===data.id);if(existing)return existing;
if,24-construction-system.js,4484,"if(data.type==='block'){mesh=box(1.5,1.5,1.5,materials.brick,data.x,baseY+.75,data.z);registerPlatform(data.x,data.z,1.5,1.5,baseY+1.5,{buildId:data.id});registerCollider(data.x,data.z,1.5,1.5,{buildId:data.id});}"
if,24-construction-system.js,4485,"else if(data.type==='fence'){mesh=box(2.4,1.05,.22,materials.wood,data.x,baseY+.52,data.z);mesh.rotation.y=rotation;const size=oriented(2.4,.22);registerCollider(data.x,data.z,size.w,size.d,{buildId:data.id});}"
else,24-construction-system.js,4485,"else if(data.type==='fence'){mesh=box(2.4,1.05,.22,materials.wood,data.x,baseY+.52,data.z);mesh.rotation.y=rotation;const size=oriented(2.4,.22);registerCollider(data.x,data.z,size.w,size.d,{buildId:data.id});}"
if,24-construction-system.js,4486,"else if(data.type==='wall'){mesh=box(3.0,2.4,.32,materials.stone,data.x,baseY+1.2,data.z);mesh.rotation.y=rotation;const size=oriented(3,.32);registerCollider(data.x,data.z,size.w,size.d,{buildId:data.id});}"
else,24-construction-system.js,4486,"else if(data.type==='wall'){mesh=box(3.0,2.4,.32,materials.stone,data.x,baseY+1.2,data.z);mesh.rotation.y=rotation;const size=oriented(3,.32);registerCollider(data.x,data.z,size.w,size.d,{buildId:data.id});}"
if,24-construction-system.js,4487,"else if(data.type==='floor'){mesh=box(3.0,.28,3.0,materials.wood,data.x,baseY+.14,data.z);mesh.rotation.y=rotation;registerPlatform(data.x,data.z,3,3,baseY+.28,{buildId:data.id});}"
else,24-construction-system.js,4487,"else if(data.type==='floor'){mesh=box(3.0,.28,3.0,materials.wood,data.x,baseY+.14,data.z);mesh.rotation.y=rotation;registerPlatform(data.x,data.z,3,3,baseY+.28,{buildId:data.id});}"
if,24-construction-system.js,4488,"else if(data.type==='bench'){mesh=new THREE.Group();mesh.position.set(data.x,baseY,data.z);mesh.rotation.y=rotation;worldGroup.add(mesh);premiumBox(2.2,.22,.65,materials.fabric,0,.62,0,mesh);premiumBox(2.2,.74,.18,materials.fabric,0,1.02,-.27,mesh);for(const ox of [-.8,.8])premiumBox(.14,.55,.14,materials.metal,ox,.28,0,mesh);const size=oriented(2.3,.85);registerCollider(data.x,data.z,size.w,size.d,{buildId:data.id});}"
else,24-construction-system.js,4488,"else if(data.type==='bench'){mesh=new THREE.Group();mesh.position.set(data.x,baseY,data.z);mesh.rotation.y=rotation;worldGroup.add(mesh);premiumBox(2.2,.22,.65,materials.fabric,0,.62,0,mesh);premiumBox(2.2,.74,.18,materials.fabric,0,1.02,-.27,mesh);for(const ox of [-.8,.8])premiumBox(.14,.55,.14,materials.metal,ox,.28,0,mesh);const size=oriented(2.3,.85);registerCollider(data.x,data.z,size.w,size.d,{buildId:data.id});}"
for,24-construction-system.js,4488,"else if(data.type==='bench'){mesh=new THREE.Group();mesh.position.set(data.x,baseY,data.z);mesh.rotation.y=rotation;worldGroup.add(mesh);premiumBox(2.2,.22,.65,materials.fabric,0,.62,0,mesh);premiumBox(2.2,.74,.18,materials.fabric,0,1.02,-.27,mesh);for(const ox of [-.8,.8])premiumBox(.14,.55,.14,materials.metal,ox,.28,0,mesh);const size=oriented(2.3,.85);registerCollider(data.x,data.z,size.w,size.d,{buildId:data.id});}"
if,24-construction-system.js,4489,"else if(data.type==='planter'){mesh=new THREE.Group();mesh.position.set(data.x,baseY,data.z);mesh.rotation.y=rotation;worldGroup.add(mesh);premiumBox(2.2,.55,.86,materials.brick,0,.28,0,mesh);premiumBox(1.82,.18,.58,0x5f371f,0,.58,0,mesh);for(const p of [[-.65,0xff6fa8],[0,0xffd74a],[.65,0x67d965]]){premiumBox(.09,.5,.09,0x3d8c3f,p[0],.92,0,mesh);premiumBox(.46,.18,.46,p[1],p[0],1.15,0,mesh);}const size=oriented(2.3,.95);registerCollider(data.x,data.z,size.w,size.d,{buildId:data.id});}"
else,24-construction-system.js,4489,"else if(data.type==='planter'){mesh=new THREE.Group();mesh.position.set(data.x,baseY,data.z);mesh.rotation.y=rotation;worldGroup.add(mesh);premiumBox(2.2,.55,.86,materials.brick,0,.28,0,mesh);premiumBox(1.82,.18,.58,0x5f371f,0,.58,0,mesh);for(const p of [[-.65,0xff6fa8],[0,0xffd74a],[.65,0x67d965]]){premiumBox(.09,.5,.09,0x3d8c3f,p[0],.92,0,mesh);premiumBox(.46,.18,.46,p[1],p[0],1.15,0,mesh);}const size=oriented(2.3,.95);registerCollider(data.x,data.z,size.w,size.d,{buildId:data.id});}"
for,24-construction-system.js,4489,"else if(data.type==='planter'){mesh=new THREE.Group();mesh.position.set(data.x,baseY,data.z);mesh.rotation.y=rotation;worldGroup.add(mesh);premiumBox(2.2,.55,.86,materials.brick,0,.28,0,mesh);premiumBox(1.82,.18,.58,0x5f371f,0,.58,0,mesh);for(const p of [[-.65,0xff6fa8],[0,0xffd74a],[.65,0x67d965]]){premiumBox(.09,.5,.09,0x3d8c3f,p[0],.92,0,mesh);premiumBox(.46,.18,.46,p[1],p[0],1.15,0,mesh);}const size=oriented(2.3,.95);registerCollider(data.x,data.z,size.w,size.d,{buildId:data.id});}"
if,24-construction-system.js,4490,"else if(data.type==='lamp'){mesh=new THREE.Group();mesh.position.set(data.x,baseY,data.z);worldGroup.add(mesh);box(.22,2.4,.22,materials.wood,0,1.2,0,mesh);box(.65,.65,.65,0xffdc6a,0,2.65,0,mesh);extras.push(addGlow(data.x,baseY+2.65,data.z,0xffd56a,4));registerCollider(data.x,data.z,.55,.55,{buildId:data.id});}"
else,24-construction-system.js,4490,"else if(data.type==='lamp'){mesh=new THREE.Group();mesh.position.set(data.x,baseY,data.z);worldGroup.add(mesh);box(.22,2.4,.22,materials.wood,0,1.2,0,mesh);box(.65,.65,.65,0xffdc6a,0,2.65,0,mesh);extras.push(addGlow(data.x,baseY+2.65,data.z,0xffd56a,4));registerCollider(data.x,data.z,.55,.55,{buildId:data.id});}"
else,24-construction-system.js,4491,else return null;
if,24-construction-system.js,4496,if(!record)return;worldGroup?.remove(record.mesh);for(const extra of record.extras||[]){worldGroup?.remove(extra);world.glows=world.glows.filter(item=>item!==extra);}world.colliders=world.colliders.filter(c=>c.buildId!==record.data.id);world.platforms=world.platforms.filter(p=>p.buildId!==record.data.id);world.builds=world.builds.filter(item=>item!==record);
for,24-construction-system.js,4496,if(!record)return;worldGroup?.remove(record.mesh);for(const extra of record.extras||[]){worldGroup?.remove(extra);world.glows=world.glows.filter(item=>item!==extra);}world.colliders=world.colliders.filter(c=>c.buildId!==record.data.id);world.platforms=world.platforms.filter(p=>p.buildId!==record.data.id);world.builds=world.builds.filter(item=>item!==record);
if,24-construction-system.js,4500,"if(!data||typeof v704RectOverlap!=='function')return false;const size=buildFootprint(data.type,data.rotation),rect={x:Number(data.x),z:Number(data.z),w:size.w,d:size.d};"
if,24-construction-system.js,4501,"if(WORLD_LAYOUT_V704.roads.some(road=>v704RectOverlap(rect,v704RoadFootprint(road,true),.25)))return true;"
if,24-construction-system.js,4502,"for(const protectedRect of v704ProtectedRectangles()){if(protectedRect.kind==='house'||protectedRect.kind==='construction')continue;if(v704RectOverlap(rect,protectedRect,.35))return true;}"
for,24-construction-system.js,4502,"for(const protectedRect of v704ProtectedRectangles()){if(protectedRect.kind==='house'||protectedRect.kind==='construction')continue;if(v704RectOverlap(rect,protectedRect,.35))return true;}"
if,24-construction-system.js,4503,"if((world.hazards||[]).some(h=>Number.isFinite(h.w)&&v704RectOverlap(rect,h,.2)))return true;return false;"
if,24-construction-system.js,4506,"if(!Array.isArray(state.builds)||typeof v704NearestConstructionSlot!=='function')return 0;let moved=0,slotIndex=0;const occupied=[];"
if,24-construction-system.js,4507,"for(const data of state.builds){if(!buildConflictsWithMasterWorldV704(data))continue;let slot,size=buildFootprint(data.type,data.rotation);do{slot=v704NearestConstructionSlot(slotIndex++);}while(slotIndex<80&&occupied.some(other=>rectOverlap({x:slot.x,z:slot.z,w:size.w,d:size.d},other,.35)));data.legacyPositionV704=data.legacyPositionV704||{x:Number(data.x),z:Number(data.z)};data.x=slot.x;data.z=slot.z;data.y=groundHeightAt(slot.x,slot.z);data.worldLayoutVersion=704;occupied.push({x:data.x,z:dat"
for,24-construction-system.js,4507,"for(const data of state.builds){if(!buildConflictsWithMasterWorldV704(data))continue;let slot,size=buildFootprint(data.type,data.rotation);do{slot=v704NearestConstructionSlot(slotIndex++);}while(slotIndex<80&&occupied.some(other=>rectOverlap({x:slot.x,z:slot.z,w:size.w,d:size.d},other,.35)));data.legacyPositionV704=data.legacyPositionV704||{x:Number(data.x),z:Number(data.z)};data.x=slot.x;data.z=slot.z;data.y=groundHeightAt(slot.x,slot.z);data.worldLayoutVersion=704;occupied.push({x:data.x,z:dat"
while,24-construction-system.js,4507,"for(const data of state.builds){if(!buildConflictsWithMasterWorldV704(data))continue;let slot,size=buildFootprint(data.type,data.rotation);do{slot=v704NearestConstructionSlot(slotIndex++);}while(slotIndex<80&&occupied.some(other=>rectOverlap({x:slot.x,z:slot.z,w:size.w,d:size.d},other,.35)));data.legacyPositionV704=data.legacyPositionV704||{x:Number(data.x),z:Number(data.z)};data.x=slot.x;data.z=slot.z;data.y=groundHeightAt(slot.x,slot.z);data.worldLayoutVersion=704;occupied.push({x:data.x,z:dat"
if,24-construction-system.js,4508,"if(moved){state.worldMigrationV704={version:704,moved,at:Date.now()};console.warn(`[OTTHI V704] ${moved} construção(ões) antigas foram realocadas da pista/rua para a área de construção.`);saveState(true);}return moved;"
if,24-construction-system.js,4511,"if(!worldGroup||!world?.builds)return false;migrateLegacyWorldBuildsV704();state.buildTombstones=normalizeBuildTombstones(state.buildTombstones);state.builds=applyBuildTombstones(state.builds,state.buildTombstones);const wanted=new Map(state.builds.map(data=>[data.id,data]));"
if,24-construction-system.js,4512,for(const record of [...world.builds]){const data=wanted.get(record.data.id);if(!data||record.signature!==buildRecordSignature(data)){removeWorldBuildRecord(record);}}
for,24-construction-system.js,4512,for(const record of [...world.builds]){const data=wanted.get(record.data.id);if(!data||record.signature!==buildRecordSignature(data)){removeWorldBuildRecord(record);}}
if,24-construction-system.js,4513,"for(const data of state.builds)if(!world.builds.some(record=>record.data.id===data.id))spawnBuild(data,false);return true;"
for,24-construction-system.js,4513,"for(const data of state.builds)if(!world.builds.some(record=>record.data.id===data.id))spawnBuild(data,false);return true;"
if,24-construction-system.js,4516,"const nearest=world.builds.filter(b=>buildOwnedByPlayer(b.data)&&distance2D(player,b.data)<3.4).sort((a,b)=>distance2D(player,a.data)-distance2D(player,b.data))[0];if(!nearest){toast('Nenhuma construção sua por perto.','warn');return false;}"
if,24-construction-system.js,4517,"const recipe=BUILD_RECIPES[nearest.data.type],ok=await confirmModal('Remover construção',`Remover ${recipe?.name||'esta construção'}? A ação será salva e não afetará objetos de outros jogadores.`,'Remover','Cancelar');if(!ok)return false;"
if,32-cooperative-missions.js,5467,"for(let index=0;index<lengths.length;index++){const a=points[index],b=points[index+1],length=lengths[index];if(remaining<=length||index===lengths.length-1){const ratio=length?clamp(remaining/length,0,1):0,dx=b.x-a.x,dz=b.z-a.z,norm=Math.hypot(dx,dz)||1;return{x:lerp(a.x,b.x,ratio)-dz/norm*lane,z:lerp(a.z,b.z,ratio)+dx/norm*lane,heading:Math.atan2(dx,dz)};}remaining-=length;}return{x:points.at(-1).x,z:points.at(-1).z,heading:0};"
for,32-cooperative-missions.js,5467,"for(let index=0;index<lengths.length;index++){const a=points[index],b=points[index+1],length=lengths[index];if(remaining<=length||index===lengths.length-1){const ratio=length?clamp(remaining/length,0,1):0,dx=b.x-a.x,dz=b.z-a.z,norm=Math.hypot(dx,dz)||1;return{x:lerp(a.x,b.x,ratio)-dz/norm*lane,z:lerp(a.z,b.z,ratio)+dx/norm*lane,heading:Math.atan2(dx,dz)};}remaining-=length;}return{x:points.at(-1).x,z:points.at(-1).z,heading:0};"
if,32-cooperative-missions.js,5469,"function coopPointAccessible(point,radius=1.1){if(!point||!Number.isFinite(Number(point.x))||!Number.isFinite(Number(point.z)))return false;const x=Number(point.x),z=Number(point.z);if(Math.abs(x)>114||Math.abs(z)>114||waterAt(x,z))return false;return !positionBlockedForPlayer(x,z,radius,{ignoreTraffic:true,allowWater:false});}"
if,32-cooperative-missions.js,5471,"const errors=[],warnings=[];if(!coopMissionTemplate(type))errors.push('modelo de missão inexistente');"
if,32-cooperative-missions.js,5472,if(type==='firefighter'){if(!(world.fireTrucks||[]).length)errors.push('caminhão de bombeiros ausente');if(!(typeof FIRE_SITES!=='undefined'&&FIRE_SITES.length))errors.push('ocorrências de incêndio ausentes');}
if,32-cooperative-missions.js,5473,else if(type==='paramedic'){if(!(world.ambulances||[]).length)errors.push('ambulância ausente');if(!(typeof TRAINING_INCIDENT_SITES!=='undefined'&&TRAINING_INCIDENT_SITES.length))errors.push('pontos de resgate ausentes');}
else,32-cooperative-missions.js,5473,else if(type==='paramedic'){if(!(world.ambulances||[]).length)errors.push('ambulância ausente');if(!(typeof TRAINING_INCIDENT_SITES!=='undefined'&&TRAINING_INCIDENT_SITES.length))errors.push('pontos de resgate ausentes');}
if,32-cooperative-missions.js,5474,else if(type==='police'){if(!(world.policeCars||[]).length)errors.push('viatura ausente');if(!(world.npcs||[]).some(item=>!item.coopRaceBot))errors.push('personagem da abordagem ausente');}
else,32-cooperative-missions.js,5474,else if(type==='police'){if(!(world.policeCars||[]).length)errors.push('viatura ausente');if(!(world.npcs||[]).some(item=>!item.coopRaceBot))errors.push('personagem da abordagem ausente');}
if,32-cooperative-missions.js,5475,"else if(type==='fishing'){if(!waterAt(-63,52))errors.push('ponto de pesca fora da água');if(!coopPointAccessible(worldLayoutPoint('camp'),1.4))warnings.push('fogueira será posicionada no ponto seguro mais próximo');}"
else,32-cooperative-missions.js,5475,"else if(type==='fishing'){if(!waterAt(-63,52))errors.push('ponto de pesca fora da água');if(!coopPointAccessible(worldLayoutPoint('camp'),1.4))warnings.push('fogueira será posicionada no ponto seguro mais próximo');}"
if,32-cooperative-missions.js,5476,else if(type==='school'){if(!(world.schools||[]).length&&!world.school)errors.push('escola ausente');if((world.npcs||[]).filter(item=>!item.coopRaceBot).length<4)errors.push('menos de quatro alunos disponíveis');}
else,32-cooperative-missions.js,5476,else if(type==='school'){if(!(world.schools||[]).length&&!world.school)errors.push('escola ausente');if((world.npcs||[]).filter(item=>!item.coopRaceBot).length<4)errors.push('menos de quatro alunos disponíveis');}
if,32-cooperative-missions.js,5477,"else if(type==='streetRace'){for(const point of COOP_STREET_ROUTE)if(!pointOnRoad(point.x,point.z,1.2))errors.push(`${point.name} fora da malha viária`);}"
else,32-cooperative-missions.js,5477,"else if(type==='streetRace'){for(const point of COOP_STREET_ROUTE)if(!pointOnRoad(point.x,point.z,1.2))errors.push(`${point.name} fora da malha viária`);}"
for,32-cooperative-missions.js,5477,"else if(type==='streetRace'){for(const point of COOP_STREET_ROUTE)if(!pointOnRoad(point.x,point.z,1.2))errors.push(`${point.name} fora da malha viária`);}"
if,32-cooperative-missions.js,5478,else if(type==='ovalRace'){if(!world.gym||!Number.isFinite(world.gym.centerX)||!Number.isFinite(world.gym.centerZ))errors.push('pista oval ausente');}
else,32-cooperative-missions.js,5478,else if(type==='ovalRace'){if(!world.gym||!Number.isFinite(world.gym.centerX)||!Number.isFinite(world.gym.centerZ))errors.push('pista oval ausente');}
if,32-cooperative-missions.js,5482,"if(!active||!record)return null;const p=coopProgress(record),target=coopCurrentTarget(active,record),template=coopMissionTemplate(record.type),metric=record.type==='firefighter'?`${Math.min(4,p.counter)}/4 aplicações de água`:record.type==='fishing'?(p.phase<2?`${p.counter}/6 peixes`:`${p.counter}/3 peixes assados`):record.type==='school'?`${p.counter}/4 alunos`:record.type==='streetRace'?`${active.race?.checkpoints||0}/4 checkpoints`:record.type==='ovalRace'?`${active.race?.laps||0}/3 voltas`:`"
if,32-cooperative-missions.js,5488,function activeCoopRecord(){const active=activeCoopMission();if(!active)return null;return active.remote&&coopRemoteMissions[active.id]?coopRemoteMissions[active.id]:active.record||active;}
if,32-cooperative-missions.js,5500,"function coopMedicalDestination(){const hospital=world.hospital||world.clinic||world.medicalCenter;if(hospital)return{id:hospital.id||'medical-center',name:hospital.name||'Ponto médico',icon:'🏥',x:Number(hospital.x??hospital.group?.position?.x??0),z:Number(hospital.z??hospital.group?.position?.z??0),ref:hospital};return{id:'medical-center',name:'Ponto médico da Vila',icon:'🏥',x:18,z:-24,navX:18,navZ:-24};}"
if,32-cooperative-missions.js,5506,"const active=activeCoopMission(),record=activeCoopRecord(),template=coopMissionTemplate(record?.type||active?.type);if(!active||!template)return[];"
if,32-cooperative-missions.js,5507,"const target=coopCurrentTarget(active,record);if(!target)return[];"
for,32-cooperative-missions.js,5511,"function coopMissionHash(value=''){let hash=2166136261;for(const char of String(value||'')){hash^=char.charCodeAt(0);hash=Math.imul(hash,16777619);}return hash>>>0;}"
if,32-cooperative-missions.js,5514,"if(type==='firefighter'){const site=FIRE_SITES[seed%FIRE_SITES.length],fire=world.fires.find(item=>item.id===site?.id&&item.active)||activateFireIncident(site?.id||'',true);if(fire){fire.coopMissionId=missionId;fire.coopIntensity=1;for(const truck of world.fireTrucks||[]){if(truck.targetFireId===fire.id){truck.targetFireId='';truck.serviceRoute=[];truck.serviceRouteIndex=0;}}}return fire?{id:`fire-${fire.id}`,name:fire.name,icon:'🔥',x:fire.x,z:fire.z,navX:fire.navX,navZ:fire.navZ,ref:fire}:null;"
for,32-cooperative-missions.js,5514,"if(type==='firefighter'){const site=FIRE_SITES[seed%FIRE_SITES.length],fire=world.fires.find(item=>item.id===site?.id&&item.active)||activateFireIncident(site?.id||'',true);if(fire){fire.coopMissionId=missionId;fire.coopIntensity=1;for(const truck of world.fireTrucks||[]){if(truck.targetFireId===fire.id){truck.targetFireId='';truck.serviceRoute=[];truck.serviceRouteIndex=0;}}}return fire?{id:`fire-${fire.id}`,name:fire.name,icon:'🔥',x:fire.x,z:fire.z,navX:fire.navX,navZ:fire.navZ,ref:fire}:null;"
if,32-cooperative-missions.js,5515,"if(type==='paramedic'){let incident=world.activeIncident;if(!incident){const site=TRAINING_INCIDENT_SITES[seed%TRAINING_INCIDENT_SITES.length],projection=nearestRoadProjection(site)?.point||site;incident=createTrafficIncidentAt(projection.x,projection.z,'minor',[]);}if(incident){incident.coopMissionId=missionId;incident.playerAssigned={police:true,paramedic:true,firefighter:true};incident.responders={};for(const vehicle of serviceVehiclePools()){if(vehicle.incidentTargetId===incident.id){vehicle"
for,32-cooperative-missions.js,5515,"if(type==='paramedic'){let incident=world.activeIncident;if(!incident){const site=TRAINING_INCIDENT_SITES[seed%TRAINING_INCIDENT_SITES.length],projection=nearestRoadProjection(site)?.point||site;incident=createTrafficIncidentAt(projection.x,projection.z,'minor',[]);}if(incident){incident.coopMissionId=missionId;incident.playerAssigned={police:true,paramedic:true,firefighter:true};incident.responders={};for(const vehicle of serviceVehiclePools()){if(vehicle.incidentTargetId===incident.id){vehicle"
if,32-cooperative-missions.js,5516,"if(type==='police'){const candidates=(world.npcs||[]).filter(item=>!item.coopRaceBot),npc=candidates[seed%Math.max(1,candidates.length)]||world.npcs[0];return npc?{id:`police-${npc.id}`,name:'Abordagem educativa',icon:'👮',x:npc.group.position.x,z:npc.group.position.z,ref:npc}:null;}"
if,32-cooperative-missions.js,5522,"if(!active||!record)return null;const type=record.type,progress=coopProgress(record),phase=progress.phase;"
if,32-cooperative-missions.js,5523,if(coopServiceKind(type)){
if,32-cooperative-missions.js,5524,"if(phase<1){const vehicle=serviceMissionVehicle(active.serviceJob);if(vehicle)return{id:`service-${vehicle.id}`,name:vehicle.label,icon:type==='police'?'🚓':type==='firefighter'?'🚒':'🚑',x:vehicle.group.position.x,z:vehicle.group.position.z,ref:vehicle,description:'Veículo reservado para esta equipe.'};}"
if,32-cooperative-missions.js,5525,if(type==='paramedic'&&phase>=5)return coopMedicalDestination();
if,32-cooperative-missions.js,5526,"if(type==='paramedic'&&phase>=4){const vehicle=serviceMissionVehicle(active.serviceJob);if(vehicle)return{id:`service-${vehicle.id}`,name:'Colocar o paciente na ambulância',icon:'🚑',x:vehicle.group.position.x,z:vehicle.group.position.z,ref:vehicle};}"
if,32-cooperative-missions.js,5527,"if(type==='police'&&phase>=4){const vehicle=serviceMissionVehicle(active.serviceJob);if(vehicle)return{id:`service-${vehicle.id}`,name:'Acompanhar até a viatura',icon:'🚓',x:vehicle.group.position.x,z:vehicle.group.position.z,ref:vehicle};}"
if,32-cooperative-missions.js,5530,"if(type==='fishing'){const camp=active.coopCampfirePoint||worldLayoutPoint('camp');return phase<2?{id:'coop-lake',name:'Ponto de pescaria do lago',icon:'🎣',x:-63,z:52,navX:-55,navZ:52}:{id:'coop-campfire',name:'Fogueira da equipe',icon:'🔥',x:camp.x,z:camp.z};}"
if,32-cooperative-missions.js,5531,if(type==='school'){
if,32-cooperative-missions.js,5532,"if(progress.counter>=4){const school=coopNearestSchool();return school?{id:school.id,name:school.name,icon:'🏫',x:school.x,z:school.z,ref:school}:null;}"
if,32-cooperative-missions.js,5533,"const follower=(world.npcs||[]).find(n=>active.followingNpcIds?.includes(n.id));if(follower){const school=coopNearestSchool();return school?{id:school.id,name:`Levar ${follower.name} à escola`,icon:'🏫',x:school.x,z:school.z,ref:school}:null;}"
if,32-cooperative-missions.js,5536,"if(type==='streetRace'){const race=active.race||{},index=race.started?Math.min(4,Number(race.checkpoints||0)+1):0,point=COOP_STREET_ROUTE[index]||COOP_STREET_ROUTE.at(-1);return{id:`coop-street-${index}`,name:race.started?point.name:'Largada da corrida de rua',icon:'🏁',x:point.x,z:point.z,description:race.started?'Passe pelo checkpoint na ordem indicada.':'Use AÇÃO na largada para iniciar a cronometragem.'};}"
if,32-cooperative-missions.js,5537,"if(type==='ovalRace'){const gym=world.gym||{...worldLayoutPoint('sports'),centerX:worldLayoutPoint('sports').x,centerZ:worldLayoutPoint('sports').z,radiusX:26,radiusZ:14},race=active.race||{};return{id:'coop-oval-race',name:race.started?'Linha de chegada da pista oval':'Largada da pista oval',icon:'🏟️',x:gym.centerX+gym.radiusX,z:gym.centerZ,description:race.started?'Complete a sequência inteira de quatro setores para validar cada volta.':'Use AÇÃO na linha para iniciar a cronometragem.'};}"
if,32-cooperative-missions.js,5541,"if(!active||!record)return'Sem missão cooperativa ativa.';const template=coopMissionTemplate(record.type),p=coopProgress(record),role=coopRoleLabel(coopOwnParticipant(record)?.role||active.role),step=template?.steps[Math.min(p.phase,(template.steps?.length||1)-1)]||template?.description;"
if,32-cooperative-missions.js,5542,if(record.status==='lobby')return`Aguarde a equipe. Sua função: ${role}.`;
if,32-cooperative-missions.js,5543,if(record.type==='firefighter'&&p.phase===3)return`Fogo controlado: ${p.counter}/4. A pessoa da mangueira deve aplicar água até zerar o risco.`;
if,32-cooperative-missions.js,5544,if(record.type==='firefighter'&&p.phase>=4)return'A pessoa de apoio deve isolar e liberar a área.';
if,32-cooperative-missions.js,5545,if(record.type==='paramedic'&&p.phase===4)return'Leve a maca até a ambulância e use AÇÃO para acomodar o paciente.';
if,32-cooperative-missions.js,5546,if(record.type==='paramedic'&&p.phase>=5)return'O motorista deve levar a ambulância ao ponto médico marcado.';
if,32-cooperative-missions.js,5547,if(record.type==='police'&&p.phase>=4)return'Acompanhe o personagem com calma até a viatura marcada.';
if,32-cooperative-missions.js,5548,if(record.type==='fishing'&&p.phase===1)return`Equipe: ${p.counter}/6 peixes. Pesque junto com os outros jogadores.`;
if,32-cooperative-missions.js,5549,if(record.type==='fishing'&&p.phase>=2)return`Equipe: ${p.counter}/3 peixes assados. Vá à fogueira.`;
if,32-cooperative-missions.js,5550,if(record.type==='school')return`Alunos levados: ${p.counter}/4. Convide um personagem e conduza-o até a escola.`;
if,32-cooperative-missions.js,5551,"if(record.type==='streetRace')return active.race?.started?`${record.mode==='competitive'?'Seus checkpoints':'Checkpoints da equipe'}: ${record.mode==='competitive'?coopIndividualCount(record,'street-checkpoint'):p.counter}/4. Siga o próximo marcador na ordem.`:'Vá à largada e use AÇÃO para iniciar a corrida.';"
if,32-cooperative-missions.js,5552,"if(record.type==='ovalRace')return active.race?.started?`${record.mode==='competitive'?'Suas voltas':'Voltas da equipe'}: ${record.mode==='competitive'?coopIndividualCount(record,'oval-lap'):p.counter}/3. Passe pelos quatro setores na ordem.`:'Vá à linha de largada e use AÇÃO para iniciar as voltas.';"
if,32-cooperative-missions.js,5555,"function coopMissionProgressLabel(){const active=activeCoopMission(),record=activeCoopRecord();if(!active||!record)return null;const template=coopMissionTemplate(record.type),p=coopProgress(record),total=Math.max(1,template.steps.length),percent=record.status==='completed'?100:clamp((p.phase/total)*100,4,96);return{title:`${template.icon} ${template.title}`,label:coopCurrentInstruction(active,record),percent};}"
if,32-cooperative-missions.js,5557,"const active=activeCoopMission(),template=coopMissionTemplate(record?.type);if(!active||!record||!template)return'';const p=coopProgress(record),participants=coopParticipants(record),own=coopOwnParticipant(record),steps=template.steps.map((text,index)=>`<li class=""${index<p.phase?'done':index===p.phase?'current':''}""><i>${index<p.phase?'✓':index+1}</i><span>${text}</span></li>`).join(''),isRace=['streetRace','ovalRace'].includes(record.type),standings=isRace?coopRaceStandings(record):[],raceMark"
if,32-cooperative-missions.js,5561,"async function coopBackendCall(name,...args){const fn=window.OTTHOS_RTDB?.[name];if(typeof fn!=='function')return{ok:false,error:'O multiplayer cooperativo ainda não está pronto.'};try{return await fn(...args);}catch(error){return{ok:false,error:error?.message||String(error)}}}"
catch,32-cooperative-missions.js,5561,"async function coopBackendCall(name,...args){const fn=window.OTTHOS_RTDB?.[name];if(typeof fn!=='function')return{ok:false,error:'O multiplayer cooperativo ainda não está pronto.'};try{return await fn(...args);}catch(error){return{ok:false,error:error?.message||String(error)}}}"
if,32-cooperative-missions.js,5562,"function bindCoopActionButton(button,handler){if(!button||typeof handler!=='function')return;button.addEventListener('click',async()=>{if(button.dataset.coopBusy==='1')return;button.dataset.coopBusy='1';button.disabled=true;try{await handler(button);}finally{if(button.isConnected){delete button.dataset.coopBusy;button.disabled=false;}}});}"
if,32-cooperative-missions.js,5568,"ensureCooperativeState();if(state.cooperative.active){toast('Conclua ou saia da missão cooperativa atual.','warn');return false;}if(state.career?.activeJob){toast('Conclua ou cancele o trabalho atual antes de iniciar uma missão cooperativa.','warn',2600);return false;}const template=coopMissionTemplate(templateId);if(!template)return false;const preflight=coopMissionPreflight(template.id);if(!preflight.ok){toast(`Missão indisponível: ${preflight.errors.join('; ')}.`,'bad',4200);return false;}con"
if,32-cooperative-missions.js,5569,"if(mode!=='solo'&&window.OTTHOS_RTDB?.connected?.()){const target=template.id==='fishing'?6:template.id==='school'?4:template.id==='streetRace'?4:template.id==='ovalRace'?3:template.id==='firefighter'?4:1,result=await coopBackendCall('createCoopMission',template.id,{title:template.title,icon:template.icon,minPlayers:template.minPlayers,maxPlayers:template.maxPlayers,role,target,mode});if(!result?.ok){if(coopPermissionDenied(result?.error)){record=coopLocalRecord(template,'solo',role);toast('O se"
else,32-cooperative-missions.js,5569,"if(mode!=='solo'&&window.OTTHOS_RTDB?.connected?.()){const target=template.id==='fishing'?6:template.id==='school'?4:template.id==='streetRace'?4:template.id==='ovalRace'?3:template.id==='firefighter'?4:1,result=await coopBackendCall('createCoopMission',template.id,{title:template.title,icon:template.icon,minPlayers:template.minPlayers,maxPlayers:template.maxPlayers,role,target,mode});if(!result?.ok){if(coopPermissionDenied(result?.error)){record=coopLocalRecord(template,'solo',role);toast('O se"
if,32-cooperative-missions.js,5573,"ensureCooperativeState();if(state.career?.activeJob||state.cooperative.active){toast('Finalize a missão atual antes de entrar em outra equipe.','warn');return false;}const result=await coopBackendCall('joinCoopMission',id,role);if(!result?.ok){if(coopPermissionDenied(result?.error)){const remote=coopRemoteMissions[id],template=coopMissionTemplate(remote?.type);if(template){toast('A entrada online foi recusada pelas regras antigas. Abrindo a versão solo equivalente.','warn',3800);return createCoo"
if,32-cooperative-missions.js,5575,"async function selectCoopRole(role){const active=activeCoopMission(),record=activeCoopRecord(),template=coopMissionTemplate(record?.type);if(!active||!template||!template.roles.some(item=>item[0]===role))return false;if(coopRoleTaken(record,role)>=coopRoleCapacity(template,role)){toast('Essa função já está ocupada. Escolha outra função da equipe.','warn');return false;}if(active.remote){const result=await coopBackendCall('updateCoopParticipant',active.id,{role});if(!result?.ok){toast(result?.err"
else,32-cooperative-missions.js,5575,"async function selectCoopRole(role){const active=activeCoopMission(),record=activeCoopRecord(),template=coopMissionTemplate(record?.type);if(!active||!template||!template.roles.some(item=>item[0]===role))return false;if(coopRoleTaken(record,role)>=coopRoleCapacity(template,role)){toast('Essa função já está ocupada. Escolha outra função da equipe.','warn');return false;}if(active.remote){const result=await coopBackendCall('updateCoopParticipant',active.id,{role});if(!result?.ok){toast(result?.err"
if,32-cooperative-missions.js,5576,"async function toggleCoopReady(){const active=activeCoopMission(),record=activeCoopRecord(),own=coopOwnParticipant(record);if(!active||!own)return false;const ready=!own.ready;if(active.remote){const result=await coopBackendCall('updateCoopParticipant',active.id,{ready});if(!result?.ok){toast(result?.error||'Não foi possível atualizar o estado da equipe.','warn');return false;}own.ready=ready;}else active.record.participants[coopUid()].ready=ready;openCoopLobby(active.id);return true;}"
else,32-cooperative-missions.js,5576,"async function toggleCoopReady(){const active=activeCoopMission(),record=activeCoopRecord(),own=coopOwnParticipant(record);if(!active||!own)return false;const ready=!own.ready;if(active.remote){const result=await coopBackendCall('updateCoopParticipant',active.id,{ready});if(!result?.ok){toast(result?.error||'Não foi possível atualizar o estado da equipe.','warn');return false;}own.ready=ready;}else active.record.participants[coopUid()].ready=ready;openCoopLobby(active.id);return true;}"
if,32-cooperative-missions.js,5577,"async function startActiveCoopMission(forceSolo=false){const active=activeCoopMission(),record=activeCoopRecord();if(!active||!record)return false;const preflight=coopMissionPreflight(record.type);if(!preflight.ok){toast(`A missão não pode iniciar: ${preflight.errors.join('; ')}.`,'bad',4200);return false;}const participants=coopParticipants(record),isHost=record.hostUid===coopUid();if(!isHost&&active.remote){toast('Aguarde quem criou a equipe iniciar.','warn');return false;}if(!forceSolo&&parti"
else,32-cooperative-missions.js,5577,"async function startActiveCoopMission(forceSolo=false){const active=activeCoopMission(),record=activeCoopRecord();if(!active||!record)return false;const preflight=coopMissionPreflight(record.type);if(!preflight.ok){toast(`A missão não pode iniciar: ${preflight.errors.join('; ')}.`,'bad',4200);return false;}const participants=coopParticipants(record),isHost=record.hostUid===coopUid();if(!isHost&&active.remote){toast('Aguarde quem criou a equipe iniciar.','warn');return false;}if(!forceSolo&&parti"
if,32-cooperative-missions.js,5578,if(forceSolo){record.mode='solo';if(!active.remote)active.record.mode='solo';}
if,32-cooperative-missions.js,5582,"const active=activeCoopMission(),record=activeCoopRecord();if(!active||!record||!active.remote)return false;"
if,32-cooperative-missions.js,5587,"const active=activeCoopMission(),record=activeCoopRecord();if(!active||!record||record.status!=='active')return;if(!active.previousUniform)active.previousUniform=state.avatar.uniform||'none';const template=coopMissionTemplate(record.type),kind=coopServiceKind(record.type);"
if,32-cooperative-missions.js,5588,"if(kind){active.serviceJob=active.serviceJob||{id:kind,title:template.title,icon:template.icon,instanceId:`coop-${active.id}`,cooperative:true,serviceVehicleId:'',serviceVehicleKind:kind,serviceVehicleBoarded:false,serviceVehicleArrived:false};reserveMissionServiceVehicle(active.serviceJob,{waypoint:true});active.sceneTarget=active.sceneTarget||coopSceneTarget(kind);equipJobUniform(kind);}"
if,32-cooperative-missions.js,5589,else if(record.type==='school')equipJobUniform('teacher');
else,32-cooperative-missions.js,5589,else if(record.type==='school')equipJobUniform('teacher');
if,32-cooperative-missions.js,5590,"else if(record.type==='fishing'){const fireId=`coop-fire-${String(active.id).replace(/[^A-Za-z0-9_-]/g,'').slice(-32)}`;let fire=world.campfires.find(item=>item.data?.id===fireId);if(!fire){const safe=safePointNear(-70,-62,{ignoreTraffic:true,allowWater:false,radius:1.2,distances:[0,1,2,3,4]});spawnCampfire({id:fireId,ownerId:state.profile.playerId,x:safe.x,z:safe.z,createdAt:Date.now(),expiresAt:Date.now()+60*60*1000,cooking:null},false);fire=world.campfires.find(item=>item.data?.id===fireId);}"
else,32-cooperative-missions.js,5590,"else if(record.type==='fishing'){const fireId=`coop-fire-${String(active.id).replace(/[^A-Za-z0-9_-]/g,'').slice(-32)}`;let fire=world.campfires.find(item=>item.data?.id===fireId);if(!fire){const safe=safePointNear(-70,-62,{ignoreTraffic:true,allowWater:false,radius:1.2,distances:[0,1,2,3,4]});spawnCampfire({id:fireId,ownerId:state.profile.playerId,x:safe.x,z:safe.z,createdAt:Date.now(),expiresAt:Date.now()+60*60*1000,cooking:null},false);fire=world.campfires.find(item=>item.data?.id===fireId);}"
if,32-cooperative-missions.js,5591,"else if(record.type==='streetRace'||record.type==='ovalRace'){state.avatar.uniform='sport';applyAvatarCustomization();active.race={...(active.race||{}),started:false,startedAt:0,checkpoints:0,lastCheckpoint:-1,expectedSector:1,angleTravel:0,laps:0};activateCoopRaceBots(record.type);}"
else,32-cooperative-missions.js,5591,"else if(record.type==='streetRace'||record.type==='ovalRace'){state.avatar.uniform='sport';applyAvatarCustomization();active.race={...(active.race||{}),started:false,startedAt:0,checkpoints:0,lastCheckpoint:-1,expectedSector:1,angleTravel:0,laps:0};activateCoopRaceBots(record.type);}"
if,32-cooperative-missions.js,5592,"const target=coopCurrentTarget(active,record);if(target)coopSetWaypoint(target);saveState(true);"
if,32-cooperative-missions.js,5594,"function coopSetWaypoint(target){if(!target)return;state.waypoint={id:`coop-${target.id||'target'}`,name:target.name||'Objetivo cooperativo',x:Number(target.x||0),z:Number(target.z||0),navX:Number(target.navX??target.x??0),navZ:Number(target.navZ??target.z??0),arrived:false};world.routePath=buildRoutePoints(player,state.waypoint);updateWaypointMarker();updateNavigation(0,true);}"
if,32-cooperative-missions.js,5595,"function onCoopServiceVehicleBoarded(vehicle,job){const active=activeCoopMission(),record=activeCoopRecord();if(!active||!record||active.serviceJob!==job)return;job.serviceVehicleBoarded=true;coopRecordEvent('driver-boarded','driver',1,1);active.sceneTarget=active.sceneTarget||coopSceneTarget(record.type);if(active.sceneTarget)coopSetWaypoint(active.sceneTarget);toast('Veículo correto. Leve a equipe ao ponto marcado.','good',2500);}"
if,32-cooperative-missions.js,5596,"async function coopRecordEvent(kind,role='',value=1,nextPhase=null){const active=activeCoopMission(),record=activeCoopRecord();if(!active||!record)return false;const id=`${coopUid().replace(/[^A-Za-z0-9_-]/g,'').slice(-24)}-${kind}-${Math.floor(Date.now()/1200)}`;if(active.remote){const result=await coopBackendCall('updateCoopMissionProgress',active.id,{eventId:id,kind,value,phase:nextPhase});return!!result?.ok;}const progress=active.record.progress||(active.record.progress={phase:0,counter:0,ta"
if,32-cooperative-missions.js,5597,"async function coopAddCounter(kind,amount=1,target=1,nextPhase=null){const active=activeCoopMission(),record=activeCoopRecord();if(!active)return false;const competitive=['streetRace','ovalRace'].includes(record?.type)&&record.mode==='competitive',counterDelta=competitive?0:amount;if(active.remote){const result=await coopBackendCall('updateCoopMissionProgress',active.id,{eventId:`${coopUid().slice(-12)}-${kind}-${Date.now()}`,kind,value:amount,counterDelta,target,phase:nextPhase});return!!result"
if,32-cooperative-missions.js,5599,"const active=activeCoopMission();if(!active)return{ok:false,eventOwner:''};const id=String(eventId||'').replace(/[^A-Za-z0-9_-]/g,'').slice(0,80);if(!id)return{ok:false,eventOwner:''};"
if,32-cooperative-missions.js,5600,"if(active.remote)return await coopBackendCall('updateCoopMissionProgress',active.id,{eventId:id,kind,value,reserveEvent:true,counterDelta:Number(options.counterDelta||0),target:options.target,phase:options.phase});"
if,32-cooperative-missions.js,5601,"const progress=active.record.progress||(active.record.progress={phase:0,counter:0,target:1,events:{}}),existing=progress.events[id];if(existing)return{ok:existing.uid===coopUid(),eventOwner:existing.uid,progress};"
if,32-cooperative-missions.js,5602,"progress.events[id]={uid:coopUid(),role:active.role,kind,value,createdAtClient:Date.now()};progress.counter=Math.max(0,Number(progress.counter||0)+Math.max(0,Number(options.counterDelta||0)));if(Number.isFinite(Number(options.target)))progress.target=Math.max(1,Number(options.target));if(Number.isFinite(Number(options.phase)))progress.phase=Math.max(Number(progress.phase||0),Number(options.phase));return{ok:true,eventOwner:coopUid(),progress};"
if,32-cooperative-missions.js,5604,"function coopNearbyParticipantCount(radius=7){const record=activeCoopRecord(),presence=window.OTTHOS_RTDB?.getPresence?.()||{};let count=1;for(const participant of coopParticipants(record)){if(participant.uid===coopUid())continue;const remote=presence[participant.uid];if(remote&&Math.hypot(player.x-Number(remote.x||0),player.z-Number(remote.z||0))<=radius)count++;}return count;}"
for,32-cooperative-missions.js,5604,"function coopNearbyParticipantCount(radius=7){const record=activeCoopRecord(),presence=window.OTTHOS_RTDB?.getPresence?.()||{};let count=1;for(const participant of coopParticipants(record)){if(participant.uid===coopUid())continue;const remote=presence[participant.uid];if(remote&&Math.hypot(player.x-Number(remote.x||0),player.z-Number(remote.z||0))<=radius)count++;}return count;}"
if,32-cooperative-missions.js,5606,"const active=activeCoopMission(),record=activeCoopRecord();if(!active||!record||record.status!=='active')return false;const type=record.type,p=coopProgress(record),role=coopOwnParticipant(record)?.role||active.role,target=coopCurrentTarget(active,record);if(target&&Math.hypot(player.x-(target.navX??target.x),player.z-(target.navZ??target.z))>6){toast('Chegue ao ponto marcado no GPS.','warn');return false;}"
if,32-cooperative-missions.js,5607,if(coopServiceKind(type)){
if,32-cooperative-missions.js,5608,"if(p.phase<1){toast(role==='driver'?'Entre no veículo reservado usando AÇÃO.':'Aguarde o motorista e entre como passageiro pelo menu do jogador online.','warn',2800);return false;}"
if,32-cooperative-missions.js,5609,"if(p.phase===1){toast('O motorista precisa estacionar no ponto marcado.','warn');return false;}"
if,32-cooperative-missions.js,5610,"if(type==='paramedic'&&p.phase>=5){toast('O motorista deve levar a ambulância até o ponto médico marcado.','warn');return false;}"
if,32-cooperative-missions.js,5611,"if(player.vehicle){toast('Estacione e saia do veículo para executar a tarefa.','warn');return false;}"
if,32-cooperative-missions.js,5612,if(type==='firefighter'){
if,32-cooperative-missions.js,5613,"if(p.counter<4){if(role!=='hose'&&record.mode!=='solo'){toast('Você está no apoio; a pessoa da mangueira deve controlar o fogo.','warn');return false;}const fire=active.sceneTarget?.ref||ensureActiveFire(true),next=Math.min(4,p.counter+1);if(fire)fire.coopIntensity=Math.max(.08,1-next/4);await coopAddCounter('water-pulse',1,4,3);if(next>=4)await coopRecordEvent('fire-controlled',role,1,4);toast(`Água aplicada. Intensidade do fogo: ${Math.max(0,Math.round((1-next/4)*100))}%.`,'good',2200);return "
if,32-cooperative-missions.js,5614,"if(role!=='rescuer'&&record.mode!=='solo'){toast('A pessoa de apoio precisa isolar e liberar a área.','warn');return false;}await coopRecordEvent('safety-release',role,1,5);toast('Área isolada, verificada e liberada com segurança.','good');return true;"
if,32-cooperative-missions.js,5616,if(type==='paramedic'){
if,32-cooperative-missions.js,5617,"if(!coopHasEvent('first-aid')){if(role!=='medic'&&record.mode!=='solo'){toast('O socorrista precisa atender o paciente primeiro.','warn');return false;}await coopRecordEvent('first-aid',role,1,3);player.sitUntil=performance.now()+1500;toast('Primeiros socorros feitos com cuidado.','good');return true;}"
if,32-cooperative-missions.js,5618,"if(!coopHasEvent('stretcher')){if(record.mode!=='solo'&&coopNearbyParticipantCount(5)<2){toast('A maca precisa de duas pessoas próximas. Chame outro integrante da equipe.','warn',2800);return false;}await coopRecordEvent('stretcher',role,1,4);toast('Maca carregada por duas pessoas. Leve o paciente até a ambulância.','good',2600);const vehicle=serviceMissionVehicle(active.serviceJob);if(vehicle)coopSetWaypoint({id:`service-${vehicle.id}`,name:'Colocar o paciente na ambulância',icon:'🚑',x:vehicle."
if,32-cooperative-missions.js,5619,"if(!coopHasEvent('patient-loaded')){await coopRecordEvent('patient-loaded',role,1,5);toast('Paciente acomodado com segurança. Motorista: siga até o ponto médico.','good',2800);coopSetWaypoint(coopMedicalDestination());return true;}"
if,32-cooperative-missions.js,5622,if(type==='police'){
if,32-cooperative-missions.js,5623,"if(!coopHasEvent('approach')){if(role!=='officer'&&record.mode!=='solo'){toast('O policial deve iniciar a abordagem educativa.','warn');return false;}await coopRecordEvent('approach',role,1,3);toast('Abordagem calma: converse antes de concluir.','good');return true;}"
if,32-cooperative-missions.js,5624,"if(!coopHasEvent('you-are-arrested')){const npc=active.sceneTarget?.ref;if(npc){npc.following=true;npc.emoteType='wave';npc.emoteUntil=performance.now()+1800;}await coopRecordEvent('you-are-arrested',role,1,4);toast('“Você está preso.” Agora acompanhe o personagem, sem armas ou agressões, até a viatura.','good',3200);const vehicle=serviceMissionVehicle(active.serviceJob);if(vehicle)coopSetWaypoint({id:`service-${vehicle.id}`,name:'Acompanhar até a viatura',icon:'🚓',x:vehicle.group.position.x,z:v"
if,32-cooperative-missions.js,5625,"const npc=active.sceneTarget?.ref;if(npc)npc.following=false;await coopRecordEvent('suspect-escorted',role,1,5);toast('Personagem acompanhado com segurança até a viatura.','good');return true;"
if,32-cooperative-missions.js,5628,if(type==='fishing'){
if,32-cooperative-missions.js,5629,"if(p.phase<1){await coopRecordEvent('at-lake',role,1,1);toast('Equipe reunida no lago. Comece a pescar.','good');return true;}"
if,32-cooperative-missions.js,5630,"if(p.phase===1){if(state.inventory.bait<1){toast('Você precisa de isca.','warn');return false;}startFishing('shore',{cooperative:true,requestId:active.id});return true;}"
if,32-cooperative-missions.js,5631,"if(Number(state.inventory.rawFish||0)<1){toast('A equipe precisa de peixe cru para assar.','warn');return false;}state.inventory.rawFish--;setTimeout(async()=>{state.inventory.cookedFish=(state.inventory.cookedFish||0)+1;saveState(true);await coopAddCounter('cooked-fish',1,3);toast('Peixe assado para a equipe!','good');},1800);toast('Peixe na grelha...','good');return true;"
if,32-cooperative-missions.js,5633,if(type==='school'){
if,32-cooperative-missions.js,5635,"if(follower){const school=coopNearestSchool();if(!school||Math.hypot(player.x-school.x,player.z-school.z)>8){toast('Conduza o aluno até a escola marcada.','warn');return false;}const result=await coopReserveEvent(coopEventSubjectId('student-delivered',follower.id),'student-delivered',1,{counterDelta:1,target:4,phase:4});if(!result?.ok||result.eventOwner!==coopUid()){active.followingNpcIds=active.followingNpcIds.filter(id=>id!==follower.id);follower.following=false;toast('Esse aluno já foi entreg"
if,32-cooperative-missions.js,5636,"const npc=coopNearestInvitableNpc(active);if(!npc||Math.hypot(player.x-npc.group.position.x,player.z-npc.group.position.z)>4){toast('Chegue perto de um personagem para convidá-lo.','warn');return false;}const result=await coopReserveEvent(coopEventSubjectId('student',npc.id),'student-invited',1);if(!result?.ok||result.eventOwner!==coopUid()){toast('Outro integrante acabou de convidar esse aluno. Procure o próximo marcador.','warn',2600);return false;}if(!active.invitedNpcIds.includes(npc.id))act"
if,32-cooperative-missions.js,5638,if(type==='streetRace'||type==='ovalRace'){
if,32-cooperative-missions.js,5639,"const race=active.race||(active.race={});if(!race.started){race.started=true;race.startedAt=Date.now();race.checkpoints=0;race.lastCheckpoint=-1;race.expectedSector=1;race.laps=0;race.lastSectorAt=0;await coopAdvancePhase(1,{counterSet:0,target:type==='ovalRace'?3:4});const next=coopCurrentTarget(active,activeCoopRecord());if(next)coopSetWaypoint(next);toast('3… 2… 1… valendo! Siga os marcadores na ordem.','good',2600);return true;}toast(coopCurrentInstruction(active,record),'good',1800);return "
if,32-cooperative-missions.js,5643,"function updateCoopFishingProgress(active,record){const p=coopProgress(record);if(record.type!=='fishing'||record.status!=='active')return;const caught=Math.max(0,Number(state.inventory.rawFish||0)-Number(active.baselineRawFish||0));if(p.phase===1&&caught>Number(active.reportedFish||0)){const delta=caught-Number(active.reportedFish||0);active.reportedFish=caught;coopAddCounter('fish-caught',delta,6).catch(()=>{});}const latest=coopProgress(activeCoopRecord());if(latest.phase===1&&latest.counter>"
catch,32-cooperative-missions.js,5643,"function updateCoopFishingProgress(active,record){const p=coopProgress(record);if(record.type!=='fishing'||record.status!=='active')return;const caught=Math.max(0,Number(state.inventory.rawFish||0)-Number(active.baselineRawFish||0));if(p.phase===1&&caught>Number(active.reportedFish||0)){const delta=caught-Number(active.reportedFish||0);active.reportedFish=caught;coopAddCounter('fish-caught',delta,6).catch(()=>{});}const latest=coopProgress(activeCoopRecord());if(latest.phase===1&&latest.counter>"
if,32-cooperative-missions.js,5644,"function updateCoopSchoolFollowers(active){active.followingNpcIds=[...new Set(active.followingNpcIds||[])];for(const id of active.followingNpcIds){const npc=world.npcs.find(n=>n.id===id);if(!npc)continue;npc.following=true;const distance=Math.hypot(player.x-npc.group.position.x,player.z-npc.group.position.z);if(!Number.isFinite(distance)||distance>22){npc.group.position.set(player.x-1.4,0,player.z-1.4);npc.baseX=player.x-1.4;npc.baseZ=player.z-1.4;}}}"
for,32-cooperative-missions.js,5644,"function updateCoopSchoolFollowers(active){active.followingNpcIds=[...new Set(active.followingNpcIds||[])];for(const id of active.followingNpcIds){const npc=world.npcs.find(n=>n.id===id);if(!npc)continue;npc.following=true;const distance=Math.hypot(player.x-npc.group.position.x,player.z-npc.group.position.z);if(!Number.isFinite(distance)||distance>22){npc.group.position.set(player.x-1.4,0,player.z-1.4);npc.baseX=player.x-1.4;npc.baseZ=player.z-1.4;}}}"
if,32-cooperative-missions.js,5645,"function activateCoopRaceBots(type){coopRaceBots.forEach((bot,index)=>{bot.group.visible=true;bot.coopRaceMode=type;bot.coopRaceIndex=index;bot.coopRaceLane=index%3;bot.coopRaceT=0;bot.coopRaceFinished=false;bot.coopRaceSpeed=.055+index*.004;if(type==='streetRace'){const start=coopStreetRoutePoint(0,(Number(bot.coopRaceLane||0)-1)*.78);bot.group.position.set(start.x,0,start.z);bot.group.rotation.y=start.heading;}});}"
for,32-cooperative-missions.js,5646,function deactivateCoopRaceBots(){for(const bot of coopRaceBots){bot.coopRaceMode='';bot.coopRaceFinished=false;bot.coopRaceT=0;bot.group.visible=false;}}
if,32-cooperative-missions.js,5647,"function updateCoopRaceVisuals(dt){const active=activeCoopMission(),record=activeCoopRecord();if(!active||!record||!['streetRace','ovalRace'].includes(record.type)||record.status!=='active')return;for(const bot of coopRaceBots){if(!bot.coopRaceMode)continue;const nearPlayer=Math.hypot(player.x-bot.group.position.x,player.z-bot.group.position.z)<1.8,pace=nearPlayer?.55:1;if(record.type==='ovalRace'){bot.coopRaceT=(bot.coopRaceT+dt*bot.coopRaceSpeed*pace)%1;const a=bot.coopRaceT*Math.PI*2,rx=23.7+"
else,32-cooperative-missions.js,5647,"function updateCoopRaceVisuals(dt){const active=activeCoopMission(),record=activeCoopRecord();if(!active||!record||!['streetRace','ovalRace'].includes(record.type)||record.status!=='active')return;for(const bot of coopRaceBots){if(!bot.coopRaceMode)continue;const nearPlayer=Math.hypot(player.x-bot.group.position.x,player.z-bot.group.position.z)<1.8,pace=nearPlayer?.55:1;if(record.type==='ovalRace'){bot.coopRaceT=(bot.coopRaceT+dt*bot.coopRaceSpeed*pace)%1;const a=bot.coopRaceT*Math.PI*2,rx=23.7+"
for,32-cooperative-missions.js,5647,"function updateCoopRaceVisuals(dt){const active=activeCoopMission(),record=activeCoopRecord();if(!active||!record||!['streetRace','ovalRace'].includes(record.type)||record.status!=='active')return;for(const bot of coopRaceBots){if(!bot.coopRaceMode)continue;const nearPlayer=Math.hypot(player.x-bot.group.position.x,player.z-bot.group.position.z)<1.8,pace=nearPlayer?.55:1;if(record.type==='ovalRace'){bot.coopRaceT=(bot.coopRaceT+dt*bot.coopRaceSpeed*pace)%1;const a=bot.coopRaceT*Math.PI*2,rx=23.7+"
if,32-cooperative-missions.js,5650,"const p=coopProgress(record),race=active.race||(active.race={started:false,checkpoints:0,lastCheckpoint:-1,expectedSector:1,laps:0});if(!race.started)return;"
if,32-cooperative-missions.js,5651,if(record.type==='streetRace'){
if,32-cooperative-missions.js,5653,"if(point&&Math.hypot(player.x-point.x,player.z-point.z)<4.2&&race.lastCheckpoint!==nextIndex){race.lastCheckpoint=nextIndex;race.checkpoints=nextIndex;coopAddCounter('street-checkpoint',1,4).catch(()=>{});toast(`Checkpoint ${race.checkpoints}/4 validado.`,'good');const next=coopCurrentTarget(active,activeCoopRecord());if(race.checkpoints<4&&next)coopSetWaypoint(next);}"
catch,32-cooperative-missions.js,5653,"if(point&&Math.hypot(player.x-point.x,player.z-point.z)<4.2&&race.lastCheckpoint!==nextIndex){race.lastCheckpoint=nextIndex;race.checkpoints=nextIndex;coopAddCounter('street-checkpoint',1,4).catch(()=>{});toast(`Checkpoint ${race.checkpoints}/4 validado.`,'good');const next=coopCurrentTarget(active,activeCoopRecord());if(race.checkpoints<4&&next)coopSetWaypoint(next);}"
else,32-cooperative-missions.js,5654,}else{
if,32-cooperative-missions.js,5656,"if(sector&&Math.hypot(player.x-sector.x,player.z-sector.z)<3.7&&Date.now()-Number(race.lastSectorAt||0)>700){race.lastSectorAt=Date.now();race.expectedSector=(index+1)%4;if(race.expectedSector===1&&index===0){race.laps++;coopAddCounter('oval-lap',1,3).catch(()=>{});toast(`Volta ${race.laps}/3 validada pelos quatro setores.`,'good');}}"
catch,32-cooperative-missions.js,5656,"if(sector&&Math.hypot(player.x-sector.x,player.z-sector.z)<3.7&&Date.now()-Number(race.lastSectorAt||0)>700){race.lastSectorAt=Date.now();race.expectedSector=(index+1)%4;if(race.expectedSector===1&&index===0){race.laps++;coopAddCounter('oval-lap',1,3).catch(()=>{});toast(`Volta ${race.laps}/3 validada pelos quatro setores.`,'good');}}"
if,32-cooperative-missions.js,5658,if(coopRaceTargetReached(activeCoopRecord()))coopAdvancePhase(coopMissionTemplate(record.type).steps.length);
if,32-cooperative-missions.js,5660,"async function coopAdvancePhase(phase,options={}){const active=activeCoopMission();if(!active)return false;const patch={phase,...options};if(active.remote){const result=await coopBackendCall('updateCoopMissionProgress',active.id,patch);return!!result?.ok;}const progress=active.record.progress||(active.record.progress={phase:0,counter:0,target:1,events:{}});progress.phase=Math.max(Number(progress.phase||0),Number(phase||0));if(Number.isFinite(Number(options.counterSet)))progress.counter=Math.max("
if,32-cooperative-missions.js,5661,"async function maybeCompleteCoopMission(){const active=activeCoopMission(),record=activeCoopRecord();if(!active||!record||record.status!=='active')return;const template=coopMissionTemplate(record.type),p=coopProgress(record);let done=p.phase>=template.steps.length;"
if,32-cooperative-missions.js,5662,if(record.type==='firefighter')done=p.counter>=4&&coopHasEvent('fire-controlled')&&coopHasEvent('safety-release');
if,32-cooperative-missions.js,5663,else if(record.type==='paramedic')done=coopHasEvent('first-aid')&&coopHasEvent('stretcher')&&coopHasEvent('patient-loaded')&&coopHasEvent('patient-delivered');
else,32-cooperative-missions.js,5663,else if(record.type==='paramedic')done=coopHasEvent('first-aid')&&coopHasEvent('stretcher')&&coopHasEvent('patient-loaded')&&coopHasEvent('patient-delivered');
if,32-cooperative-missions.js,5664,else if(record.type==='police')done=coopHasEvent('approach')&&coopHasEvent('you-are-arrested')&&coopHasEvent('suspect-escorted');
else,32-cooperative-missions.js,5664,else if(record.type==='police')done=coopHasEvent('approach')&&coopHasEvent('you-are-arrested')&&coopHasEvent('suspect-escorted');
if,32-cooperative-missions.js,5665,else if(record.type==='fishing')done=p.phase>=2&&p.counter>=3;
else,32-cooperative-missions.js,5665,else if(record.type==='fishing')done=p.phase>=2&&p.counter>=3;
if,32-cooperative-missions.js,5666,else if(record.type==='school')done=p.counter>=4;
else,32-cooperative-missions.js,5666,else if(record.type==='school')done=p.counter>=4;
if,32-cooperative-missions.js,5667,else if(record.type==='streetRace'||record.type==='ovalRace')done=coopRaceTargetReached(record);
else,32-cooperative-missions.js,5667,else if(record.type==='streetRace'||record.type==='ovalRace')done=coopRaceTargetReached(record);
if,32-cooperative-missions.js,5668,"if(!done||active.completionPending)return;active.completionPending=true;if(active.remote){if(record.hostUid===coopUid()){const result=await coopBackendCall('setCoopMissionStatus',active.id,'completed');if(!result?.ok)active.completionPending=false;}else active.completionPending=false;}else{active.record.status='completed';completeCoopMissionLocal(active.record);}}"
else,32-cooperative-missions.js,5668,"if(!done||active.completionPending)return;active.completionPending=true;if(active.remote){if(record.hostUid===coopUid()){const result=await coopBackendCall('setCoopMissionStatus',active.id,'completed');if(!result?.ok)active.completionPending=false;}else active.completionPending=false;}else{active.record.status='completed';completeCoopMissionLocal(active.record);}}"
if,32-cooperative-missions.js,5669,function removeCoopCampfire(active=activeCoopMission()){const id=active?.coopCampfireId;if(!id)return;const record=world.campfires.find(item=>item.data?.id===id);if(record){record.interactable&&(record.interactable.disabled=true);worldGroup?.remove(record.group);world.campfires=world.campfires.filter(item=>item!==record);}active.coopCampfireId='';}
if,32-cooperative-missions.js,5670,"function resolveCoopMissionScene(active=activeCoopMission(),record=activeCoopRecord(),completed=true){const scene=active?.sceneTarget?.ref;if(record?.type==='firefighter'&&scene?.active){scene.coopMissionId='';if(completed)extinguishFireIncident(scene,true);else{scene.active=false;scene.group.visible=false;scene.playerHelping=false;scene.truckHelping=false;for(const truck of world.fireTrucks||[])if(truck.targetFireId===scene.id){truck.targetFireId='';truck.serviceRoute=[];truck.serviceRouteIndex"
else,32-cooperative-missions.js,5670,"function resolveCoopMissionScene(active=activeCoopMission(),record=activeCoopRecord(),completed=true){const scene=active?.sceneTarget?.ref;if(record?.type==='firefighter'&&scene?.active){scene.coopMissionId='';if(completed)extinguishFireIncident(scene,true);else{scene.active=false;scene.group.visible=false;scene.playerHelping=false;scene.truckHelping=false;for(const truck of world.fireTrucks||[])if(truck.targetFireId===scene.id){truck.targetFireId='';truck.serviceRoute=[];truck.serviceRouteIndex"
for,32-cooperative-missions.js,5670,"function resolveCoopMissionScene(active=activeCoopMission(),record=activeCoopRecord(),completed=true){const scene=active?.sceneTarget?.ref;if(record?.type==='firefighter'&&scene?.active){scene.coopMissionId='';if(completed)extinguishFireIncident(scene,true);else{scene.active=false;scene.group.visible=false;scene.playerHelping=false;scene.truckHelping=false;for(const truck of world.fireTrucks||[])if(truck.targetFireId===scene.id){truck.targetFireId='';truck.serviceRoute=[];truck.serviceRouteIndex"
if,32-cooperative-missions.js,5671,function resetCoopMissionNpcs(active=activeCoopMission()){for(const npc of world.npcs||[]){if(!npc)continue;if(active?.followingNpcIds?.includes(npc.id)||active?.invitedNpcIds?.includes(npc.id)||active?.deliveredNpcIds?.includes(npc.id)||npc.coopSchoolDelivered){npc.following=false;npc.coopSchoolDelivered=false;if(npc.group)npc.group.visible=npc.coopRaceBot?false:true;}}}
for,32-cooperative-missions.js,5671,function resetCoopMissionNpcs(active=activeCoopMission()){for(const npc of world.npcs||[]){if(!npc)continue;if(active?.followingNpcIds?.includes(npc.id)||active?.invitedNpcIds?.includes(npc.id)||active?.deliveredNpcIds?.includes(npc.id)||npc.coopSchoolDelivered){npc.following=false;npc.coopSchoolDelivered=false;if(npc.group)npc.group.visible=npc.coopRaceBot?false:true;}}}
if,32-cooperative-missions.js,5673,"const active=activeCoopMission(),template=coopMissionTemplate(record?.type);if(!active||!template)return false;const token=`coop-${active.id}`;if(state.cooperative.completed.includes(token)){state.cooperative.active=null;return false;}state.cooperative.completed.push(token);state.cooperative.completed=state.cooperative.completed.slice(-100);state.cooperative.history.push({id:token,type:record.type,title:template.title,completedAt:Date.now(),participants:coopParticipants(record).length});state.co"
if,32-cooperative-missions.js,5675,"async function leaveActiveCoopMission(){const active=activeCoopMission(),record=activeCoopRecord();if(!active)return;if(!(await confirmModal('Sair da missão','A missão será encerrada somente para você; as etapas sincronizadas não serão corrompidas.','Sair','Continuar')))return;if(active.remote){if(record?.hostUid===coopUid())await coopBackendCall('setCoopMissionStatus',active.id,'cancelled');await coopBackendCall('leaveCoopMission',active.id);}resolveCoopMissionScene(active,record,false);removeC"
if,32-cooperative-missions.js,5677,"const active=activeCoopMission(),record=active?.id===id?activeCoopRecord():coopRemoteMissions[id];if(!record)return openCoopMissionCenter();"
if,32-cooperative-missions.js,5681,"openModal('Equipe da missão',`<div class=""coop-lobby""><header><span>${template.icon}</span><div><small>${modeLabel}</small><h3>${template.title}</h3><p>${template.description}</p></div></header>${offline?'<p class=""coop-offline-alert"">Conexão perdida. O progresso sincronizado foi preservado; você pode aguardar a reconexão ou continuar uma cópia solo.</p>':''}<section class=""coop-lobby-members""><b>Equipe ${participants.length}/${record.maxPlayers}</b>${participants.map(item=>`<article><span>${ite"
if,32-cooperative-missions.js,5687,"openModal('Missões cooperativas',`${active?`${coopMissionBriefingMarkup()}<div class=""modal-actions""><button class=""btn primary"" data-open-active-coop>Abrir missão</button><button class=""btn"" data-coop-gps>Marcar próximo passo no GPS</button></div>`:''}<section class=""coop-center-intro""><span>🤝</span><div><h3>Objetivos para jogar junto</h3><p>Papéis definidos, progresso sincronizado, entrada voluntária e alternativa solo quando faltarem parceiros.</p></div></section><h3 class=""panel-subtitle"">Eq"
if,32-cooperative-missions.js,5692,if(!world.gym&&typeof createSportsComplexV704==='function')createSportsComplexV704();
if,32-cooperative-missions.js,5698,"for(let i=0;i<5;i++){const bot=createNPC(`track-bot-${i}`,`Atleta ${i+1}`,gym.centerX-4+i*2,gym.centerZ+5,0x55a8ff,0);bot.coopRaceBot=true;bot.coopRaceMode='';bot.group.visible=false;const interaction=(world.interactables||[]).find(item=>item.id===`npc-track-bot-${i}`);if(interaction)interaction.available=()=>bot.group.visible;coopRaceBots.push(bot);}"
for,32-cooperative-missions.js,5698,"for(let i=0;i<5;i++){const bot=createNPC(`track-bot-${i}`,`Atleta ${i+1}`,gym.centerX-4+i*2,gym.centerZ+5,0x55a8ff,0);bot.coopRaceBot=true;bot.coopRaceMode='';bot.group.visible=false;const interaction=(world.interactables||[]).find(item=>item.id===`npc-track-bot-${i}`);if(interaction)interaction.available=()=>bot.group.visible;coopRaceBots.push(bot);}"
if,32-cooperative-missions.js,5699,"addEventListener('otthi:coop-missions',event=>{coopRemoteMissions={...(event.detail?.missions||{})};const active=activeCoopMission();if(active?.remote&&coopRemoteMissions[active.id]){active.record=coopRemoteMissions[active.id];if(active.record.status==='active'&&!active.runtimePrepared){active.runtimePrepared=true;prepareCoopMissionRuntime();}if(active.record.status==='completed')completeCoopMissionLocal(active.record);updateMissionHUD();}else if(!active){const waiting=Object.values(coopRemoteMi"
else,32-cooperative-missions.js,5699,"addEventListener('otthi:coop-missions',event=>{coopRemoteMissions={...(event.detail?.missions||{})};const active=activeCoopMission();if(active?.remote&&coopRemoteMissions[active.id]){active.record=coopRemoteMissions[active.id];if(active.record.status==='active'&&!active.runtimePrepared){active.runtimePrepared=true;prepareCoopMissionRuntime();}if(active.record.status==='completed')completeCoopMissionLocal(active.record);updateMissionHUD();}else if(!active){const waiting=Object.values(coopRemoteMi"
if,32-cooperative-missions.js,5701,"function updateCoopMissions(dt=0){const active=activeCoopMission(),record=activeCoopRecord();if(!active||!record)return;if(record.status==='lobby')return;if(record.status==='completed'){completeCoopMissionLocal(record);return;}if(record.status==='cancelled'){resolveCoopMissionScene(active,record,false);removeCoopCampfire(active);if(active.serviceJob)releaseMissionServiceVehicle(active.serviceJob);resetCoopMissionNpcs(active);deactivateCoopRaceBots();state.avatar.uniform=active.previousUniform||'"
if,32-cooperative-missions.js,5702,"updateCoopSchoolFollowers(active);updateCoopFishingProgress(active,record);if(record.type==='streetRace'||record.type==='ovalRace')updateCoopRaceProgress(active,record);"
if,32-cooperative-missions.js,5703,"if(coopServiceKind(record.type)&&active.serviceJob?.serviceVehicleBoarded&&!active.serviceJob.serviceVehicleArrived&&active.sceneTarget){const d=Math.hypot(player.x-(active.sceneTarget.navX??active.sceneTarget.x),player.z-(active.sceneTarget.navZ??active.sceneTarget.z));if(isDrivingServiceVehicle(record.type)&&d<6){active.serviceJob.serviceVehicleArrived=true;coopRecordEvent('vehicle-arrived','driver',1,2).catch(()=>{});toast('Veículo posicionado. Estacione, saia e cumpra sua função.','good',280"
catch,32-cooperative-missions.js,5703,"if(coopServiceKind(record.type)&&active.serviceJob?.serviceVehicleBoarded&&!active.serviceJob.serviceVehicleArrived&&active.sceneTarget){const d=Math.hypot(player.x-(active.sceneTarget.navX??active.sceneTarget.x),player.z-(active.sceneTarget.navZ??active.sceneTarget.z));if(isDrivingServiceVehicle(record.type)&&d<6){active.serviceJob.serviceVehicleArrived=true;coopRecordEvent('vehicle-arrived','driver',1,2).catch(()=>{});toast('Veículo posicionado. Estacione, saia e cumpra sua função.','good',280"
if,32-cooperative-missions.js,5704,"const p=coopProgress(record);if(record.type==='firefighter'&&active.sceneTarget?.ref)active.sceneTarget.ref.coopIntensity=Math.max(.08,1-Math.min(4,p.counter)/4);"
if,32-cooperative-missions.js,5705,"if(record.type==='paramedic'&&p.phase>=5&&!coopHasEvent('patient-delivered')&&!active.patientDeliveryPending){const destination=coopMedicalDestination(),d=Math.hypot(player.x-(destination.navX??destination.x),player.z-(destination.navZ??destination.z));if(isDrivingServiceVehicle('paramedic')&&d<7){active.patientDeliveryPending=true;coopRecordEvent('patient-delivered','driver',1,6).then(()=>{toast('Paciente entregue com segurança no ponto médico.','good',2800);}).finally(()=>{active.patientDelive"
if,32-cooperative-missions.js,5706,maybeCompleteCoopMission().catch(()=>{});const label=coopMissionProgressLabel();if(label&&updateCoopMissions.lastLabel!==label.label){updateCoopMissions.lastLabel=label.label;updateMissionHUD();}const now=Date.now();if(now-Number(updateCoopMissions.lastSavedAt||0)>2500){updateCoopMissions.lastSavedAt=now;saveState();}
catch,32-cooperative-missions.js,5706,maybeCompleteCoopMission().catch(()=>{});const label=coopMissionProgressLabel();if(label&&updateCoopMissions.lastLabel!==label.label){updateCoopMissions.lastLabel=label.label;updateMissionHUD();}const now=Date.now();if(now-Number(updateCoopMissions.lastSavedAt||0)>2500){updateCoopMissions.lastSavedAt=now;saveState();}
if,25-render-init-resize-position-collision.js,4496,"if(!window.THREE){openModal('Erro ao carregar 3D','<p>A biblioteca Three.js não carregou. Verifique a internet e recarregue a página.</p>');return false;}"
for,25-render-init-resize-position-collision.js,4502,"createPlayerModel();playerModel.position.y=playerModel.userData.baseY;applyAvatarCustomization();buildWorld();restoreActiveJobRuntime();reconcileCloudHouses();lockStableSceneVisibility();freezeWorldFrustumCulling();restorePosition();initLocalMultiplayer();for(const [remoteUid,data] of remotePresence)remotePlayerEvent({uid:remoteUid,...data});applyQuality();applyAdaptiveRenderSettings(true);resize(true);return true;"
if,25-render-init-resize-position-collision.js,4504,function applyQuality(){ if(!renderer)return;applyAdaptiveRenderSettings(); }
if,25-render-init-resize-position-collision.js,4521,"if(renderer&&camera&&(sizeChanged||force||orientationChanged)){camera.aspect=w/h;camera.updateProjectionMatrix();renderer.setPixelRatio(Math.min(devicePixelRatio||1,targetDpr()));renderer.setSize(w,h,false);perf.lastRenderW=w;perf.lastRenderH=h;}"
if,25-render-init-resize-position-collision.js,4523,"if(orientationChanged){clearMovementInputs();state.ui.quickOpen=false;state.ui.skillsOpen=false;state.ui.needsOpen=false;state.ui.missionOpen=false;els.game?.classList.remove('needs-expanded');els.missionCard?.classList.remove('expanded');document.body.classList.add('ui-orientation-changing');setTimeout(()=>document.body.classList.remove('ui-orientation-changing'),360);}"
if,25-render-init-resize-position-collision.js,4535,if(classLandscape!==metrics.landscape||bufferMismatch){window.OTTHI_VIEWPORT?.measure?.();resize(true);return true;}return false;
if,25-render-init-resize-position-collision.js,4540,"window.addEventListener('resize',()=>scheduleStableResize(50,true),{passive:true});window.addEventListener('orientationchange',refreshOrientationLayout,{passive:true});window.addEventListener('pageshow',refreshOrientationLayout,{passive:true});window.addEventListener('focus',()=>scheduleStableResize(30,true),{passive:true});document.addEventListener('fullscreenchange',refreshOrientationLayout,{passive:true});if(window.visualViewport){window.visualViewport.addEventListener('resize',()=>scheduleSt"
if,25-render-init-resize-position-collision.js,4545,"if(Math.abs(x)>110||Math.abs(z)>110||isInsideLakeNavigable(x,z)){x=0;z=8;state.boats.activeBoatId='';state.boats.passengerOf='';}"
if,25-render-init-resize-position-collision.js,4549,if(player.boating){player.x=-24.7;player.z=52;exitBoat(true);}
if,25-render-init-resize-position-collision.js,4550,if(player.vehicle)exitVehicle(true);
if,25-render-init-resize-position-collision.js,4551,"if(player.transit.mode==='bus'){const bus=world.buses.find(b=>b.id===player.transit.busId);if(bus&&busAtStop(bus))exitBusAtStop(bus,{stopId:bus.lastStopId,stopName:bus.lastStopName});else{player.transit.mode='';player.transit.busId='';}}"
else,25-render-init-resize-position-collision.js,4551,"if(player.transit.mode==='bus'){const bus=world.buses.find(b=>b.id===player.transit.busId);if(bus&&busAtStop(bus))exitBusAtStop(bus,{stopId:bus.lastStopId,stopName:bus.lastStopName});else{player.transit.mode='';player.transit.busId='';}}"
if,25-render-init-resize-position-collision.js,4552,"if(player.transit.mode==='metro'){player.transit.mode='';player.transit.metroUntil=0;if(metroOverlay){metroOverlay.hidden=true;metroOverlay.classList.remove('travelling','arriving');}if(playerModel)playerModel.visible=true;if(avatarLayer)avatarLayer.visible=true;if(contactShadow)contactShadow.visible=true;}"
if,25-render-init-resize-position-collision.js,4553,"if(currentHouse)exitHouse();const safe=safePointNear(0,23,{ignoreTraffic:true,allowWater:false});player.x=safe.x;player.z=safe.z;player.y=safe.y;player.vx=player.vz=player.vy=0;player.grounded=true;cameraYaw=Math.PI;rememberSafePlayerPosition(true);auditPlayerMode('return-home');toast('Você voltou para casa.','good');savePlayerPosition(true);"
if,25-render-init-resize-position-collision.js,4556,"if(player.boating&&player.boat)state.boats.lastPosition={x:+player.x.toFixed(2),z:+player.z.toFixed(2),heading:+player.boat.heading.toFixed(3)};"
if,25-render-init-resize-position-collision.js,4560,"if(Number.isFinite(x)&&Number.isFinite(z)&&!isInsideLakeNavigable(x,z))state.position={x:+x.toFixed(2),y:+Number(y||0).toFixed(2),z:+z.toFixed(2),yaw:+Number(yaw||0).toFixed(3)};"
if,25-render-init-resize-position-collision.js,4563,"const autoSaveInterval=setInterval(()=>{if(running){savePlayerPosition(true);}},8000);"
if,25-render-init-resize-position-collision.js,4564,"window.addEventListener('pagehide',()=>{if(running)savePlayerPosition(true);else commitState();});"
else,25-render-init-resize-position-collision.js,4564,"window.addEventListener('pagehide',()=>{if(running)savePlayerPosition(true);else commitState();});"
if,25-render-init-resize-position-collision.js,4565,"window.addEventListener('beforeunload',()=>{if(running)savePlayerPosition(true);else commitState();});"
else,25-render-init-resize-position-collision.js,4565,"window.addEventListener('beforeunload',()=>{if(running)savePlayerPosition(true);else commitState();});"
if,25-render-init-resize-position-collision.js,4566,"document.addEventListener('visibilitychange',()=>{if(document.visibilityState==='hidden'){if(running)savePlayerPosition(true);else commitState();}});"
else,25-render-init-resize-position-collision.js,4566,"document.addEventListener('visibilitychange',()=>{if(document.visibilityState==='hidden'){if(running)savePlayerPosition(true);else commitState();}});"
if,25-render-init-resize-position-collision.js,4569,"let top=typeof professionalTerrainHeightAt==='function'?professionalTerrainHeightAt(x,z):0;for(const p of world.platforms){if(p.bridgePart!==undefined&&!state.flags.bridgeFixed&&p.bridgePart%2===1)continue;if(Math.abs(x-p.x)<=p.w/2+.35&&Math.abs(z-p.z)<=p.d/2+.35&&p.top>top&&player.y>=p.top-.75)top=p.top;}return top;"
for,25-render-init-resize-position-collision.js,4569,"let top=typeof professionalTerrainHeightAt==='function'?professionalTerrainHeightAt(x,z):0;for(const p of world.platforms){if(p.bridgePart!==undefined&&!state.flags.bridgeFixed&&p.bridgePart%2===1)continue;if(Math.abs(x-p.x)<=p.w/2+.35&&Math.abs(z-p.z)<=p.d/2+.35&&p.top>top&&player.y>=p.top-.75)top=p.top;}return top;"
if,25-render-init-resize-position-collision.js,4572,if(!Number.isFinite(x)||!Number.isFinite(z)||Math.abs(x)>116||Math.abs(z)>116)return true;
if,25-render-init-resize-position-collision.js,4573,"if(!options.allowWater&&waterAt(x,z)&&groundHeightAt(x,z)<=.24)return true;"
for,25-render-init-resize-position-collision.js,4574,for(const c of world.colliders){
if,25-render-init-resize-position-collision.js,4575,if(options.ignoreHouseId&&c.houseId===options.ignoreHouseId)continue;
if,25-render-init-resize-position-collision.js,4576,if(c.houseId&&currentHouse&&c.houseId===currentHouse.id)continue;
if,25-render-init-resize-position-collision.js,4577,if(Math.abs(x-c.x)<=c.w/2+radius&&Math.abs(z-c.z)<=c.d/2+radius)return true;
if,25-render-init-resize-position-collision.js,4579,"if(!options.ignoreParkedVehicles){for(const v of world.vehicles||[]){if(!v.group?.visible||v===options.ignoreActor)continue;if(Math.hypot(x-v.group.position.x,z-v.group.position.z)<1.18+radius)return true;}}"
for,25-render-init-resize-position-collision.js,4579,"if(!options.ignoreParkedVehicles){for(const v of world.vehicles||[]){if(!v.group?.visible||v===options.ignoreActor)continue;if(Math.hypot(x-v.group.position.x,z-v.group.position.z)<1.18+radius)return true;}}"
if,25-render-init-resize-position-collision.js,4580,if(!options.ignoreTraffic){
for,25-render-init-resize-position-collision.js,4581,for(const actor of trafficActorList()){
if,25-render-init-resize-position-collision.js,4582,if(options.ignoreActor&&actor.ref===options.ignoreActor)continue;
if,25-render-init-resize-position-collision.js,4583,"if(Math.hypot(x-actor.group.position.x,z-actor.group.position.z)<(actor.radius||1.4)+radius)return true;"
if,25-render-init-resize-position-collision.js,4590,"for(const distance of distances)for(const offset of angles){const angle=heading+offset,cx=clamp(x+Math.sin(angle)*distance,-115,115),cz=clamp(z+Math.cos(angle)*distance,-115,115);if(!positionBlockedForPlayer(cx,cz,radius,options))return{x:cx,z:cz,y:groundHeightAt(cx,cz)};}"
for,25-render-init-resize-position-collision.js,4590,"for(const distance of distances)for(const offset of angles){const angle=heading+offset,cx=clamp(x+Math.sin(angle)*distance,-115,115),cz=clamp(z+Math.cos(angle)*distance,-115,115);if(!positionBlockedForPlayer(cx,cz,radius,options))return{x:cx,z:cz,y:groundHeightAt(cx,cz)};}"
if,25-render-init-resize-position-collision.js,4594,const now=performance.now();if(!force&&now-Number(player.lastSafeAt||0)<450)return false;
if,25-render-init-resize-position-collision.js,4596,"if(!player.grounded||!stableHeight||player.swimming||player.vehicle||player.boating||player.transit.mode||currentHouse||positionBlockedForPlayer(player.x,player.z,.38,{ignoreTraffic:true,allowWater:false}))return false;"
if,25-render-init-resize-position-collision.js,4601,if(player.vehicle){const vehicle=currentVehicleRef?.();if(vehicle){vehicle.occupied=false;vehicle.group.visible=true;}player.vehicle=false;activeVehicleRef=null;world.activeVehicle=null;player.car.id='';player.car.speed=0;player.car.passengerOf='';player.car.passengerUid='';player.car.passengerBotId='';vehicleVisual&&(vehicleVisual.visible=false);stopEngineSound?.();}
if,25-render-init-resize-position-collision.js,4602,if(player.boating){player.boating=false;player.boat.speed=0;player.boat.passengerOf='';player.boat.passengerUid='';player.boat.passengerBotId='';}
if,25-render-init-resize-position-collision.js,4603,"if(player.transit?.mode){player.transit.mode='';player.transit.busId='';player.transit.metroUntil=0;if(metroOverlay){metroOverlay.hidden=true;metroOverlay.classList.remove('travelling','arriving');}}"
if,25-render-init-resize-position-collision.js,4604,player.swimming=false;player.sitUntil=0;if(playerModel)playerModel.visible=true;if(avatarLayer)avatarLayer.visible=true;if(contactShadow)contactShadow.visible=true;
if,25-render-init-resize-position-collision.js,4609,"if(notify)toast('Você voltou ao último ponto seguro.','warn',2200);console.warn(`[OTTHOS] Recuperação do jogador: ${reason}.`);return true;"
if,25-render-init-resize-position-collision.js,4615,if(!reason){player.invalidSince=0;rememberSafePlayerPosition();return false;}
if,25-render-init-resize-position-collision.js,4616,player.invalidSince=player.invalidSince||performance.now();const immediate=outside||belowWorld;if(!immediate&&performance.now()-player.invalidSince<900)return false;
if,25-render-init-resize-position-collision.js,4627,if(world.colliders.some(c=>!(c.houseId&&currentHouse&&c.houseId===currentHouse.id)&&hitBox(c)))return true;
if,25-render-init-resize-position-collision.js,4628,"for(const v of world.vehicles||[]){if(v===active||!v.group?.visible)continue;if(Math.hypot(x-v.group.position.x,z-v.group.position.z)<2.05)return true;}"
for,25-render-init-resize-position-collision.js,4628,"for(const v of world.vehicles||[]){if(v===active||!v.group?.visible)continue;if(Math.hypot(x-v.group.position.x,z-v.group.position.z)<2.05)return true;}"
if,25-render-init-resize-position-collision.js,4629,"for(const actor of trafficActorList()){if(actor.ref===active)continue;if(Math.hypot(x-actor.group.position.x,z-actor.group.position.z)<(actor.radius||1.5)+1.0)return true;}"
for,25-render-init-resize-position-collision.js,4629,"for(const actor of trafficActorList()){if(actor.ref===active)continue;if(Math.hypot(x-actor.group.position.x,z-actor.group.position.z)<(actor.radius||1.5)+1.0)return true;}"
if,25-render-init-resize-position-collision.js,4634,"const t=performance.now();if(!registerVehicleImpact._cool||t>registerVehicleImpact._cool){registerVehicleImpact._cool=t+240;vibrate([18,35,18]);beep(135,65,'square');toast('Cuidado com a batida!','warn',900);}"
if,25-render-init-resize-position-collision.js,4637,if(player.vehicle){
if,25-render-init-resize-position-collision.js,4638,"if(vehicleHitsCollider(player.x,player.z)){player.x=prevX;player.z=prevZ;registerVehicleImpact();}"
for,25-render-init-resize-position-collision.js,4642,for(const c of world.colliders){
if,25-render-init-resize-position-collision.js,4643,if(c.houseId&&currentHouse&&c.houseId===currentHouse.id)continue;
if,25-render-init-resize-position-collision.js,4644,if(Math.abs(player.x-c.x)>c.w/2+radius||Math.abs(player.z-c.z)>c.d/2+radius)continue;
if,25-render-init-resize-position-collision.js,4646,if(fromLeft)player.x=c.x-c.w/2-radius;else if(fromRight)player.x=c.x+c.w/2+radius;else if(fromTop)player.z=c.z-c.d/2-radius;else if(fromBottom)player.z=c.z+c.d/2+radius;else{player.x=prevX;player.z=prevZ;}
else,25-render-init-resize-position-collision.js,4646,if(fromLeft)player.x=c.x-c.w/2-radius;else if(fromRight)player.x=c.x+c.w/2+radius;else if(fromTop)player.z=c.z-c.d/2-radius;else if(fromBottom)player.z=c.z+c.d/2+radius;else{player.x=prevX;player.z=prevZ;}
if,25-render-init-resize-position-collision.js,4648,"if(currentHouse){const bounds=currentHouse.interiorBounds||{x:4.0,z:3.02};player.x=clamp(player.x,currentHouse.x-bounds.x,currentHouse.x+bounds.x);player.z=clamp(player.z,currentHouse.z-bounds.z,currentHouse.z+bounds.z);}"
if,26-input-player-physics.js,4645,if(input.virtualActive){sourceX=input.virtualX;sourceZ=input.virtualZ;}
if,26-input-player-physics.js,4646,else if(Math.abs(keyboardX)+Math.abs(keyboardZ)>0){sourceX=keyboardX;sourceZ=keyboardZ;}
else,26-input-player-physics.js,4646,else if(Math.abs(keyboardX)+Math.abs(keyboardZ)>0){sourceX=keyboardX;sourceZ=keyboardZ;}
if,26-input-player-physics.js,4647,else if(input.joyId!==null||Math.abs(input.joyX)+Math.abs(input.joyZ)>.02){sourceX=input.joyX;sourceZ=input.joyZ;}
else,26-input-player-physics.js,4647,else if(input.joyId!==null||Math.abs(input.joyX)+Math.abs(input.joyZ)>.02){sourceX=input.joyX;sourceZ=input.joyZ;}
if,26-input-player-physics.js,4648,else if(input.gamepadActive){sourceX=input.gamepadX;sourceZ=input.gamepadZ;}
else,26-input-player-physics.js,4648,else if(input.gamepadActive){sourceX=input.gamepadX;sourceZ=input.gamepadZ;}
if,26-input-player-physics.js,4656,"if(!els.runBtn)return;if(typeof mobilityDriverActive==='function'&&mobilityDriverActive()){updateMobilityControlLabels();return;}const active=sprintRequested();els.runBtn.classList.toggle('active',active);const icon=$('b',els.runBtn),label=$('span',els.runBtn);if(icon)icon.textContent='🏃';if(label)label.textContent='Correr';"
if,26-input-player-physics.js,4664,"if(els.joystickKnob)els.joystickKnob.style.transform='translate(-50%,-50%)';"
if,26-input-player-physics.js,4667,function requestJump(){if(!els.modal.hidden||paused||player.vehicle||player.boating||player.transit.mode)return;player.jumpBuffer=performance.now()+150;if(canJump())doJump();}
if,26-input-player-physics.js,4668,"function doJump(){if(!canJump())return;state.stats.jumps++;trackDaily('jump',1);player.vy=player.swimming?3.1:10.2;player.grounded=false;player.jumpBuffer=0;beep(player.swimming?420:540);vibrate(18);}"
if,26-input-player-physics.js,4675,"const mag=Math.hypot(input.x,input.z);let ix=input.x,iz=input.z;if(mag>1){ix/=mag;iz/=mag;}if(fishingSession||fishingVisual?.active){ix=0;iz=0;input.x=input.z=input.targetX=input.targetZ=0;}"
if,26-input-player-physics.js,4676,"if(player.transit.mode){player.vx=player.vz=0;input.x=input.z=input.targetX=input.targetZ=0;playerGroup.position.set(player.x,player.y,player.z);playerGroup.rotation.y=player.facing;contactShadow.position.set(player.x,groundHeightAt(player.x,player.z)+.025,player.z);if(player.transit.mode==='bus')animatePlayer(dt);updateContext();return;}"
if,26-input-player-physics.js,4678,if(player.boating){
if,26-input-player-physics.js,4680,}else if(player.vehicle){
else,26-input-player-physics.js,4680,}else if(player.vehicle){
if,26-input-player-physics.js,4682,}else if(performance.now()<player.sitUntil){
else,26-input-player-physics.js,4682,}else if(performance.now()<player.sitUntil){
else,26-input-player-physics.js,4684,}else{
if,26-input-player-physics.js,4691,"player.vx=lerp(player.vx,targetVx,Math.min(1,dt*accel));player.vz=lerp(player.vz,targetVz,Math.min(1,dt*accel));if(mag<.03){player.vx*=Math.pow(player.swimming?.06:.0008,dt);player.vz*=Math.pow(player.swimming?.06:.0008,dt);}"
if,26-input-player-physics.js,4693,"const prevX=player.x,prevZ=player.z;player.x+=player.vx*dt;player.z+=player.vz*dt;player.x=clamp(player.x,-116,116);player.z=clamp(player.z,-116,116);if(player.boating)constrainBoat(prevX,prevZ);else if(!(player.vehicle&&player.car.passengerOf)){resolveCollisions(prevX,prevZ);resolveWaterWalking(prevX,prevZ);}"
else,26-input-player-physics.js,4693,"const prevX=player.x,prevZ=player.z;player.x+=player.vx*dt;player.z+=player.vz*dt;player.x=clamp(player.x,-116,116);player.z=clamp(player.z,-116,116);if(player.boating)constrainBoat(prevX,prevZ);else if(!(player.vehicle&&player.car.passengerOf)){resolveCollisions(prevX,prevZ);resolveWaterWalking(prevX,prevZ);}"
if,26-input-player-physics.js,4694,"const movedNow=Math.hypot(player.x-prevX,player.z-prevZ);if(movedNow>.001){if(player.vehicle||player.boating){state.stats.driven+=movedNow;trackDaily('drive',movedNow);}else if(player.swimming){state.stats.swum=(state.stats.swum||0)+movedNow;trackDaily('walk',movedNow*.5);}else{state.stats.walked+=movedNow;trackDaily('walk',movedNow);}}"
else,26-input-player-physics.js,4694,"const movedNow=Math.hypot(player.x-prevX,player.z-prevZ);if(movedNow>.001){if(player.vehicle||player.boating){state.stats.driven+=movedNow;trackDaily('drive',movedNow);}else if(player.swimming){state.stats.swum=(state.stats.swum||0)+movedNow;trackDaily('walk',movedNow*.5);}else{state.stats.walked+=movedNow;trackDaily('walk',movedNow);}}"
if,26-input-player-physics.js,4696,"if(player.swimming){const waterLevel=.02,targetY=-.62+Math.sin(animTime*2.6)*.035;player.vy=lerp(player.vy,0,Math.min(1,dt*4));player.y=lerp(player.y,targetY,Math.min(1,dt*5.5));player.grounded=true;player.lastGrounded=performance.now();state.needs.energy=clamp(state.needs.energy-dt*(input.isSprinting?.22:.08),0,100);}"
if,26-input-player-physics.js,4697,"else{if(!player.grounded)player.vy-=31*dt;player.y+=player.vy*dt;if(player.y<=ground&&player.vy<=0){const landed=!player.grounded&&player.vy<-4;player.y=ground;player.vy=0;player.grounded=true;player.lastGrounded=performance.now();if(landed){vibrate(20);beep(180,35,'sine');}}else if(player.y>ground+.03)player.grounded=false;}"
else,26-input-player-physics.js,4697,"else{if(!player.grounded)player.vy-=31*dt;player.y+=player.vy*dt;if(player.y<=ground&&player.vy<=0){const landed=!player.grounded&&player.vy<-4;player.y=ground;player.vy=0;player.grounded=true;player.lastGrounded=performance.now();if(landed){vibrate(20);beep(180,35,'sine');}}else if(player.y>ground+.03)player.grounded=false;}"
if,26-input-player-physics.js,4698,if(player.jumpBuffer&&player.jumpBuffer>performance.now()&&canJump())doJump();
if,26-input-player-physics.js,4699,"if(!player.vehicle&&!player.boating&&Math.hypot(player.vx,player.vz)>.15)player.facing=Math.atan2(player.vx,player.vz);"
if,26-input-player-physics.js,4700,"playerGroup.position.set(player.x,player.y,player.z);playerGroup.rotation.y=performance.now()<player.spinUntil?player.facing+(1-(player.spinUntil-performance.now())/980)*Math.PI*4:player.facing;syncPlayerRootScale();contactShadow.position.set(player.x,ground+.025,player.z);contactShadow.visible=!player.swimming&&!player.boating&&!player.transit.mode;const air=Math.max(0,player.y-ground);const ss=clamp(1-air*.08,.48,1);contactShadow.scale.setScalar(ss);contactShadow.material.opacity=clamp(.27-air"
if,26-input-player-physics.js,4701,if(!recoverPlayerIfInvalid())rememberSafePlayerPosition();
if,26-input-player-physics.js,4706,if(input.mobilityAccelerate)throttle=1;
if,26-input-player-physics.js,4707,if(input.mobilityBrake){
if,26-input-player-physics.js,4708,"if(currentSpeed>.04)return{throttle:0,brake:true,reverse:false};"
if,26-input-player-physics.js,4709,"if(currentSpeed<-.04)return{throttle:-1,brake:false,reverse:true};"
if,26-input-player-physics.js,4712,"if(input.mobilityAccelerate&&currentSpeed<-.04)return{throttle:0,brake:true,reverse:false};"
if,26-input-player-physics.js,4713,"if(throttle<-.05&&currentSpeed>.04)return{throttle:0,brake:true,reverse:false};"
if,26-input-player-physics.js,4714,"if(throttle>.05&&currentSpeed<-.04)return{throttle:0,brake:true,reverse:false};"
if,26-input-player-physics.js,4718,"const car=player.car;if(performance.now()<Number(car.incidentUntil||0)){car.speed=lerp(car.speed,0,Math.min(1,dt*8));player.vx=lerp(player.vx,0,Math.min(1,dt*10));player.vz=lerp(player.vz,0,Math.min(1,dt*10));updateMobilityControlLabels();return;}"
if,26-input-player-physics.js,4721,"if(car.passengerOf){const ghost=world.ghosts.get(car.passengerOf),target=ghost?.userData?.target;if(!ghost||!target?.vehicle){car.hostMissingAt=car.hostMissingAt||performance.now();if(performance.now()-car.hostMissingAt>3500){toast('O motorista saiu. Você deixou o carro.','warn');exitVehicle(true);}player.vx=player.vz=0;return;}car.hostMissingAt=0;const heading=Number(target.r||ghost.rotation.y||car.heading),tx=Number(target.x??ghost.position.x)+Math.cos(heading)*.62-Math.sin(heading)*.12,tz=Num"
if,26-input-player-physics.js,4723,"if(command.brake){car.speed=approachNumber(car.speed,0,(18+Math.abs(car.speed)*1.25)*dt);}"
else,26-input-player-physics.js,4724,"else{const accelFactor=car.speed>=0?Math.max(.22,1-car.speed/maxSpeed):1;const crossing=(car.speed>0.2&&throttle<0)||(car.speed<-.2&&throttle>0);const throttleAccel=throttle>=0?throttle*(turbo?23:17.8)*accelFactor:throttle*10.8*(crossing?2.9:1);car.speed+=throttleAccel*dt;}"
if,26-input-player-physics.js,4725,"if(!throttle&&!command.brake)car.speed*=Math.pow(.05,dt);if(Math.abs(car.speed)<.025&&!throttle)car.speed=0;car.speed=clamp(car.speed,maxReverse,maxSpeed);"
if,26-input-player-physics.js,4733,if (!playerModel) return;
if,26-input-player-physics.js,4736,if(parts){
if,26-input-player-physics.js,4737,"if(swimming){const stroke=Math.sin(animTime*5.2);parts.leftArm.rotation.x=lerp(parts.leftArm.rotation.x,-1.3+stroke*.85,.28);parts.rightArm.rotation.x=lerp(parts.rightArm.rotation.x,-1.3-stroke*.85,.28);parts.leftArm.rotation.z=lerp(parts.leftArm.rotation.z,.42,.2);parts.rightArm.rotation.z=lerp(parts.rightArm.rotation.z,-.42,.2);parts.leftLeg.rotation.x=lerp(parts.leftLeg.rotation.x,stroke*.38,.24);parts.rightLeg.rotation.x=lerp(parts.rightLeg.rotation.x,-stroke*.38,.24);playerModel.rotation.x="
else,26-input-player-physics.js,4738,"else{parts.leftArm.rotation.x=lerp(parts.leftArm.rotation.x,player.grounded?swing:-.65,.22);parts.rightArm.rotation.x=lerp(parts.rightArm.rotation.x,player.grounded?-swing:-.65,.22);parts.leftLeg.rotation.x=lerp(parts.leftLeg.rotation.x,player.grounded?-swing*.8:.38,.22);parts.rightLeg.rotation.x=lerp(parts.rightLeg.rotation.x,player.grounded?swing*.8:.38,.22);}"
if,26-input-player-physics.js,4739,if(!swimming&&performance.now()<player.emoteUntil){if(player.emoteType==='wave'){parts.rightArm.rotation.x=-2.25;parts.rightArm.rotation.z=Math.sin(animTime*10)*.55;}else if(player.emoteType==='dance'){parts.leftArm.rotation.z=1.1;parts.rightArm.rotation.z=-1.1;playerModel.rotation.y=Math.sin(animTime*4)*.35;}else if(player.emoteType==='selfie'){parts.leftArm.rotation.x=-1.7;parts.rightArm.rotation.x=-.9;playerModel.rotation.z=.08;}else if(player.emoteType==='highfive'){parts.rightArm.rotation.x
else,26-input-player-physics.js,4739,if(!swimming&&performance.now()<player.emoteUntil){if(player.emoteType==='wave'){parts.rightArm.rotation.x=-2.25;parts.rightArm.rotation.z=Math.sin(animTime*10)*.55;}else if(player.emoteType==='dance'){parts.leftArm.rotation.z=1.1;parts.rightArm.rotation.z=-1.1;playerModel.rotation.y=Math.sin(animTime*4)*.35;}else if(player.emoteType==='selfie'){parts.leftArm.rotation.x=-1.7;parts.rightArm.rotation.x=-.9;playerModel.rotation.z=.08;}else if(player.emoteType==='highfive'){parts.rightArm.rotation.x
if,26-input-player-physics.js,4740,"if(fishingVisual?.active){const phase=fishingVisual.phase,cast=phase==='casting',pull=phase==='hooked'||phase==='pulling'||phase==='caught';parts.rightArm.rotation.x=lerp(parts.rightArm.rotation.x,pull?-2.35:cast?-1.95:-1.45,.38);parts.leftArm.rotation.x=lerp(parts.leftArm.rotation.x,pull?-1.85:cast?-1.35:-1.1,.38);parts.rightArm.rotation.z=lerp(parts.rightArm.rotation.z,-.22,.3);parts.leftArm.rotation.z=lerp(parts.leftArm.rotation.z,.28,.3);playerModel.rotation.z=lerp(playerModel.rotation.z,pul"
if,26-input-player-physics.js,4745,"if(performance.now()<player.sitUntil){parts.leftLeg.rotation.x=1.25;parts.rightLeg.rotation.x=1.25;playerModel.position.y=Math.max(.12,visualBase-.10);}"
else,26-input-player-physics.js,4748,} else {
if,26-input-player-physics.js,4756,if(avatarLayer){avatarLayer.position.y=playerModel.position.y;avatarLayer.rotation.x=playerModel.rotation.x;avatarLayer.rotation.z=playerModel.rotation.z;}
if,26-input-player-physics.js,4759,"for(const h of world.hazards){if(Math.abs(player.x-h.x)<=h.w/2&&Math.abs(player.z-h.z)<=h.d/2&&player.y<.6){if(h.type==='water'){if(!player.boating){player.vx*=.9;player.vz*=.9;}}else if(performance.now()>player.damageUntil){player.damageUntil=performance.now()+1200;state.needs.energy=clamp(state.needs.energy-18,0,100);toast('Cuidado com a lava!','bad');returnHome();}}}"
else,26-input-player-physics.js,4759,"for(const h of world.hazards){if(Math.abs(player.x-h.x)<=h.w/2&&Math.abs(player.z-h.z)<=h.d/2&&player.y<.6){if(h.type==='water'){if(!player.boating){player.vx*=.9;player.vz*=.9;}}else if(performance.now()>player.damageUntil){player.damageUntil=performance.now()+1200;state.needs.energy=clamp(state.needs.energy-18,0,100);toast('Cuidado com a lava!','bad');returnHome();}}}"
for,26-input-player-physics.js,4759,"for(const h of world.hazards){if(Math.abs(player.x-h.x)<=h.w/2&&Math.abs(player.z-h.z)<=h.d/2&&player.y<.6){if(h.type==='water'){if(!player.boating){player.vx*=.9;player.vz*=.9;}}else if(performance.now()>player.damageUntil){player.damageUntil=performance.now()+1200;state.needs.energy=clamp(state.needs.energy-18,0,100);toast('Cuidado com a lava!','bad');returnHome();}}}"
if,26-input-player-physics.js,4762,"for(const c of world.crystals){if(c.got)continue;c.mesh.rotation.y+=.035;c.mesh.position.y=c.y+Math.sin(animTime*2+c.x)*.12;if(Math.hypot(player.x-c.x,player.z-c.z)<1.25&&Math.abs(player.y-c.mesh.position.y)<2)collectCrystal(c);}"
for,26-input-player-physics.js,4762,"for(const c of world.crystals){if(c.got)continue;c.mesh.rotation.y+=.035;c.mesh.position.y=c.y+Math.sin(animTime*2+c.x)*.12;if(Math.hypot(player.x-c.x,player.z-c.z)<1.25&&Math.abs(player.y-c.mesh.position.y)<2)collectCrystal(c);}"
if,26-input-player-physics.js,4765,"function npcSpeech(npc,text,type='good'){if(distance2D(player,npc.group.position)<12)toast(`${npc.name}: ${text}`,type,2400);npc.emoteType=type==='warn'?'wave':'dance';npc.emoteUntil=performance.now()+1600;}"
if,27-npc-enemies-combat-camera-action.js,4774,"if(!npc)return false;const current=kind==='boat'?player.boat:player.car;if(current.passengerUid||current.passengerBotId)return false;current.passengerBotId=npc.id;npc.passengerMode=kind;npc.pendingRide=false;npc.following=false;if(npc.mobility?.ride)npc.mobility.ride.visible=false;toast(`${npc.name} entrou como passageiro no ${kind==='boat'?'barco':'carro'}.`,'good',2300);saveState();return true;"
if,27-npc-enemies-combat-camera-action.js,4777,"const current=kind==='boat'?player.boat:player.car,id=current.passengerBotId;if(!id)return;const npc=world.npcs.find(n=>n.id===id);if(npc){const exitX=kind==='boat'?BOAT_DOCK.exitX+1.2:player.x+1.8,exitZ=kind==='boat'?clamp(player.z,BOAT_DOCK.minZ+.25,BOAT_DOCK.maxZ-.25):player.z;npc.passengerMode='';npc.group.position.set(exitX,groundHeightAt(exitX,exitZ),exitZ);npc.baseX=npc.group.position.x;npc.baseZ=npc.group.position.z;if(npc.mobility?.ride)npc.mobility.ride.visible=true;}current.passengerB"
if,27-npc-enemies-combat-camera-action.js,4780,updateNpcSociety.acc=(updateNpcSociety.acc||0)+dt;if(updateNpcSociety.acc<9)return;updateNpcSociety.acc=0;if(!world.npcs.length)return;
if,27-npc-enemies-combat-camera-action.js,4782,"if(roll<.22){const gift=Math.random()<.5?'food':'coins';if(gift==='food'){state.inventory.food=(state.inventory.food||0)+1;npcSpeech(npc,'Trouxe uma comida para você!');}else{state.profile.coins+=8;npcSpeech(npc,'Ganhei algumas moedas e dividi com você!');}saveState();updateHUD();}"
else,27-npc-enemies-combat-camera-action.js,4782,"if(roll<.22){const gift=Math.random()<.5?'food':'coins';if(gift==='food'){state.inventory.food=(state.inventory.food||0)+1;npcSpeech(npc,'Trouxe uma comida para você!');}else{state.profile.coins+=8;npcSpeech(npc,'Ganhei algumas moedas e dividi com você!');}saveState();updateHUD();}"
if,27-npc-enemies-combat-camera-action.js,4783,"else if(roll<.44){npcSpeech(npc,'Quer apostar uma corrida comigo?');npc.userDataChallengeUntil=performance.now()+12000;}"
else,27-npc-enemies-combat-camera-action.js,4783,"else if(roll<.44){npcSpeech(npc,'Quer apostar uma corrida comigo?');npc.userDataChallengeUntil=performance.now()+12000;}"
if,27-npc-enemies-combat-camera-action.js,4784,"else if(roll<.66){const other=world.npcs.find(n=>n!==npc);if(other){state.npcSociety.friendships[`${npc.id}-${other.id}`]=(state.npcSociety.friendships[`${npc.id}-${other.id}`]||0)+1;npcSpeech(npc,`Conversei com ${other.name} na praça.`);}}"
else,27-npc-enemies-combat-camera-action.js,4784,"else if(roll<.66){const other=world.npcs.find(n=>n!==npc);if(other){state.npcSociety.friendships[`${npc.id}-${other.id}`]=(state.npcSociety.friendships[`${npc.id}-${other.id}`]||0)+1;npcSpeech(npc,`Conversei com ${other.name} na praça.`);}}"
if,27-npc-enemies-combat-camera-action.js,4785,"else if(roll<.82){npcSpeech(npc,'Hoje estou chateado. Podemos conversar com calma?','warn');state.npcSociety.moods[npc.id]='chateado';}"
else,27-npc-enemies-combat-camera-action.js,4785,"else if(roll<.82){npcSpeech(npc,'Hoje estou chateado. Podemos conversar com calma?','warn');state.npcSociety.moods[npc.id]='chateado';}"
if,27-npc-enemies-combat-camera-action.js,4786,"else{const available=world.houses.find(h=>!h.publicBuilding&&!cloudHouseRecord(h.id)&&!state.npcSociety.houses[h.id]);if(available){state.npcSociety.houses[available.id]=npc.id;npcSpeech(npc,`Estou juntando moedas para morar na ${available.name}.`);saveState();}}"
else,27-npc-enemies-combat-camera-action.js,4786,"else{const available=world.houses.find(h=>!h.publicBuilding&&!cloudHouseRecord(h.id)&&!state.npcSociety.houses[h.id]);if(available){state.npcSociety.houses[available.id]=npc.id;npcSpeech(npc,`Estou juntando moedas para morar na ${available.name}.`);saveState();}}"
for,27-npc-enemies-combat-camera-action.js,4790,for(const npc of world.npcs){
if,27-npc-enemies-combat-camera-action.js,4793,if(npc.passengerMode){
if,27-npc-enemies-combat-camera-action.js,4795,}else if(npc.fishingActivity){
else,27-npc-enemies-combat-camera-action.js,4795,}else if(npc.fishingActivity){
if,27-npc-enemies-combat-camera-action.js,4797,}else if(npc.coopRaceMode){
else,27-npc-enemies-combat-camera-action.js,4797,}else if(npc.coopRaceMode){
if,27-npc-enemies-combat-camera-action.js,4799,}else if(npc.following){
else,27-npc-enemies-combat-camera-action.js,4799,}else if(npc.following){
if,27-npc-enemies-combat-camera-action.js,4802,}else if(near){
else,27-npc-enemies-combat-camera-action.js,4802,}else if(near){
if,27-npc-enemies-combat-camera-action.js,4805,}else if(npc.mobility){
else,27-npc-enemies-combat-camera-action.js,4805,}else if(npc.mobility){
if,27-npc-enemies-combat-camera-action.js,4806,"const route=npc.mobility.route,target=route[npc.mobility.index],dx=target.x-npc.group.position.x,dz=target.z-npc.group.position.z,d=Math.hypot(dx,dz);if(performance.now()<Number(npc.mobility.trafficHoldUntil||0)){npc.mobility.currentSpeed=0;}else if(d<.2)npc.mobility.index=(npc.mobility.index+1)%route.length;else{const heading=Math.atan2(dx,dz),factor=trafficSpeedFactor(npc.mobility,heading,6),targetSpeed=npc.mobility.speed*factor;npc.mobility.currentSpeed=lerp(Number(npc.mobility.currentSpeed||"
else,27-npc-enemies-combat-camera-action.js,4806,"const route=npc.mobility.route,target=route[npc.mobility.index],dx=target.x-npc.group.position.x,dz=target.z-npc.group.position.z,d=Math.hypot(dx,dz);if(performance.now()<Number(npc.mobility.trafficHoldUntil||0)){npc.mobility.currentSpeed=0;}else if(d<.2)npc.mobility.index=(npc.mobility.index+1)%route.length;else{const heading=Math.atan2(dx,dz),factor=trafficSpeedFactor(npc.mobility,heading,6),targetSpeed=npc.mobility.speed*factor;npc.mobility.currentSpeed=lerp(Number(npc.mobility.currentSpeed||"
for,27-npc-enemies-combat-camera-action.js,4806,"const route=npc.mobility.route,target=route[npc.mobility.index],dx=target.x-npc.group.position.x,dz=target.z-npc.group.position.z,d=Math.hypot(dx,dz);if(performance.now()<Number(npc.mobility.trafficHoldUntil||0)){npc.mobility.currentSpeed=0;}else if(d<.2)npc.mobility.index=(npc.mobility.index+1)%route.length;else{const heading=Math.atan2(dx,dz),factor=trafficSpeedFactor(npc.mobility,heading,6),targetSpeed=npc.mobility.speed*factor;npc.mobility.currentSpeed=lerp(Number(npc.mobility.currentSpeed||"
else,27-npc-enemies-combat-camera-action.js,4807,}else{
if,27-npc-enemies-combat-camera-action.js,4813,"if(!npc.passengerMode)npc.group.position.y=lerp(npc.group.position.y,groundHeightAt(npc.group.position.x,npc.group.position.z),Math.min(1,dt*8));"
if,27-npc-enemies-combat-camera-action.js,4817,if(npc.limbs){
for,27-npc-enemies-combat-camera-action.js,4827,for(const e of world.enemies){
if,27-npc-enemies-combat-camera-action.js,4828,"if(e.dead){if(performance.now()-e.lastHit>18000){e.dead=false;e.hp=e.type==='golem'?3:1;e.group.visible=true;e.group.position.set(e.baseX,0,e.baseZ);}continue;}"
if,27-npc-enemies-combat-camera-action.js,4830,if(d<9&&!currentHouse){tx=player.x;tz=player.z;}
if,27-npc-enemies-combat-camera-action.js,4832,"if(d<1.45&&performance.now()>player.damageUntil){player.damageUntil=performance.now()+1100;if(performance.now()<player.shieldUntil){toast('O Escudo Furtivo bloqueou o ataque!','good',1300);beep(690,60,'sine');continue;}state.needs.energy=clamp(state.needs.energy-12,0,100);state.needs.fun=clamp(state.needs.fun-4,0,100);toast('Monstro acertou!','bad');vibrate([35,40,35]);saveState();}"
if,27-npc-enemies-combat-camera-action.js,4837,"if(!target||distance2D(player,target.group.position)>2.35){toast('Nada para atacar por perto.','warn');return;}"
if,27-npc-enemies-combat-camera-action.js,4841,"if(enemy.dead)return;enemy.hp-=amount;enemy.lastHit=performance.now();enemy.group.scale.set(1.18,.82,1.18);setTimeout(()=>enemy.group&&enemy.group.scale.set(1,1,1),130);"
if,27-npc-enemies-combat-camera-action.js,4842,"if(enemy.hp<=0){enemy.dead=true;enemy.group.visible=false;state.defeated++;addXP(enemy.type==='golem'?45:20);addCoins(enemy.type==='golem'?35:12);toast('Monstro derrotado!','good');evaluateMissions();saveState();}"
if,27-npc-enemies-combat-camera-action.js,4845,if(!els.modal.hidden||paused||player.transit.mode)return;
if,27-npc-enemies-combat-camera-action.js,4846,if(player.vehicle||player.boating){vehicleHorn();return;}
if,27-npc-enemies-combat-camera-action.js,4847,"if(currentHouse){toast('Use o poder do lado de fora.','warn');return;}"
if,27-npc-enemies-combat-camera-action.js,4851,"for(let i=world.fireballs.length-1;i>=0;i--){const f=world.fireballs[i];f.life-=dt;f.x+=f.vx*dt;f.z+=f.vz*dt;f.mesh.position.set(f.x,f.y,f.z);f.mesh.rotation.x+=dt*7;f.mesh.rotation.y+=dt*9;let hit=false;for(const e of world.enemies){if(!e.dead&&Math.hypot(f.x-e.group.position.x,f.z-e.group.position.z)<1.1){damageEnemy(e,1);hit=true;break;}}if(hit||f.life<=0){worldGroup.remove(f.mesh);world.fireballs.splice(i,1);}}"
for,27-npc-enemies-combat-camera-action.js,4851,"for(let i=world.fireballs.length-1;i>=0;i--){const f=world.fireballs[i];f.life-=dt;f.x+=f.vx*dt;f.z+=f.vz*dt;f.mesh.position.set(f.x,f.y,f.z);f.mesh.rotation.x+=dt*7;f.mesh.rotation.y+=dt*9;let hit=false;for(const e of world.enemies){if(!e.dead&&Math.hypot(f.x-e.group.position.x,f.z-e.group.position.z)<1.1){damageEnemy(e,1);hit=true;break;}}if(hit||f.life<=0){worldGroup.remove(f.mesh);world.fireballs.splice(i,1);}}"
if,27-npc-enemies-combat-camera-action.js,4856,if(player.transit.mode==='bus'){
if,27-npc-enemies-combat-camera-action.js,4858,if(bus){
if,27-npc-enemies-combat-camera-action.js,4865,if(!desiredPos&&fishingVisual?.active){
if,27-npc-enemies-combat-camera-action.js,4872,if(!desiredPos&&currentHouse&&cameraMode==='interior'){
if,27-npc-enemies-combat-camera-action.js,4875,}else if(!desiredPos){
else,27-npc-enemies-combat-camera-action.js,4875,}else if(!desiredPos){
if,27-npc-enemies-combat-camera-action.js,4877,"if((player.vehicle||player.boating)&&!input.cameraDrag){const heading=player.vehicle?player.car.heading:player.boat.heading;cameraYaw=lerpAngle(cameraYaw,Math.PI-heading,Math.min(1,dt*3.2));}"
if,27-npc-enemies-combat-camera-action.js,4889,if(activeRace)return null;
if,27-npc-enemies-combat-camera-action.js,4890,if(player.transit.mode==='metro')return null;
if,27-npc-enemies-combat-camera-action.js,4891,"if(player.transit.mode==='bus')return{id:'request-bus-stop',type:'bus',icon:'🔔',label:player.transit.requestStop?'Parada já solicitada':'Pedir próxima parada',radius:999,priority:999,action:()=>{player.transit.requestStop=true;updateTransitPanel();toast('Parada solicitada.','good',1200);}};"
if,27-npc-enemies-combat-camera-action.js,4892,"if(player.boating){const free=!player.boat.passengerOf&&!player.boat.passengerUid&&!player.boat.passengerBotId,remote=free?nearestRemotePlayer():null,npc=free?nearestBoardableNpc():null;if(remote)return{id:`boat-remote-${remote.uid}`,type:'remote-player',icon:'🌐',label:`Convidar ${remote.ghost.userData.displayName||'Jogador'} para o barco`,radius:999,priority:1001,action:()=>openRemotePlayerActions(remote.uid,remote.ghost)};if(npc)return{id:`boat-invite-${npc.id}`,type:'boat',icon:'🛶',label:`Con"
if,27-npc-enemies-combat-camera-action.js,4893,"if(player.vehicle){const free=!player.car.passengerOf&&!player.car.passengerUid&&!player.car.passengerBotId,remote=free?nearestRemotePlayer():null,npc=free?nearestBoardableNpc():null;if(remote)return{id:`car-remote-${remote.uid}`,type:'remote-player',icon:'🌐',label:`Convidar ${remote.ghost.userData.displayName||'Jogador'} para o carro`,radius:999,priority:1001,action:()=>openRemotePlayerActions(remote.uid,remote.ghost)};if(npc)return{id:`car-invite-${npc.id}`,type:'vehicle',icon:'🚗',label:`Convi"
if,27-npc-enemies-combat-camera-action.js,4894,"if(buildMode)return{id:'place-build',type:'build',icon:'🧱',label:`Confirmar ${BUILD_RECIPES[buildMode]?.name||'construção'}`,radius:999,priority:999,action:placeBuild};"
if,27-npc-enemies-combat-camera-action.js,4895,"const remote=nearestRemotePlayer();if(remote)return{id:`remote-${remote.uid}`,type:'remote-player',icon:'🌐',label:`Interagir: ${remote.ghost.userData.displayName||'Jogador'}`,radius:2.8,priority:980,x:remote.ghost.position.x,z:remote.ghost.position.z,action:()=>openRemotePlayerActions(remote.uid,remote.ghost)};"
for,27-npc-enemies-combat-camera-action.js,4897,for(const it of world.interactables){
if,27-npc-enemies-combat-camera-action.js,4898,if(!isInteractionAvailable(it))continue;
if,27-npc-enemies-combat-camera-action.js,4900,if(d>(it.radius||2))continue;
if,27-npc-enemies-combat-camera-action.js,4902,if(score<best){best=score;nearest=it;}
if,27-npc-enemies-combat-camera-action.js,4907,"const now=performance.now(),moved=Math.hypot(player.x-lastContextScanX,player.z-lastContextScanZ);if(!force&&now-lastContextScanAt<85&&moved<.18)return;lastContextScanAt=now;lastContextScanX=player.x;lastContextScanZ=player.z;"
if,27-npc-enemies-combat-camera-action.js,4908,"const next=nearestInteractable();const id=next?.id||'';if(!force&&id===lastContextId)return;lastContextId=id;currentContext=next;els.contextPrompt.hidden=!next;els.actionBtn.classList.toggle('pulse',!!next);els.contextIcon.textContent=next?.icon||'⚔';els.contextLabel.textContent=next?.label||'Atacar';els.contextHint.textContent=next?'Toque em AÇÃO':'Ataque próximo';const span=$('span',els.actionBtn);const icon=$('b',els.actionBtn);if(span)span.textContent=next?'Ação':'Espada';if(icon)icon.textCo"
if,27-npc-enemies-combat-camera-action.js,4911,if(paused||!els.modal.hidden||performance.now()<actionLockedUntil)return;
if,27-npc-enemies-combat-camera-action.js,4913,if(state.ui.quickOpen){state.ui.quickOpen=false;syncMobilePanels();}
if,27-npc-enemies-combat-camera-action.js,4914,if(typeof handleActiveSportActionV704==='function'&&handleActiveSportActionV704()){updateContext(true);return;}
if,27-npc-enemies-combat-camera-action.js,4916,"if(target&&target.radius!==999){const pos=worldPos(target);if(!isInteractionAvailable(target)||Math.hypot(player.x-pos.x,player.z-pos.z)>(target.radius||2)+.2)target=null;}"
if,27-npc-enemies-combat-camera-action.js,4917,if(!target)target=nearestInteractable();
if,27-npc-enemies-combat-camera-action.js,4919,if(target){target.action();updateContext(true);return;}
if,27-npc-enemies-combat-camera-action.js,4924,"updateNeeds.acc=(updateNeeds.acc||0)+dt;if(updateNeeds.acc<1)return;const sec=updateNeeds.acc;updateNeeds.acc=0;state.needs.hunger=clamp(state.needs.hunger-sec*.065,0,100);state.needs.energy=clamp(state.needs.energy-sec*((player.vehicle||player.boating)?(sprintRequested()?.085:.035):(input.isSprinting?.16:.045)),0,100);state.needs.fun=clamp(state.needs.fun-sec*.025,0,100);state.needs.hygiene=clamp(state.needs.hygiene-sec*.028,0,100);if(state.needs.hunger<8&&Math.random()<.08)toast(`${playerDispl"
for,28-multiplayer-social-online.js,4942,"for(const[uid,entry]of Object.entries(value.players||{}))players[uid]={...entry,name:remotePlayerName(entry?.name,uid)};"
if,28-multiplayer-social-online.js,4943,"clean.players=players;if(value.result){const winnerUid=String(value.result.winnerUid||''),loserUid=String(value.result.loserUid||'');clean.result={...value.result,winnerName:value.result.draw?'Empate':remotePlayerName(players[winnerUid]?.name,winnerUid),loserName:value.result.draw?'':remotePlayerName(players[loserUid]?.name,loserUid)};}return clean;"
if,28-multiplayer-social-online.js,4947,"function closeChallengePrompt(){if(!els.challengePrompt)return;document.body.classList.remove('social-prompt-open');els.challengePrompt.hidden=true;els.challengePrompt.classList.remove('ready','incoming','social');promptChallengeId='';promptSessionId='';promptSocialRequestId='';els.challengePromptAccept.disabled=false;els.challengePromptDecline.disabled=false;}"
if,28-multiplayer-social-online.js,4948,"function showIncomingChallengePrompt(c){if(!guardianCommunicationAllowed()||!c||c.status!=='pending'||!els.challengePrompt)return;document.body.classList.add('social-prompt-open');promptChallengeId=c.id;promptSessionId='';els.challengePrompt.classList.add('incoming');els.challengePrompt.classList.remove('ready','social');els.challengePromptKicker.textContent='NOVO DESAFIO';els.challengePromptTitle.textContent=`${c.fromName||'Jogador'} desafiou você`;els.challengePromptText.textContent=`${multipl"
if,28-multiplayer-social-online.js,4949,"function showReadySessionPrompt(s){if(!guardianCommunicationAllowed()||!s||s.status!=='active'||!els.challengePrompt)return;document.body.classList.add('social-prompt-open');const uid=window.OTTHOS_RTDB?.uid,mine=s.players?.[uid];if(mine?.finished)return;promptSessionId=s.id;promptChallengeId='';els.challengePrompt.classList.add('ready');els.challengePrompt.classList.remove('incoming','social');els.challengePromptKicker.textContent='PARTIDA PRONTA';els.challengePromptTitle.textContent=`Duelo de "
if,28-multiplayer-social-online.js,4954,if(!guardianCommunicationAllowed()||!request||request.status!=='pending'||Number(request.expiresAt||0)<=Date.now()||!els.challengePrompt)return;
if,28-multiplayer-social-online.js,4959,"if(!guardianCommunicationAllowed()){toast('A interação online está temporariamente indisponível.','warn',2800);return false;}"
if,28-multiplayer-social-online.js,4960,"if(actionType==='boatPassenger'&&(!player.boating||player.boat.passengerOf)){toast('Somente o motorista do barco pode convidar um passageiro.','warn',2500);return false;}"
if,28-multiplayer-social-online.js,4961,"if(actionType==='boatPassenger'&&(player.boat.passengerUid||player.boat.passengerBotId)){toast('Este barco já tem um passageiro.','warn',2300);return false;}"
if,28-multiplayer-social-online.js,4962,"if(actionType==='vehiclePassenger'&&(!player.vehicle||player.car.passengerOf)){toast('Somente o motorista do carro pode convidar um passageiro.','warn',2500);return false;}"
if,28-multiplayer-social-online.js,4963,"if(actionType==='vehiclePassenger'&&(player.car.passengerUid||player.car.passengerBotId)){toast('Este carro já tem um passageiro.','warn',2300);return false;}"
if,28-multiplayer-social-online.js,4964,"const result=await window.OTTHOS_RTDB?.sendSocialRequest?.(targetUid,actionType,targetName,extra);if(result?.ok){state.multiplayerRequests.lastSentAt=Date.now();saveState();toast(`Convite enviado para ${targetName}.`,'good',2300);return true;}toast(result?.error||'Não foi possível enviar o convite.','warn',2600);return false;"
if,28-multiplayer-social-online.js,4967,const rewardKey=String(context.requestId||'');if(rewardKey&&state.multiplayerRequests.completed.includes(rewardKey))return;
if,28-multiplayer-social-online.js,4968,"if(['dance','play','highfive','hug','selfie'].includes(actionType)){triggerEmote(actionType);if(actionType==='play')state.needs.fun=clamp(state.needs.fun+10,0,100);}"
if,28-multiplayer-social-online.js,4969,"else if(actionType==='vehiclePassenger'){if(context.role==='passenger'||context.incoming)enterVehicleAsPassenger(context.fromUid||context.partnerUid,context.vehicleId||'');else{player.car.passengerUid=context.partnerUid||'';toast(`${context.partnerName||'Seu amigo'} entrou como passageiro.`,'good',2600);}}"
else,28-multiplayer-social-online.js,4969,"else if(actionType==='vehiclePassenger'){if(context.role==='passenger'||context.incoming)enterVehicleAsPassenger(context.fromUid||context.partnerUid,context.vehicleId||'');else{player.car.passengerUid=context.partnerUid||'';toast(`${context.partnerName||'Seu amigo'} entrou como passageiro.`,'good',2600);}}"
if,28-multiplayer-social-online.js,4970,"else if(actionType==='boatPassenger'){if(context.role==='passenger'||context.incoming)enterBoatAsPassenger(context.fromUid||context.partnerUid);else{player.boat.passengerUid=context.partnerUid||'';toast(`${context.partnerName||'Seu amigo'} entrou como passageiro.`,'good',2600);}}"
else,28-multiplayer-social-online.js,4970,"else if(actionType==='boatPassenger'){if(context.role==='passenger'||context.incoming)enterBoatAsPassenger(context.fromUid||context.partnerUid);else{player.boat.passengerUid=context.partnerUid||'';toast(`${context.partnerName||'Seu amigo'} entrou como passageiro.`,'good',2600);}}"
if,28-multiplayer-social-online.js,4971,"else if(actionType==='fishTogether'){startFishing(player.boating?'boat':'shore',{cooperative:true,requestId:rewardKey,partnerName:context.partnerName||context.fromName||'amigo'});}"
else,28-multiplayer-social-online.js,4971,"else if(actionType==='fishTogether'){startFishing(player.boating?'boat':'shore',{cooperative:true,requestId:rewardKey,partnerName:context.partnerName||context.fromName||'amigo'});}"
if,28-multiplayer-social-online.js,4972,else if(actionType==='campfireJoin'){openNearestCampfire();}
else,28-multiplayer-social-online.js,4972,else if(actionType==='campfireJoin'){openNearestCampfire();}
if,28-multiplayer-social-online.js,4973,"else if(actionType==='huntTogether'){startHunting({cooperative:true,requestId:rewardKey,partnerName:context.partnerName||context.fromName||'amigo'});}"
else,28-multiplayer-social-online.js,4973,"else if(actionType==='huntTogether'){startHunting({cooperative:true,requestId:rewardKey,partnerName:context.partnerName||context.fromName||'amigo'});}"
if,28-multiplayer-social-online.js,4974,if(rewardKey){state.multiplayerRequests.completed.push(rewardKey);state.multiplayerRequests.completed=state.multiplayerRequests.completed.slice(-80);}saveState();
if,28-multiplayer-social-online.js,4977,"const request=incomingSocialRequests.get(id);if(!request)return;els.challengePromptAccept.disabled=true;els.challengePromptDecline.disabled=true;const result=await window.OTTHOS_RTDB?.respondSocialRequest?.(id,'accepted');"
if,28-multiplayer-social-online.js,4978,"if(result?.ok){closeChallengePrompt();applyAcceptedSocialAction(request.actionType,{incoming:true,role:['boatPassenger','vehiclePassenger'].includes(request.actionType)?'passenger':'participant',requestId:id,fromUid:request.fromUid,fromName:request.fromName,partnerName:request.fromName,vehicleId:request.vehicleId||request.extra?.vehicleId||''});toast(`Convite de ${request.fromName||'Jogador'} aceito.`,'good',2200);setTimeout(()=>window.OTTHOS_RTDB?.completeSocialRequest?.(id),1800);}else{closeCh"
else,28-multiplayer-social-online.js,4978,"if(result?.ok){closeChallengePrompt();applyAcceptedSocialAction(request.actionType,{incoming:true,role:['boatPassenger','vehiclePassenger'].includes(request.actionType)?'passenger':'participant',requestId:id,fromUid:request.fromUid,fromName:request.fromName,partnerName:request.fromName,vehicleId:request.vehicleId||request.extra?.vehicleId||''});toast(`Convite de ${request.fromName||'Jogador'} aceito.`,'good',2200);setTimeout(()=>window.OTTHOS_RTDB?.completeSocialRequest?.(id),1800);}else{closeCh"
if,28-multiplayer-social-online.js,4983,"async function launchSessionWithCountdown(session){if(!session)return;closeChallengePrompt();closeModal();let count=3;const draw=()=>openModal(`Duelo: ${multiplayerGameLabel(session.type)}`,`<div class=""duel-countdown""><small>Contra ${escapeHtml(sessionOpponentName(session))}</small><b>${count}</b><span>Prepare-se!</span></div>`,root=>{});draw();const timer=setInterval(()=>{count--;if(count<=0){clearInterval(timer);closeModal();startMultiplayerEducationGame(session);}else draw();},620);}"
else,28-multiplayer-social-online.js,4983,"async function launchSessionWithCountdown(session){if(!session)return;closeChallengePrompt();closeModal();let count=3;const draw=()=>openModal(`Duelo: ${multiplayerGameLabel(session.type)}`,`<div class=""duel-countdown""><small>Contra ${escapeHtml(sessionOpponentName(session))}</small><b>${count}</b><span>Prepare-se!</span></div>`,root=>{});draw();const timer=setInterval(()=>{count--;if(count<=0){clearInterval(timer);closeModal();startMultiplayerEducationGame(session);}else draw();},620);}"
if,28-multiplayer-social-online.js,4984,"function updateOnlineAttention(){const count=guardianCommunicationAllowed()?pendingChallenges().length+socialRequestPending().length+readyGameSessions().filter(s=>!s.players?.[window.OTTHOS_RTDB?.uid]?.finished).length:0;els.onlineBtn?.classList.toggle('attention',count>0);if(els.onlineBtn){const span=$('span',els.onlineBtn);if(span)span.textContent=count?`Online ${count}`:'Online';}}"
if,28-multiplayer-social-online.js,4988,"function rememberMatchResult(session){if(!session?.result)return null;const list=state.learning.matchHistory||(state.learning.matchHistory=[]),existing=list.find(x=>x.id===session.id);if(existing)return existing;const uid=window.OTTHOS_RTDB?.uid,r=session.result,mine=session.players?.[uid]||{},other=Object.entries(session.players||{}).find(([id])=>id!==uid)?.[1]||{};const entry={id:session.id,type:session.type,opponent:sessionOpponentName(session),myScore:Number(mine.score||0),otherScore:Number("
if,28-multiplayer-social-online.js,4991,"function bindChallengeCards(root=els.modalBody){$$('[data-accept-challenge]',root).forEach(btn=>btn.onclick=()=>acceptIncomingChallenge(btn.dataset.acceptChallenge));$$('[data-decline-challenge]',root).forEach(btn=>btn.onclick=()=>declineIncomingChallenge(btn.dataset.declineChallenge));$$('[data-accept-social]',root).forEach(btn=>btn.onclick=()=>acceptIncomingSocialRequest(btn.dataset.acceptSocial));$$('[data-decline-social]',root).forEach(btn=>btn.onclick=()=>declineIncomingSocialRequest(btn.da"
if,28-multiplayer-social-online.js,4992,"async function acceptIncomingChallenge(id){const c=incomingChallenges.get(id)||window.OTTHOS_RTDB?.getChallenges?.()?.[id];if(!c){toast('Convite não encontrado. Abra Online e tente novamente.','warn');return;}els.challengePromptAccept.disabled=true;els.challengePromptDecline.disabled=true;els.challengePromptAccept.textContent='Conectando...';const result=await window.OTTHOS_RTDB?.respondGameChallenge?.(id,true);if(!result?.ok){els.challengePromptAccept.disabled=false;els.challengePromptDecline.d"
else,28-multiplayer-social-online.js,4992,"async function acceptIncomingChallenge(id){const c=incomingChallenges.get(id)||window.OTTHOS_RTDB?.getChallenges?.()?.[id];if(!c){toast('Convite não encontrado. Abra Online e tente novamente.','warn');return;}els.challengePromptAccept.disabled=true;els.challengePromptDecline.disabled=true;els.challengePromptAccept.textContent='Conectando...';const result=await window.OTTHOS_RTDB?.respondGameChallenge?.(id,true);if(!result?.ok){els.challengePromptAccept.disabled=false;els.challengePromptDecline.d"
if,28-multiplayer-social-online.js,4993,"async function declineIncomingChallenge(id){const c=incomingChallenges.get(id);if(!c)return;els.challengePromptAccept.disabled=true;els.challengePromptDecline.disabled=true;await window.OTTHOS_RTDB?.respondGameChallenge?.(id,false);c.status='declined';incomingChallenges.set(id,c);closeChallengePrompt();refreshOpenSocialHub();updateOnlineAttention();}"
if,28-multiplayer-social-online.js,4994,"function highestUnlockedLevel(subject){let value=1;for(let level=2;level<=6;level++){if(subjectUnlocked(subject,level))value=level;}return value;}"
for,28-multiplayer-social-online.js,4994,"function highestUnlockedLevel(subject){let value=1;for(let level=2;level<=6;level++){if(subjectUnlocked(subject,level))value=level;}return value;}"
if,28-multiplayer-social-online.js,4995,"function openChallengePicker(uid,name){openModal(`Desafiar ${name}`,`<p>Escolha o jogo. O outro jogador receberá um cartão na tela com <b>Aceitar e jogar</b>.</p><div class=""challenge-picker""><button data-challenge-type=""math""><span>🔢</span><b>Matemática Kids</b><small>Contagem, soma e lógica</small></button><button data-challenge-type=""portuguese""><span>📚</span><b>Português Kids</b><small>Letras, sílabas e palavras</small></button><button data-challenge-type=""english""><span>🌎</span><b>English K"
else,28-multiplayer-social-online.js,4995,"function openChallengePicker(uid,name){openModal(`Desafiar ${name}`,`<p>Escolha o jogo. O outro jogador receberá um cartão na tela com <b>Aceitar e jogar</b>.</p><div class=""challenge-picker""><button data-challenge-type=""math""><span>🔢</span><b>Matemática Kids</b><small>Contagem, soma e lógica</small></button><button data-challenge-type=""portuguese""><span>📚</span><b>Português Kids</b><small>Letras, sílabas e palavras</small></button><button data-challenge-type=""english""><span>🌎</span><b>English K"
if,28-multiplayer-social-online.js,4997,"function startMultiplayerEducationGame(session){if(!session||session.status!=='active'){toast('Esta partida ainda não está pronta.','warn');return;}if(activeMultiplayerGameId&&activeMultiplayerGameId!==session.id){toast('Termine a partida atual.','warn');return;}activeMultiplayerGameId=session.id;closeChallengePrompt();runEducationGame({subject:session.type,level:Number(session.level||1),seed:Number(session.seed)||Date.now(),rounds:Number(session.rounds||5),multiplayer:true,opponent:sessionOppon"
if,28-multiplayer-social-online.js,4998,"function maybeShowMultiplayerResult(session){const players=Object.values(session.players||{}),uid=window.OTTHOS_RTDB?.uid;if(players.length<2||!players.every(p=>p.finished))return;if(!session.result){window.OTTHOS_RTDB?.finalizeGameSession?.(session.id);return;}const mine=session.players?.[uid],other=Object.entries(session.players||{}).find(([id])=>id!==uid)?.[1],entry=rememberMatchResult(session),won=!session.result.draw&&session.result.winnerUid===uid,draw=!!session.result.draw;if(entry&&!entr"
if,28-multiplayer-social-online.js,5000,function multiplayerStatusText(){const roomName=roomDisplayName(currentOnlineRoom());if(multiplayerState.connected)return`${roomName} • ${multiplayerState.count||1} online`;if(window.OTTHOS_RTDB?.configured)return multiplayerState.error?`Offline: ${multiplayerState.error}`:`Conectando ao ${roomName}...`;return'Firebase indisponível';}
if,28-multiplayer-social-online.js,5001,"function updateMultiplayerBadge(){if(!els.multiplayerBadge)return;els.multiplayerBadge.classList.toggle('online',multiplayerState.connected);els.multiplayerBadge.classList.toggle('offline',!multiplayerState.connected);const label=$('span',els.multiplayerBadge);if(label)label.textContent=multiplayerState.connected?`${multiplayerState.count||1} online`:'Offline';}"
if,28-multiplayer-social-online.js,5004,"function bindOnlinePlayerCards(root=els.modalBody){$$('[data-online-player]',root).forEach(btn=>btn.onclick=()=>{const uid=btn.dataset.onlinePlayer,ghost=world.ghosts.get(uid);if(ghost)openRemotePlayerActions(uid,ghost);});}"
if,28-multiplayer-social-online.js,5005,"function refreshOpenSocialHub(){updateOnlineAttention();if(els.modal.hidden||els.modalTitle.textContent!=='Mundo Online')return;const players=onlinePlayers(),status=$('#onlineStatusText',els.modalBody),count=$('#onlineCount',els.modalBody),list=$('#onlinePlayerList',els.modalBody),chat=$('#worldChatList',els.modalBody),socialInvites=$('#socialRequestInbox',els.modalBody),invites=$('#challengeInbox',els.modalBody),sessions=$('#activeGameSessions',els.modalBody),history=$('#duelHistory',els.modalB"
if,28-multiplayer-social-online.js,5009,"if(!guardianMultiplayerAllowed()){openModal('Mundo Online','<div class=""parent-gate""><span>🛡️</span><h3>Multiplayer desativado</h3><p>O modo online está temporariamente indisponível. Verifique a conexão e tente novamente.</p></div>');return;}"
if,28-multiplayer-social-online.js,5010,"if(!guardianCommunicationAllowed()){openModal('Mundo Online',`<div class=""online-status-card""><b>${multiplayerStatusText()}</b><span>A presença no bairro está ativa, mas comunicação, convites e interações foram desativados por um responsável.</span></div><div class=""social-tabs""><b>Jogadores no bairro</b><small>${players.length} além de você</small></div><div class=""online-player-list"">${players.map(p=>`<div class=""online-player-card""><span>👤</span><b>${escapeHtml(p.name)}</b><small>${Math.round"
if,28-multiplayer-social-online.js,5014,"$$('[data-approved-chat]',root).forEach(btn=>btn.onclick=async()=>{btn.disabled=true;const result=await window.OTTHOS_RTDB?.sendChat?.(btn.dataset.approvedChat);btn.disabled=false;if(result===false||result?.ok===false)toast(result?.error||'A frase não pôde ser enviada.','warn');});"
if,28-multiplayer-social-online.js,5023,"$$('[data-report-reason]',root).forEach(btn=>btn.onclick=async()=>{btn.disabled=true;const result=await window.OTTHOS_RTDB?.reportPlayer?.(uid,btn.dataset.reportReason);if(result?.ok===false||result===false){btn.disabled=false;toast(result?.error||'Não foi possível enviar a denúncia.','warn');return;}closeModal();toast('Denúncia registrada. Um responsável pode também bloquear esse jogador.','good',3000);});"
if,28-multiplayer-social-online.js,5028,"if(!guardianCommunicationAllowed()){toast('As interações foram desativadas por um responsável.','warn');return;}"
if,28-multiplayer-social-online.js,5032,if(btn.dataset.actionBusy==='1')return;btn.dataset.actionBusy='1';btn.disabled=true;const action=btn.dataset.playerAction;let completed=false;
if,28-multiplayer-social-online.js,5034,if(action==='message'){closeModal();openSocialHub();return;}
if,28-multiplayer-social-online.js,5035,"if(action==='report'){openReportPlayer(uid,name);return;}"
if,28-multiplayer-social-online.js,5036,"if(action==='block'){if(!(await confirmModal('Bloquear jogador',`Bloquear ${name} e ocultar seus contatos?`,'Bloquear','Cancelar')))return;const result=await window.OTTHOS_RTDB?.blockPlayer?.(uid);if(result?.ok===false||result===false){toast(result?.error||'Não foi possível bloquear.','warn');return;}remotePresence.delete(uid);const blockedGhost=world.ghosts.get(uid);if(blockedGhost){scene?.remove(blockedGhost);world.ghosts.delete(uid);}closeModal();toast(`${name} foi bloqueado.`,'good');return;"
if,28-multiplayer-social-online.js,5037,"if(action==='giftCoins'){completed=!!(await window.OTTHOS_RTDB?.sendGift?.(uid,{type:'coins',amount:10}));if(completed)toast(`Símbolo de moedas enviado para ${name}.`,'good');}"
if,28-multiplayer-social-online.js,5038,"else if(action==='giftCrystal'){completed=!!(await window.OTTHOS_RTDB?.sendGift?.(uid,{type:'crystal',amount:1}));if(completed)toast(`Símbolo de cristal enviado para ${name}.`,'good');}"
else,28-multiplayer-social-online.js,5038,"else if(action==='giftCrystal'){completed=!!(await window.OTTHOS_RTDB?.sendGift?.(uid,{type:'crystal',amount:1}));if(completed)toast(`Símbolo de cristal enviado para ${name}.`,'good');}"
if,28-multiplayer-social-online.js,5039,"else if(action==='challenge'){openChallengePicker(uid,name);return;}"
else,28-multiplayer-social-online.js,5039,"else if(action==='challenge'){openChallengePicker(uid,name);return;}"
if,28-multiplayer-social-online.js,5040,"else if(action==='wave'){completed=!!(await window.OTTHOS_RTDB?.sendInteraction?.(uid,{type:'wave'}));if(completed){triggerEmote('wave');toast(`Você acenou para ${name}.`,'good');}}"
else,28-multiplayer-social-online.js,5040,"else if(action==='wave'){completed=!!(await window.OTTHOS_RTDB?.sendInteraction?.(uid,{type:'wave'}));if(completed){triggerEmote('wave');toast(`Você acenou para ${name}.`,'good');}}"
else,28-multiplayer-social-online.js,5041,"else completed=await sendSocialActionRequest(uid,name,action,{boatId:state.boats.activeBoatId||'',vehicleId:player.car.id||'',campfireId:nearCamp?.data?.id||''});"
if,28-multiplayer-social-online.js,5042,"if(completed)closeModal();else if(action==='wave'||action.startsWith('gift'))toast('A ação não foi enviada. Confirme se as regras Firebase deste pacote foram publicadas.','warn',3200);"
else,28-multiplayer-social-online.js,5042,"if(completed)closeModal();else if(action==='wave'||action.startsWith('gift'))toast('A ação não foi enviada. Confirme se as regras Firebase deste pacote foram publicadas.','warn',3200);"
catch,28-multiplayer-social-online.js,5043,"}catch(error){toast(error?.message||'A ação online não pôde ser concluída.','warn',3000);}"
if,28-multiplayer-social-online.js,5044,finally{if(btn.isConnected){delete btn.dataset.actionBusy;btn.disabled=false;}}
if,28-multiplayer-social-online.js,5047,"function nearestRemotePlayer(){let found=null,best=Infinity;for(const [uid,g] of world.ghosts){const d=Math.hypot(player.x-g.position.x,player.z-g.position.z);if(d<2.7&&d<best){best=d;found={uid,ghost:g};}}return found;}"
for,28-multiplayer-social-online.js,5047,"function nearestRemotePlayer(){let found=null,best=Infinity;for(const [uid,g] of world.ghosts){const d=Math.hypot(player.x-g.position.x,player.z-g.position.z);if(d<2.7&&d<best){best=d;found={uid,ghost:g};}}return found;}"
if,28-multiplayer-social-online.js,5050,if(!worldGroup)return;const me=window.OTTHOS_RTDB?.uid||'';
if,28-multiplayer-social-online.js,5051,"const fireItems=[];for(const[ownerUid,items]of Object.entries(pendingCloudCampfires||{}))if(ownerUid!==me)for(const item of Object.values(items||{}))if(item&&Number(item.expiresAt||0)>Date.now())fireItems.push({...item,ownerUid});"
for,28-multiplayer-social-online.js,5051,"const fireItems=[];for(const[ownerUid,items]of Object.entries(pendingCloudCampfires||{}))if(ownerUid!==me)for(const item of Object.values(items||{}))if(item&&Number(item.expiresAt||0)>Date.now())fireItems.push({...item,ownerUid});"
if,28-multiplayer-social-online.js,5052,"const fireKeys=new Set(fireItems.map(x=>x.id));for(const c of [...world.campfires])if(c.data.remote&&!fireKeys.has(c.data.id)){c.interactable.disabled=true;worldGroup.remove(c.group);world.campfires=world.campfires.filter(x=>x!==c);}fireItems.forEach(item=>spawnCampfire(item,true));"
for,28-multiplayer-social-online.js,5052,"const fireKeys=new Set(fireItems.map(x=>x.id));for(const c of [...world.campfires])if(c.data.remote&&!fireKeys.has(c.data.id)){c.interactable.disabled=true;worldGroup.remove(c.group);world.campfires=world.campfires.filter(x=>x!==c);}fireItems.forEach(item=>spawnCampfire(item,true));"
if,28-multiplayer-social-online.js,5053,"const extensionItems=[];for(const[ownerUid,items]of Object.entries(pendingCloudExtensions||{}))if(ownerUid!==me)for(const item of Object.values(items||{}))if(item)extensionItems.push({...item,ownerUid});"
for,28-multiplayer-social-online.js,5053,"const extensionItems=[];for(const[ownerUid,items]of Object.entries(pendingCloudExtensions||{}))if(ownerUid!==me)for(const item of Object.values(items||{}))if(item)extensionItems.push({...item,ownerUid});"
if,28-multiplayer-social-online.js,5054,"const extensionKeys=new Set(extensionItems.map(x=>x.id));for(const e of [...world.houseExtensions])if(e.data.remote&&!extensionKeys.has(e.data.id)){worldGroup.remove(e.group);world.houseExtensions=world.houseExtensions.filter(x=>x!==e);const it=world.interactables.find(x=>x.id===`extension-${e.data.id}`);if(it)it.disabled=true;}extensionItems.forEach(item=>spawnHouseExtension(item,true));"
for,28-multiplayer-social-online.js,5054,"const extensionKeys=new Set(extensionItems.map(x=>x.id));for(const e of [...world.houseExtensions])if(e.data.remote&&!extensionKeys.has(e.data.id)){worldGroup.remove(e.group);world.houseExtensions=world.houseExtensions.filter(x=>x!==e);const it=world.interactables.find(x=>x.id===`extension-${e.data.id}`);if(it)it.disabled=true;}extensionItems.forEach(item=>spawnHouseExtension(item,true));"
if,28-multiplayer-social-online.js,5057,if(!guardianMultiplayerAllowed()||!data||data.uid===window.OTTHOS_RTDB?.uid||window.OTTHOS_RTDB?.isPlayerBlocked?.(data.uid))return;
if,28-multiplayer-social-online.js,5060,"if(scene&&!ghost){ghost=createGhost(multiplayerAvatarPrimaryColor(safeAvatar,data.color),safeData.name,safeAvatar);world.ghosts.set(data.uid,ghost);}"
if,28-multiplayer-social-online.js,5061,"if(ghost){updateGhostName(ghost,safeData.name);applyRemoteAvatarIfChanged(ghost,safeAvatar);ghost.userData.target=safeData;}"
if,28-multiplayer-social-online.js,5064,"window.addEventListener('otthos:mp-status',e=>{multiplayerState={...multiplayerState,...e.detail};state.multiplayer.cloudReady=!!multiplayerState.connected;if(e.detail?.uid)state.multiplayer.cloudUid=e.detail.uid;if(e.detail?.room)state.multiplayer.room=normalizeRoomId(e.detail.room);if(Array.isArray(e.detail?.players)){remotePresence.clear();e.detail.players.filter(p=>p.uid!==window.OTTHOS_RTDB?.uid&&!window.OTTHOS_RTDB?.isPlayerBlocked?.(p.uid)).forEach(p=>remotePresence.set(p.uid,{...p,name:r"
if,28-multiplayer-social-online.js,5065,"window.addEventListener('otthi:guardian-settings',e=>{state.guardian={...state.guardian,...(e.detail||{})};if(!guardianCommunicationAllowed())closeChallengePrompt();if(!guardianMultiplayerAllowed()){for(const ghost of world.ghosts.values())scene?.remove(ghost);world.ghosts.clear();remotePresence.clear();}saveState();updateOnlineAttention();updateMultiplayerBadge();refreshOpenSocialHub();});"
for,28-multiplayer-social-online.js,5065,"window.addEventListener('otthi:guardian-settings',e=>{state.guardian={...state.guardian,...(e.detail||{})};if(!guardianCommunicationAllowed())closeChallengePrompt();if(!guardianMultiplayerAllowed()){for(const ghost of world.ghosts.values())scene?.remove(ghost);world.ghosts.clear();remotePresence.clear();}saveState();updateOnlineAttention();updateMultiplayerBadge();refreshOpenSocialHub();});"
if,28-multiplayer-social-online.js,5067,"window.addEventListener('otthos:mp-leave',e=>{const id=e.detail?.uid;remotePresence.delete(id);if(player.boat.passengerUid===id)player.boat.passengerUid='';if(player.car.passengerUid===id)player.car.passengerUid='';const ghost=world.ghosts.get(id);if(ghost){scene?.remove(ghost);world.ghosts.delete(id);}multiplayerState.count=Math.max(1,remotePresence.size+1);updateMultiplayerBadge();refreshOpenSocialHub();});"
for,28-multiplayer-social-online.js,5071,"window.addEventListener('otthos:houses',e=>{cloudHouses.clear();for(const [id,data] of Object.entries(e.detail||{}))cloudHouses.set(id,data);reconcileCloudHouses();});"
if,28-multiplayer-social-online.js,5072,"window.addEventListener('otthos:chat',e=>{const incoming=e.detail;if(!guardianCommunicationAllowed()||!incoming||window.OTTHOS_RTDB?.isPlayerBlocked?.(incoming.senderUid)||Number(incoming.createdAt||0)<=Number(state.social.chatHiddenBefore||0))return;const m={...incoming,name:remotePlayerName(incoming.name,incoming.senderUid)};const existing=cloudChat.findIndex(x=>x.id===m.id);if(existing>=0)cloudChat[existing]=m;else cloudChat.push(m);cloudChat.sort((a,b)=>Number(a.createdAt||0)-Number(b.create"
else,28-multiplayer-social-online.js,5072,"window.addEventListener('otthos:chat',e=>{const incoming=e.detail;if(!guardianCommunicationAllowed()||!incoming||window.OTTHOS_RTDB?.isPlayerBlocked?.(incoming.senderUid)||Number(incoming.createdAt||0)<=Number(state.social.chatHiddenBefore||0))return;const m={...incoming,name:remotePlayerName(incoming.name,incoming.senderUid)};const existing=cloudChat.findIndex(x=>x.id===m.id);if(existing>=0)cloudChat[existing]=m;else cloudChat.push(m);cloudChat.sort((a,b)=>Number(a.createdAt||0)-Number(b.create"
while,28-multiplayer-social-online.js,5072,"window.addEventListener('otthos:chat',e=>{const incoming=e.detail;if(!guardianCommunicationAllowed()||!incoming||window.OTTHOS_RTDB?.isPlayerBlocked?.(incoming.senderUid)||Number(incoming.createdAt||0)<=Number(state.social.chatHiddenBefore||0))return;const m={...incoming,name:remotePlayerName(incoming.name,incoming.senderUid)};const existing=cloudChat.findIndex(x=>x.id===m.id);if(existing>=0)cloudChat[existing]=m;else cloudChat.push(m);cloudChat.sort((a,b)=>Number(a.createdAt||0)-Number(b.create"
if,28-multiplayer-social-online.js,5073,"window.addEventListener('otthos:chat-removed',e=>{const id=e.detail?.id,index=cloudChat.findIndex(m=>m.id===id);if(index>=0)cloudChat.splice(index,1);refreshOpenSocialHub();});"
if,28-multiplayer-social-online.js,5074,"window.addEventListener('otthos:gift',e=>{const gift=e.detail;if(!guardianCommunicationAllowed()||!gift)return;if(!((gift.type==='coins'&&Number(gift.amount)===10)||(gift.type==='crystal'&&Number(gift.amount)===1)))return;toast('🎁 Você recebeu um presente simbólico!','good',2600);});"
if,28-multiplayer-social-online.js,5075,"window.addEventListener('otthos:interaction',e=>{const it=e.detail;if(!guardianCommunicationAllowed()||!it)return;const sender='Outro jogador';"
if,28-multiplayer-social-online.js,5076,"if(it.type==='boatPassengerLeft'){if(player.boat.passengerUid!==it.senderUid)return;player.boat.passengerUid='';toast(`${sender} saiu do barco.`,'warn',1900);}"
if,28-multiplayer-social-online.js,5077,"else if(it.type==='boatEnded'){if(player.boating&&player.boat.passengerOf===it.senderUid)exitBoat(true);toast('O motorista encerrou o passeio de barco.','warn',2300);}"
else,28-multiplayer-social-online.js,5077,"else if(it.type==='boatEnded'){if(player.boating&&player.boat.passengerOf===it.senderUid)exitBoat(true);toast('O motorista encerrou o passeio de barco.','warn',2300);}"
if,28-multiplayer-social-online.js,5078,"else if(it.type==='vehiclePassengerLeft'){if(player.car.passengerUid!==it.senderUid)return;player.car.passengerUid='';toast(`${sender} saiu do carro.`,'warn',1900);}"
else,28-multiplayer-social-online.js,5078,"else if(it.type==='vehiclePassengerLeft'){if(player.car.passengerUid!==it.senderUid)return;player.car.passengerUid='';toast(`${sender} saiu do carro.`,'warn',1900);}"
if,28-multiplayer-social-online.js,5079,"else if(it.type==='vehicleEnded'){if(player.vehicle&&player.car.passengerOf===it.senderUid)exitVehicle(true);toast('O motorista encerrou o passeio de carro.','warn',2300);}"
else,28-multiplayer-social-online.js,5079,"else if(it.type==='vehicleEnded'){if(player.vehicle&&player.car.passengerOf===it.senderUid)exitVehicle(true);toast('O motorista encerrou o passeio de carro.','warn',2300);}"
if,28-multiplayer-social-online.js,5080,"else if(it.type==='challengeAccepted')toast(`🎮 ${sender} aceitou seu desafio! Abra Online para jogar.`,'good',3400);"
else,28-multiplayer-social-online.js,5080,"else if(it.type==='challengeAccepted')toast(`🎮 ${sender} aceitou seu desafio! Abra Online para jogar.`,'good',3400);"
if,28-multiplayer-social-online.js,5081,"else if(it.type==='challengeDeclined')toast(`${sender} recusou o desafio.`,'warn',2400);"
else,28-multiplayer-social-online.js,5081,"else if(it.type==='challengeDeclined')toast(`${sender} recusou o desafio.`,'warn',2400);"
if,28-multiplayer-social-online.js,5082,else if(it.type==='socialRequestResult'){
else,28-multiplayer-social-online.js,5082,else if(it.type==='socialRequestResult'){
if,28-multiplayer-social-online.js,5083,"const status=it.status||'',action=it.actionType||'';if(status==='accepted'){toast(`✅ ${sender} aceitou ${socialActionLabel(action)}.`,'good',2600);applyAcceptedSocialAction(action,{requestId:it.requestId,partnerName:sender,partnerUid:it.senderUid,role:'host'});}else if(status==='declined')toast(`${sender} recusou o convite.`,'warn',2300);else toast('O convite foi cancelado ou expirou.','warn',2500);"
else,28-multiplayer-social-online.js,5083,"const status=it.status||'',action=it.actionType||'';if(status==='accepted'){toast(`✅ ${sender} aceitou ${socialActionLabel(action)}.`,'good',2600);applyAcceptedSocialAction(action,{requestId:it.requestId,partnerName:sender,partnerUid:it.senderUid,role:'host'});}else if(status==='declined')toast(`${sender} recusou o convite.`,'warn',2300);else toast('O convite foi cancelado ou expirou.','warn',2500);"
else,28-multiplayer-social-online.js,5084,"}else{const social=it.type==='wave'?'wave':'wave';triggerEmote(social);toast(`👋 ${sender} acenou para você.`,'good',2200);}"
if,28-multiplayer-social-online.js,5086,"window.addEventListener('otthos:social-request',e=>{const incoming=e.detail;if(!guardianCommunicationAllowed()||!incoming)return;const r={...incoming,fromName:remotePlayerName(incoming.fromName,incoming.fromUid),toName:remotePlayerName(incoming.toName,incoming.toUid)};incomingSocialRequests.set(r.id,r);updateOnlineAttention();refreshOpenSocialHub();if(r.status==='pending'&&Number(r.expiresAt||0)>Date.now()){showIncomingSocialRequest(r);if(!shownSocialToasts.has(r.id)){shownSocialToasts.add(r.id)"
else,28-multiplayer-social-online.js,5086,"window.addEventListener('otthos:social-request',e=>{const incoming=e.detail;if(!guardianCommunicationAllowed()||!incoming)return;const r={...incoming,fromName:remotePlayerName(incoming.fromName,incoming.fromUid),toName:remotePlayerName(incoming.toName,incoming.toUid)};incomingSocialRequests.set(r.id,r);updateOnlineAttention();refreshOpenSocialHub();if(r.status==='pending'&&Number(r.expiresAt||0)>Date.now()){showIncomingSocialRequest(r);if(!shownSocialToasts.has(r.id)){shownSocialToasts.add(r.id)"
if,28-multiplayer-social-online.js,5087,"window.addEventListener('otthos:social-request-removed',e=>{incomingSocialRequests.delete(e.detail?.id);if(promptSocialRequestId===e.detail?.id)closeChallengePrompt();updateOnlineAttention();refreshOpenSocialHub();});"
if,28-multiplayer-social-online.js,5089,"window.addEventListener('otthos:challenge',e=>{const incoming=e.detail;if(!guardianCommunicationAllowed()||!incoming)return;const c={...incoming,fromName:remotePlayerName(incoming.fromName,incoming.fromUid),toName:remotePlayerName(incoming.toName,incoming.toUid)};incomingChallenges.set(c.id,c);updateOnlineAttention();refreshOpenSocialHub();if(c.status==='pending'){showIncomingChallengePrompt(c);if(!shownChallengeToasts.has(c.id)){shownChallengeToasts.add(c.id);toast(`⚔️ ${c.fromName} enviou ${mu"
if,28-multiplayer-social-online.js,5091,"window.addEventListener('otthos:game-session',e=>{const incoming=e.detail;if(!guardianCommunicationAllowed()||!incoming)return;const s=sanitizeRemoteSession(incoming);gameSessions.set(s.id,s);updateOnlineAttention();refreshOpenSocialHub();if(s.status==='active'){const mine=s.players?.[window.OTTHOS_RTDB?.uid];if(!mine?.finished&&!activeMultiplayerGameId)showReadySessionPrompt(s);}if(s.status==='active'||s.status==='completed')maybeShowMultiplayerResult(s);});"
if,28-multiplayer-social-online.js,5093,"window.addEventListener('otthos:rtdb-ready',async()=>{try{const guardian=await window.OTTHOS_RTDB?.getGuardianSettings?.();if(guardian&&typeof guardian==='object')state.guardian={...state.guardian,...(guardian.settings||guardian)};}catch{}if(!guardianMultiplayerAllowed()){window.OTTHOS_RTDB?.disconnect?.();return;}if(running||hasValidPlayerName()){const ok=await window.OTTHOS_RTDB?.connect?.({name:publicPlayerName()});if(ok){window.OTTHOS_RTDB?.syncCampfires?.(state.campfires);window.OTTHOS_RTDB"
catch,28-multiplayer-social-online.js,5093,"window.addEventListener('otthos:rtdb-ready',async()=>{try{const guardian=await window.OTTHOS_RTDB?.getGuardianSettings?.();if(guardian&&typeof guardian==='object')state.guardian={...state.guardian,...(guardian.settings||guardian)};}catch{}if(!guardianMultiplayerAllowed()){window.OTTHOS_RTDB?.disconnect?.();return;}if(running||hasValidPlayerName()){const ok=await window.OTTHOS_RTDB?.connect?.({name:publicPlayerName()});if(ok){window.OTTHOS_RTDB?.syncCampfires?.(state.campfires);window.OTTHOS_RTDB"
if,28-multiplayer-social-online.js,5096,"if(typeof BroadcastChannel==='function'){localChannel=new BroadcastChannel('otthos-life-world-v636');localChannel.onmessage=e=>{const data=e.data;if(!data||data.id===state.profile.playerId)return;if(data.type==='leave'){const ghost=world.ghosts.get(data.id);if(ghost){scene.remove(ghost);world.ghosts.delete(data.id);}return;}remotePlayerEvent({...data,uid:data.id});};window.addEventListener('beforeunload',()=>localChannel?.postMessage({type:'leave',id:state.profile.playerId}));}"
if,28-multiplayer-social-online.js,5097,"window.OTTHOS_MULTIPLAYER={version:8,playerId:state.profile.playerId,mode:window.OTTHOS_RTDB?.configured?'firebase-neighborhoods':'local-preview',connect:()=>guardianMultiplayerAllowed()?(window.OTTHOS_RTDB?.connect?.({name:publicPlayerName()})||true):false,publish:payload=>{if(!guardianMultiplayerAllowed())return false;localChannel?.postMessage(payload);window.OTTHOS_RTDB?.publish?.(payload);return true;},adapter:window.OTTHOS_RTDB?.configured?'Firebase Realtime Database':'BroadcastChannel'};up"
if,28-multiplayer-social-online.js,5103,"for(const field of MULTIPLAYER_AVATAR_FIELDS){const raw=source[field]??fallback[field];if(field.endsWith('Color')||field==='skinTone')clean[field]=safeAvatarColor(raw,fallback[field]||'#f0b37e');else clean[field]=String(raw??'').replace(/[^A-Za-z0-9_-]/g,'').slice(0,28);}"
else,28-multiplayer-social-online.js,5103,"for(const field of MULTIPLAYER_AVATAR_FIELDS){const raw=source[field]??fallback[field];if(field.endsWith('Color')||field==='skinTone')clean[field]=safeAvatarColor(raw,fallback[field]||'#f0b37e');else clean[field]=String(raw??'').replace(/[^A-Za-z0-9_-]/g,'').slice(0,28);}"
for,28-multiplayer-social-online.js,5103,"for(const field of MULTIPLAYER_AVATAR_FIELDS){const raw=source[field]??fallback[field];if(field.endsWith('Color')||field==='skinTone')clean[field]=safeAvatarColor(raw,fallback[field]||'#f0b37e');else clean[field]=String(raw??'').replace(/[^A-Za-z0-9_-]/g,'').slice(0,28);}"
if,28-multiplayer-social-online.js,5108,"function avatarHex(value,fallback=0x5ad8ff){const clean=String(value||'').trim();if(/^#[0-9a-f]{6}$/i.test(clean))return parseInt(clean.slice(1),16);const n=Number(value);return Number.isFinite(n)?Math.max(0,Math.min(0xffffff,n)):fallback;}"
if,28-multiplayer-social-online.js,5112,function disposeGhostAvatar(root){if(!root)return;for(const child of [...root.children]){root.remove(child);child.traverse?.(node=>{if(node.userData?.remoteDisposable){node.geometry?.dispose?.();if(Array.isArray(node.material))node.material.forEach(item=>item?.dispose?.());else node.material?.dispose?.();}});}}
else,28-multiplayer-social-online.js,5112,function disposeGhostAvatar(root){if(!root)return;for(const child of [...root.children]){root.remove(child);child.traverse?.(node=>{if(node.userData?.remoteDisposable){node.geometry?.dispose?.();if(Array.isArray(node.material))node.material.forEach(item=>item?.dispose?.());else node.material?.dispose?.();}});}}
for,28-multiplayer-social-online.js,5112,function disposeGhostAvatar(root){if(!root)return;for(const child of [...root.children]){root.remove(child);child.traverse?.(node=>{if(node.userData?.remoteDisposable){node.geometry?.dispose?.();if(Array.isArray(node.material))node.material.forEach(item=>item?.dispose?.());else node.material?.dispose?.();}});}}
if,28-multiplayer-social-online.js,5118,"if(happy||brave)box(.24,.045,.045,0x8f302e,0,2.08,.378,parent);"
if,28-multiplayer-social-online.js,5119,"else if(curious){box(.08,.045,.045,0x8f302e,-.045,2.08,.378,parent);box(.08,.045,.045,0x8f302e,.045,2.04,.378,parent);}"
else,28-multiplayer-social-online.js,5119,"else if(curious){box(.08,.045,.045,0x8f302e,-.045,2.08,.378,parent);box(.08,.045,.045,0x8f302e,.045,2.04,.378,parent);}"
if,28-multiplayer-social-online.js,5122,"const hair=String(avatar.hair||'hair-short-01').toLowerCase(),hairColor=avatarHex(avatar.hairColor,0x39291f);if(avatarIdIncludes(hair,'none','bald'))return;"
if,28-multiplayer-social-online.js,5123,"if(avatarIdIncludes(hair,'long')){box(.78,.3,.76,hairColor,0,2.58,-.03,parent);box(.16,.72,.22,hairColor,-.37,2.28,-.08,parent);box(.16,.72,.22,hairColor,.37,2.28,-.08,parent);}"
if,28-multiplayer-social-online.js,5124,"else if(avatarIdIncludes(hair,'curl')){for(const [x,z]of[[-.28,0],[-.1,.08],[.1,.08],[.28,0],[-.2,-.18],[0,-.22],[.2,-.18]])ghostSphere(.18,hairColor,x,2.58,z,parent,10,7);}"
else,28-multiplayer-social-online.js,5124,"else if(avatarIdIncludes(hair,'curl')){for(const [x,z]of[[-.28,0],[-.1,.08],[.1,.08],[.28,0],[-.2,-.18],[0,-.22],[.2,-.18]])ghostSphere(.18,hairColor,x,2.58,z,parent,10,7);}"
for,28-multiplayer-social-online.js,5124,"else if(avatarIdIncludes(hair,'curl')){for(const [x,z]of[[-.28,0],[-.1,.08],[.1,.08],[.28,0],[-.2,-.18],[0,-.22],[.2,-.18]])ghostSphere(.18,hairColor,x,2.58,z,parent,10,7);}"
if,28-multiplayer-social-online.js,5125,"else if(avatarIdIncludes(hair,'spike','mohawk')){for(const z of[-.22,0,.22])box(.16,.38,.16,hairColor,0,2.72,z,parent);}"
else,28-multiplayer-social-online.js,5125,"else if(avatarIdIncludes(hair,'spike','mohawk')){for(const z of[-.22,0,.22])box(.16,.38,.16,hairColor,0,2.72,z,parent);}"
for,28-multiplayer-social-online.js,5125,"else if(avatarIdIncludes(hair,'spike','mohawk')){for(const z of[-.22,0,.22])box(.16,.38,.16,hairColor,0,2.72,z,parent);}"
else,28-multiplayer-social-online.js,5126,"else box(.76,.24,.72,hairColor,0,2.58,-.02,parent);"
if,28-multiplayer-social-online.js,5132,if(style==='toy'){
if,28-multiplayer-social-online.js,5135,}else if(style==='hero'){
else,28-multiplayer-social-online.js,5135,}else if(style==='hero'){
if,28-multiplayer-social-online.js,5138,}else if(style==='adventure'){
else,28-multiplayer-social-online.js,5138,}else if(style==='adventure'){
else,28-multiplayer-social-online.js,5141,}else{
if,28-multiplayer-social-online.js,5145,"if(avatarIdIncludes(avatar.torso,'jacket'))box(.92,.2,.62,secondary,0,1.54,.01,root);else if(avatarIdIncludes(avatar.torso,'armor','hero','guardian'))box(.95,.72,.68,0x546b7b,0,1.36,.02,root);else if(avatarIdIncludes(avatar.torso,'hoodie'))box(.25,.18,.64,secondary,0,1.75,-.02,root);else if(avatarIdIncludes(avatar.torso,'explorer','adventurer','rescuer'))box(.72,.42,.1,secondary,0,1.35,.35,root);"
else,28-multiplayer-social-online.js,5145,"if(avatarIdIncludes(avatar.torso,'jacket'))box(.92,.2,.62,secondary,0,1.54,.01,root);else if(avatarIdIncludes(avatar.torso,'armor','hero','guardian'))box(.95,.72,.68,0x546b7b,0,1.36,.02,root);else if(avatarIdIncludes(avatar.torso,'hoodie'))box(.25,.18,.64,secondary,0,1.75,-.02,root);else if(avatarIdIncludes(avatar.torso,'explorer','adventurer','rescuer'))box(.72,.42,.1,secondary,0,1.35,.35,root);"
if,28-multiplayer-social-online.js,5146,"if(avatarIdIncludes(avatar.legs,'shorts')){leftLeg.scale.y=.72;rightLeg.scale.y=.72;}else if(avatarIdIncludes(avatar.legs,'armor','cargo')){box(.12,.18,.12,secondary,-.38,.48,.18,root);box(.12,.18,.12,secondary,.38,.48,.18,root);}"
else,28-multiplayer-social-online.js,5146,"if(avatarIdIncludes(avatar.legs,'shorts')){leftLeg.scale.y=.72;rightLeg.scale.y=.72;}else if(avatarIdIncludes(avatar.legs,'armor','cargo')){box(.12,.18,.12,secondary,-.38,.48,.18,root);box(.12,.18,.12,secondary,.38,.48,.18,root);}"
if,28-multiplayer-social-online.js,5149,"if(avatar.hat&&avatar.hat!=='none'){if(avatarIdIncludes(avatar.hat,'cap'))box(.72,.16,.72,secondary,0,2.72,0,root);else if(avatarIdIncludes(avatar.hat,'helmet'))ghostSphere(.5,secondary,0,2.48,0,root,12,8);else box(.82,.14,.82,secondary,0,2.66,0,root);}"
else,28-multiplayer-social-online.js,5149,"if(avatar.hat&&avatar.hat!=='none'){if(avatarIdIncludes(avatar.hat,'cap'))box(.72,.16,.72,secondary,0,2.72,0,root);else if(avatarIdIncludes(avatar.hat,'helmet'))ghostSphere(.5,secondary,0,2.48,0,root,12,8);else box(.82,.14,.82,secondary,0,2.66,0,root);}"
if,28-multiplayer-social-online.js,5150,"if(avatarIdIncludes(avatar.back,'backpack')||avatarIdIncludes(avatar.accessory,'backpack'))box(.64,.76,.25,secondary,0,1.38,-.44,root);if(avatarIdIncludes(avatar.back,'cape')||avatarIdIncludes(avatar.accessory,'cape'))box(.78,1.12,.08,secondary,0,1.42,-.37,root);if(avatarIdIncludes(avatar.back,'jetpack')){box(.24,.72,.22,0x566170,-.22,1.38,-.47,root);box(.24,.72,.22,0x566170,.22,1.38,-.47,root);}"
if,28-multiplayer-social-online.js,5151,"if(avatarIdIncludes(avatar.pattern,'stripe'))box(.9,.12,.62,secondary,0,1.35,.02,root);else if(avatarIdIncludes(avatar.pattern,'pixels'))for(const [x,y]of[[-.22,1.48],[0,1.3],[.22,1.48]])box(.14,.14,.05,secondary,x,y,.32,root);else if(avatarIdIncludes(avatar.pattern,'star')){const badge=box(.25,.25,.05,secondary,0,1.42,.32,root);badge.rotation.z=Math.PI/4;}"
else,28-multiplayer-social-online.js,5151,"if(avatarIdIncludes(avatar.pattern,'stripe'))box(.9,.12,.62,secondary,0,1.35,.02,root);else if(avatarIdIncludes(avatar.pattern,'pixels'))for(const [x,y]of[[-.22,1.48],[0,1.3],[.22,1.48]])box(.14,.14,.05,secondary,x,y,.32,root);else if(avatarIdIncludes(avatar.pattern,'star')){const badge=box(.25,.25,.05,secondary,0,1.42,.32,root);badge.rotation.z=Math.PI/4;}"
for,28-multiplayer-social-online.js,5151,"if(avatarIdIncludes(avatar.pattern,'stripe'))box(.9,.12,.62,secondary,0,1.35,.02,root);else if(avatarIdIncludes(avatar.pattern,'pixels'))for(const [x,y]of[[-.22,1.48],[0,1.3],[.22,1.48]])box(.14,.14,.05,secondary,x,y,.32,root);else if(avatarIdIncludes(avatar.pattern,'star')){const badge=box(.25,.25,.05,secondary,0,1.42,.32,root);badge.rotation.z=Math.PI/4;}"
if,28-multiplayer-social-online.js,5152,"if(avatarIdIncludes(avatar.accessory,'glasses')){box(.28,.16,.05,0x1d2938,-.17,2.3,.4,root);box(.28,.16,.05,0x1d2938,.17,2.3,.4,root);box(.08,.05,.05,0x1d2938,0,2.3,.4,root);}"
if,28-multiplayer-social-online.js,5153,if(avatar.uniform&&avatar.uniform!=='none'){const uniformColor=avatar.uniform==='firefighter'?0xd83b31:avatar.uniform==='police'?0x244d85:avatar.uniform==='paramedic'?0xf5f7f8:avatar.uniform==='teacher'?0x6b4ab2:primary;torso?.material?.color?.setHex?.(uniformColor);}
if,28-multiplayer-social-online.js,5156,"function applyRemoteAvatarIfChanged(ghost,avatar={}){const signature=multiplayerAvatarSignature(avatar);if(ghost.userData.avatarSignature===signature)return false;buildRemoteAvatarVisual(ghost,avatar);return true;}"
if,28-multiplayer-social-online.js,5157,"function multiplayerNameTexture(name){const c=document.createElement('canvas');c.width=512;c.height=128;const ctx=c.getContext('2d');ctx.clearRect(0,0,c.width,c.height);ctx.fillStyle='rgba(5,18,34,.88)';ctx.strokeStyle='rgba(255,255,255,.92)';ctx.lineWidth=8;const r=30;ctx.beginPath();if(ctx.roundRect)ctx.roundRect(8,8,c.width-16,c.height-16,r);else ctx.rect(8,8,c.width-16,c.height-16);ctx.fill();ctx.stroke();ctx.fillStyle='#fff';ctx.font='900 48px system-ui,sans-serif';ctx.textAlign='center';ct"
else,28-multiplayer-social-online.js,5157,"function multiplayerNameTexture(name){const c=document.createElement('canvas');c.width=512;c.height=128;const ctx=c.getContext('2d');ctx.clearRect(0,0,c.width,c.height);ctx.fillStyle='rgba(5,18,34,.88)';ctx.strokeStyle='rgba(255,255,255,.92)';ctx.lineWidth=8;const r=30;ctx.beginPath();if(ctx.roundRect)ctx.roundRect(8,8,c.width-16,c.height-16,r);else ctx.rect(8,8,c.width-16,c.height-16);ctx.fill();ctx.stroke();ctx.fillStyle='#fff';ctx.font='900 48px system-ui,sans-serif';ctx.textAlign='center';ct"
if,28-multiplayer-social-online.js,5158,"function updateLocalPlayerNameLabel(){if(!playerGroup?.userData?.nameLabel)return;const clean=playerDisplayName();if(playerGroup.userData.displayName===clean)return;const label=playerGroup.userData.nameLabel,old=label.material.map;label.material.map=multiplayerNameTexture(clean);label.material.needsUpdate=true;old?.dispose?.();playerGroup.userData.displayName=clean;}"
if,28-multiplayer-social-online.js,5159,"function updateGhostName(ghost,name){const clean=sanitizePlayerName(name)||'Jogador';if(ghost.userData.displayName===clean)return;ghost.userData.displayName=clean;if(ghost.userData.nameLabel){const old=ghost.userData.nameLabel.material.map;ghost.userData.nameLabel.material.map=multiplayerNameTexture(clean);ghost.userData.nameLabel.material.needsUpdate=true;old?.dispose?.();}}"
if,28-multiplayer-social-online.js,5160,function ghostVehicleKind(vehicleId=''){const id=String(vehicleId||'').toLowerCase();if(id.includes('patrol')||id.includes('police'))return'police';if(id.includes('fire'))return'firefighter';if(id.includes('ambulance')||id.includes('rescue')||id.includes('paramedic'))return'paramedic';return'car';}
if,28-multiplayer-social-online.js,5162,"const kind=ghostVehicleKind(vehicleId);if(ghost.userData.vehicleKind===kind)return;ghost.userData.vehicleKind=kind;const style=ghost.userData.carStyle||{},layers=ghost.userData.carServiceLayers||{};for(const layer of Object.values(layers))layer.visible=false;ghost.userData.carVisual.scale.set(1,1,1);"
for,28-multiplayer-social-online.js,5162,"const kind=ghostVehicleKind(vehicleId);if(ghost.userData.vehicleKind===kind)return;ghost.userData.vehicleKind=kind;const style=ghost.userData.carStyle||{},layers=ghost.userData.carServiceLayers||{};for(const layer of Object.values(layers))layer.visible=false;ghost.userData.carVisual.scale.set(1,1,1);"
if,28-multiplayer-social-online.js,5163,"if(kind==='police'){style.body?.material?.color?.setHex(0xf4f7fb);style.cabin?.material?.color?.setHex(0x183d70);layers.police.visible=true;ghost.userData.carVisual.scale.set(1.04,1.04,1.08);}"
if,28-multiplayer-social-online.js,5164,"else if(kind==='firefighter'){style.body?.material?.color?.setHex(0xc93431);style.cabin?.material?.color?.setHex(0xf2d84d);layers.firefighter.visible=true;ghost.userData.carVisual.scale.set(1.18,1.2,1.42);}"
else,28-multiplayer-social-online.js,5164,"else if(kind==='firefighter'){style.body?.material?.color?.setHex(0xc93431);style.cabin?.material?.color?.setHex(0xf2d84d);layers.firefighter.visible=true;ghost.userData.carVisual.scale.set(1.18,1.2,1.42);}"
if,28-multiplayer-social-online.js,5165,"else if(kind==='paramedic'){style.body?.material?.color?.setHex(0xf6f8fa);style.cabin?.material?.color?.setHex(0xe34848);layers.paramedic.visible=true;ghost.userData.carVisual.scale.set(1.08,1.12,1.22);}"
else,28-multiplayer-social-online.js,5165,"else if(kind==='paramedic'){style.body?.material?.color?.setHex(0xf6f8fa);style.cabin?.material?.color?.setHex(0xe34848);layers.paramedic.visible=true;ghost.userData.carVisual.scale.set(1.08,1.12,1.22);}"
else,28-multiplayer-social-online.js,5166,else{style.body?.material?.color?.setHex(Number(style.baseColor||0x5ad8ff));style.cabin?.material?.color?.setHex(0x173149);}
for,28-multiplayer-social-online.js,5170,"const car=new THREE.Group();car.visible=false;g.add(car);const carBase=box(1.9,.42,2.8,mat(0x26384e),0,.35,0,car),carBody=box(1.72,.6,1.45,mat(color),0,.7,.25,car),carCabin=box(1.46,.45,.9,mat(0x173149),0,.92,-.48,car);for(const p of [[-.9,.3,-.85],[.9,.3,-.85],[-.9,.3,.85],[.9,.3,.85]]){const wheel=cylinder(.34,.24,0x10151d,p[0],p[1],p[2],car,10);wheel.rotation.z=Math.PI/2;}"
if,28-multiplayer-social-online.js,5176,if(!guardianMultiplayerAllowed())return;
if,28-multiplayer-social-online.js,5179,if((changed&&now-lastPublish>240)||now-lastPublishHeartbeat>2200){lastPublish=now;lastPublishHeartbeat=now;lastPublishSnapshot=payload;localChannel?.postMessage(payload);window.OTTHOS_RTDB?.publish?.(payload);}
for,28-multiplayer-social-online.js,5180,for(const ghost of world.ghosts.values()){
if,28-multiplayer-social-online.js,5181,"const t=ghost.userData.target;if(!t)continue;const beforeX=ghost.position.x,beforeZ=ghost.position.z;ghost.position.x=lerp(ghost.position.x,Number(t.x||0),Math.min(1,dt*8));ghost.position.y=lerp(ghost.position.y,Number(t.y||0),Math.min(1,dt*8));ghost.position.z=lerp(ghost.position.z,Number(t.z||0),Math.min(1,dt*8));ghost.rotation.y=lerpAngle(ghost.rotation.y,Number(t.r||0),Math.min(1,dt*8));"
if,28-multiplayer-social-online.js,5182,if(Number(t.emoteSeq||0)!==Number(ghost.userData.lastEmoteSeq||0)){ghost.userData.lastEmoteSeq=Number(t.emoteSeq||0);ghost.userData.emoteType=t.emoteType||'';ghost.userData.emoteUntil=performance.now()+2600;}
if,28-multiplayer-social-online.js,5183,"const carDriver=!!t.vehicle&&t.vehicleRole!=='passenger',boatDriver=!!t.boating&&t.boatRole!=='passenger',avatar=ghost.userData.avatar;avatar.visible=!carDriver&&!boatDriver&&t.transitMode!=='metro';ghost.userData.carVisual.visible=carDriver;if(carDriver)styleGhostVehicle(ghost,t.vehicleId||'');ghost.userData.boatVisual.visible=boatDriver;avatar.scale.setScalar(t.scaleMode==='mini'?.58:t.scaleMode==='giant'?1.42:1);ghost.userData.nameLabel.position.y=carDriver?3.15:boatDriver?3.45:3.05;"
if,28-multiplayer-social-online.js,5184,"const moving=Math.hypot(ghost.position.x-beforeX,ghost.position.z-beforeZ)>.01,walk=moving?Math.sin(animTime*9+ghost.userData.phase)*.45:0,emote=performance.now()<Number(ghost.userData.emoteUntil||0)?ghost.userData.emoteType:'';if(ghost.userData.limbs){const l=ghost.userData.limbs;l.leftArm.rotation.x=emote==='dance'?-1.35:emote==='play'?-1.9:emote==='hug'?-1.45:walk;l.rightArm.rotation.x=emote==='wave'?-2.2:emote==='highfive'?-2.5:emote==='dance'?-1.35:emote==='play'?-1.9:emote==='hug'?-1.45:-w"
if,29-game-loop-controls-gamepad.js,5127,if(!running||paused||document.hidden)return;
if,29-game-loop-controls-gamepad.js,5132,if(now-usageLastSaveAt>=30000){usageLastSaveAt=now;saveState();}
if,29-game-loop-controls-gamepad.js,5134,if(limit>0&&state.usage.sessionSeconds>=limit&&!sessionLimitHandled){
if,29-game-loop-controls-gamepad.js,5146,if(els.modalClose)els.modalClose.hidden=true;
if,29-game-loop-controls-gamepad.js,5150,running=false;showScreen('lobby');if(els.modalClose)els.modalClose.hidden=false;
if,29-game-loop-controls-gamepad.js,5157,"if(!running)return;raf=requestAnimationFrame(gameLoop);const dt=Math.min(.033,clock.getDelta());samplePerformance(dt);"
if,29-game-loop-controls-gamepad.js,5159,if(!paused){
if,29-game-loop-controls-gamepad.js,5162,updatePlayer(dt);updateCamera(dt);if(typeof updateOtthiWorldEnvironment==='function')updateOtthiWorldEnvironment(dt);if(typeof updateWorldHeroAdventure==='function')updateWorldHeroAdventure(dt);
if,29-game-loop-controls-gamepad.js,5163,if(buildMode)updateBuildPreview();
if,29-game-loop-controls-gamepad.js,5164,if(fishingSession||fishingVisual?.active)updateFishingVisual(dt);
if,29-game-loop-controls-gamepad.js,5165,if(player.vehicle)updateVehicleFX(dt);
if,29-game-loop-controls-gamepad.js,5166,if(typeof fxParticles!=='undefined'&&fxParticles.length)updateFX(dt);
if,29-game-loop-controls-gamepad.js,5167,if(world.fireballs?.length)updateFireballs(dt);
if,29-game-loop-controls-gamepad.js,5168,if(activeRace)updateRace(dt);if(typeof updateCoopVisuals==='function')updateCoopVisuals(dt);if(typeof updateWorldSportsV704==='function')updateWorldSportsV704(dt);
if,29-game-loop-controls-gamepad.js,5171,if(perf.uiAcc>=uiRate){const step=perf.uiAcc;perf.uiAcc=0;updateCareerMissions();if(typeof updateCoopMissions==='function')updateCoopMissions(step);updateNeeds(step);updateNavigation(step);}
if,29-game-loop-controls-gamepad.js,5174,"if(perf.trafficAcc>=trafficRate){const trafficStep=Math.min(.1,perf.trafficAcc);perf.trafficAcc=0;const trafficBefore=captureTrafficPositions();updateTransitWorld(trafficStep);perf.trafficTicks++;updatePoliceSystem(trafficStep);updateFireService(trafficStep);updateTrafficIncidents(trafficStep);resolveTrafficOverlaps(trafficBefore);}"
if,29-game-loop-controls-gamepad.js,5177,"if(perf.aiAcc>=aiRate){const step=Math.min(.11,perf.aiAcc);perf.aiAcc=0;updateNPCs(step);perf.aiTicks++;updateNpcSociety(step);updateEnemies(step);updateMultiplayer(step);updateLifeActivities(step);updateAdventure(step);}"
if,29-game-loop-controls-gamepad.js,5180,if(perf.lodAcc>=lodRate){const step=perf.lodAcc;perf.lodAcc=0;updateVisualLOD(step);}
if,29-game-loop-controls-gamepad.js,5181,perf.cloudAcc+=dt;const cloudRate=tier==='high'?1/12:tier==='balanced'?1/8:1/5;if(perf.cloudAcc>=cloudRate){const step=perf.cloudAcc;perf.cloudAcc=0;updateClouds(step);}
if,29-game-loop-controls-gamepad.js,5182,perf.modeAuditAcc+=dt;if(perf.modeAuditAcc>=.75){perf.modeAuditAcc=0;ensureViewportCoherence();auditPlayerMode('loop');}
if,29-game-loop-controls-gamepad.js,5183,perf.panelAcc+=dt;if(perf.panelAcc>=1){perf.panelAcc=0;refreshTechnicalPanel();}
if,29-game-loop-controls-gamepad.js,5191,"els.joystick.addEventListener('pointermove',e=>{if(e.pointerId===input.joyId)updateJoy(e);});"
if,29-game-loop-controls-gamepad.js,5193,"function updateJoy(e){const r=els.joystick.getBoundingClientRect(),cx=r.left+r.width/2,cy=r.top+r.height/2,max=r.width*.32;let dx=e.clientX-cx,dy=e.clientY-cy;const mag=Math.hypot(dx,dy);if(mag>max){dx=dx/mag*max;dy=dy/mag*max;}input.joyX=dx/max;input.joyZ=-dy/max;els.joystickKnob.style.transform=`translate(calc(-50% + ${dx}px),calc(-50% + ${dy}px))`;}"
if,29-game-loop-controls-gamepad.js,5197,const setAccelerate=active=>{if(mobilityDriverActive()){input.mobilityAccelerate=!!active;input.mobilityControlSource=active?'accelerator':'';if(active)input.mobilityBrake=false;updateMobilityControlLabels();}else setTouchSprint(active);};
else,29-game-loop-controls-gamepad.js,5197,const setAccelerate=active=>{if(mobilityDriverActive()){input.mobilityAccelerate=!!active;input.mobilityControlSource=active?'accelerator':'';if(active)input.mobilityBrake=false;updateMobilityControlLabels();}else setTouchSprint(active);};
if,29-game-loop-controls-gamepad.js,5198,const setBrake=active=>{if(mobilityDriverActive()){input.mobilityBrake=!!active;input.mobilityControlSource=active?'brake':'';if(active)input.mobilityAccelerate=false;updateMobilityControlLabels();}else if(active)requestJump();};
else,29-game-loop-controls-gamepad.js,5198,const setBrake=active=>{if(mobilityDriverActive()){input.mobilityBrake=!!active;input.mobilityControlSource=active?'brake':'';if(active)input.mobilityAccelerate=false;updateMobilityControlLabels();}else if(active)requestJump();};
if,29-game-loop-controls-gamepad.js,5207,"window.addEventListener('keydown',e=>{input.keys.add(e.code);if(['Space','KeyE','KeyF','KeyC','Digit1','Digit2','Digit3','KeyR','KeyQ','ShiftLeft','ShiftRight'].includes(e.code))e.preventDefault();if(mobilityDriverActive()&&e.code==='ShiftLeft'){input.mobilityAccelerate=true;input.mobilityBrake=false;}if(mobilityDriverActive()&&e.code==='Space'){input.mobilityBrake=true;input.mobilityAccelerate=false;}updateRunUI();updateMobilityControlLabels();if(e.code==='Space'&&!mobilityDriverActive())reques"
else,29-game-loop-controls-gamepad.js,5207,"window.addEventListener('keydown',e=>{input.keys.add(e.code);if(['Space','KeyE','KeyF','KeyC','Digit1','Digit2','Digit3','KeyR','KeyQ','ShiftLeft','ShiftRight'].includes(e.code))e.preventDefault();if(mobilityDriverActive()&&e.code==='ShiftLeft'){input.mobilityAccelerate=true;input.mobilityBrake=false;}if(mobilityDriverActive()&&e.code==='Space'){input.mobilityBrake=true;input.mobilityAccelerate=false;}updateRunUI();updateMobilityControlLabels();if(e.code==='Space'&&!mobilityDriverActive())reques"
if,29-game-loop-controls-gamepad.js,5208,"els.stage.addEventListener('pointerdown',e=>{if(e.target!==renderer?.domElement)return;input.cameraDrag={id:e.pointerId,x:e.clientX,y:e.clientY};safePointerCapture(els.stage,e.pointerId);});"
if,29-game-loop-controls-gamepad.js,5209,"els.stage.addEventListener('pointermove',e=>{const d=input.cameraDrag;if(!d||d.id!==e.pointerId)return;const dx=e.clientX-d.x,dy=e.clientY-d.y;cameraYaw-=dx*.006;cameraPitch=clamp(cameraPitch+dy*.0042,-.55,1.35);state.settings.cameraPitch=+cameraPitch.toFixed(3);d.x=e.clientX;d.y=e.clientY;});"
if,29-game-loop-controls-gamepad.js,5210,"const endDrag=e=>{if(input.cameraDrag?.id===e.pointerId)input.cameraDrag=null;};els.stage.addEventListener('pointerup',endDrag);els.stage.addEventListener('pointercancel',endDrag);"
if,29-game-loop-controls-gamepad.js,5211,"els.stage.addEventListener('wheel',e=>{if(!running||!els.modal.hidden)return;e.preventDefault();cameraZoom=clamp(cameraZoom+Math.sign(e.deltaY)*.9,-4.5,9);state.settings.cameraZoom=+cameraZoom.toFixed(2);},{passive:false});"
if,29-game-loop-controls-gamepad.js,5216,if(!gp){input.gamepadX=0;input.gamepadZ=0;input.gamepadActive=false;input.gamepadSprint=false;updateRunUI();return;}
if,29-game-loop-controls-gamepad.js,5218,"input.gamepadActive=Math.hypot(ax,az)>.16;input.gamepadX=input.gamepadActive?ax:0;input.gamepadZ=input.gamepadActive?az:0;input.gamepadSprint=!!gp.buttons[10]?.pressed;if(mobilityDriverActive()){input.mobilityAccelerate=gp.buttons[7]?.value>.18;input.mobilityBrake=gp.buttons[6]?.value>.18;}updateRunUI();updateMobilityControlLabels();"
if,29-game-loop-controls-gamepad.js,5220,if(jump&&!gamepadJump)requestJump();if(action&&!gamepadAction)doAction();if(power&&!gamepadPower)firePower();if(crouch&&!gamepadCrouch)toggleCrouch();if(size&&!gamepadSize)setScaleMode(player.scaleMode==='normal'?'mini':player.scaleMode==='mini'?'giant':'normal');
if,29-game-loop-controls-gamepad.js,5222,"const camX=gp.axes[2]||0;if(Math.abs(camX)>.18)cameraYaw-=camX*.035;const camY=gp.axes[3]||0;if(Math.abs(camY)>.18)cameraPitch=clamp(cameraPitch+camY*.022,-.55,1.35);state.settings.cameraPitch=+cameraPitch.toFixed(3);"
if,29-game-loop-controls-gamepad.js,5227,"if(!window.OTTHI_RELEASE_COHERENT){openModal('Atualização incompleta','<p>Os arquivos do jogo pertencem a versões diferentes. Termine o envio da V700 e atualize a página; seu progresso está preservado.</p>');return;}"
if,29-game-loop-controls-gamepad.js,5229,"if(sessionLimitSeconds>0&&(Number(state.usage.sessionLockedAt||0)>0||Number(state.usage.sessionSeconds||0)>=sessionLimitSeconds)){state.usage.sessionLockedAt=Number(state.usage.sessionLockedAt||Date.now());saveState(true);openModal('Tempo de jogo concluído','<div class=""parent-gate""><span>⏰</span><h3>Nova sessão exige um responsável</h3><p>O limite continua bloqueado mesmo ao voltar ao menu. Um responsável pode liberar outra sessão usando a senha da conta.</p><button class=""btn primary xl"" data-"
if,29-game-loop-controls-gamepad.js,5230,"if((!hasValidPlayerName()||!accountLinked())&&!(accountPromptWasHandled())){openAccountCenter(true,()=>{state.flags.accountPromptedV635=true;saveState(true);startGame(resetPosition);});return;}"
if,29-game-loop-controls-gamepad.js,5231,"if(!hasValidPlayerName()){openPlayerNameModal(true,()=>startGame(resetPosition));return;}"
if,29-game-loop-controls-gamepad.js,5234,"try{if(!worldInitializationReady){if(scene||renderer)throw new Error('A inicialização 3D anterior ficou incompleta. Recarregue com segurança para tentar novamente.');showWorldLoading(42,'Construindo ruas, casas e transportes...');await nextPaint();if(!initThree())throw new Error('O navegador não conseguiu iniciar o ambiente 3D.');setupControls();worldInitializationReady=true;showWorldLoading(88,'Ativando controles e personagens...');await nextPaint();}else{applyAvatarCustomization();showWorldLoa"
else,29-game-loop-controls-gamepad.js,5234,"try{if(!worldInitializationReady){if(scene||renderer)throw new Error('A inicialização 3D anterior ficou incompleta. Recarregue com segurança para tentar novamente.');showWorldLoading(42,'Construindo ruas, casas e transportes...');await nextPaint();if(!initThree())throw new Error('O navegador não conseguiu iniciar o ambiente 3D.');setupControls();worldInitializationReady=true;showWorldLoading(88,'Ativando controles e personagens...');await nextPaint();}else{applyAvatarCustomization();showWorldLoa"
catch,29-game-loop-controls-gamepad.js,5234,"try{if(!worldInitializationReady){if(scene||renderer)throw new Error('A inicialização 3D anterior ficou incompleta. Recarregue com segurança para tentar novamente.');showWorldLoading(42,'Construindo ruas, casas e transportes...');await nextPaint();if(!initThree())throw new Error('O navegador não conseguiu iniciar o ambiente 3D.');setupControls();worldInitializationReady=true;showWorldLoading(88,'Ativando controles e personagens...');await nextPaint();}else{applyAvatarCustomization();showWorldLoa"
if,29-game-loop-controls-gamepad.js,5235,"if(els.toolsBtn){els.toolsBtn.firstChild.textContent=equippedTool().icon;$('span',els.toolsBtn).textContent=equippedTool().name;}"
if,29-game-loop-controls-gamepad.js,5236,"if(resetPosition){player.x=0;player.z=8;player.y=0;}else restorePosition();player.scaleMode=state.abilities?.scaleMode||'normal';player.crouched=!!state.abilities?.crouched;updateAbilityUI();state.usage={totalSeconds:0,sessionSeconds:0,sessionStartedAt:0,lastPlayedAt:0,sessionLockedAt:0,...(state.usage||{}),sessionStartedAt:Number(state.usage?.sessionStartedAt||Date.now()),lastPlayedAt:Date.now()};sessionLimitHandled=false;usageLastTickAt=Date.now();running=true;paused=false;window.OTTHI_ROOM_WO"
else,29-game-loop-controls-gamepad.js,5236,"if(resetPosition){player.x=0;player.z=8;player.y=0;}else restorePosition();player.scaleMode=state.abilities?.scaleMode||'normal';player.crouched=!!state.abilities?.crouched;updateAbilityUI();state.usage={totalSeconds:0,sessionSeconds:0,sessionStartedAt:0,lastPlayedAt:0,sessionLockedAt:0,...(state.usage||{}),sessionStartedAt:Number(state.usage?.sessionStartedAt||Date.now()),lastPlayedAt:Date.now()};sessionLimitHandled=false;usageLastTickAt=Date.now();running=true;paused=false;window.OTTHI_ROOM_WO"
if,30-pause-tests-public-api-bootstrap.js,5241,"if(buildMode)endBuildMode('cancelled',true);"
if,30-pause-tests-public-api-bootstrap.js,5242,"world.policeAlert=null;updateSafetyPanel('');if(player.boating){player.x=-24.7;player.z=52;exitBoat(true);}if(player.vehicle)exitVehicle(true);if(player.transit.mode==='bus'){const bus=world.buses.find(b=>b.id===player.transit.busId);if(bus)exitBusAtStop(bus,{stopId:bus.lastStopId,stopName:bus.lastStopName});}if(player.transit.mode==='metro'){player.transit.mode='';if(metroOverlay)metroOverlay.hidden=true;if(playerModel)playerModel.visible=true;if(avatarLayer)avatarLayer.visible=true;if(contactS"
if,30-pause-tests-public-api-bootstrap.js,5247,if(!running||pauseMenuOpen)return;
if,30-pause-tests-public-api-bootstrap.js,5248,"if(buildMode)endBuildMode('cancelled',true);"
if,30-pause-tests-public-api-bootstrap.js,5249,"paused=true;pauseMenuOpen=true;if(engineAudio)stopEngineSound();openModal('Jogo pausado',`<div class=""choice-grid""><button class=""choice"" data-resume><b>▶ Continuar</b><span>Voltar ao mundo</span></button><button class=""choice"" data-life><b>👤 Minha vida</b><span>Carreira, amizades e visual</span></button><button class=""choice"" data-safe><b>🛟 Desprender</b><span>Voltar ao último ponto seguro</span></button><button class=""choice"" data-home><b>🏠 Casa</b><span>Voltar para minha casa</span></button><"
if,30-pause-tests-public-api-bootstrap.js,5251,"$('[data-life]',root).onclick=()=>{pauseMenuOpen=false;paused=false;closeModal();if(player.vehicle)startEngineSound();openLifePanel();};"
if,30-pause-tests-public-api-bootstrap.js,5263,if(currentHouse){
if,30-pause-tests-public-api-bootstrap.js,5266,if(player.vehicle)exitVehicle(true);
if,30-pause-tests-public-api-bootstrap.js,5276,if(!player.vehicle)prepareVehicleTestArea();
for,30-pause-tests-public-api-bootstrap.js,5281,for(let i=0;i<count;i++){
if,30-pause-tests-public-api-bootstrap.js,5300,"controlMath:(x=0,z=0,yaw=0,mode='WALKING')=>{const key=String(mode).toUpperCase(),resolved=PLAYER_MODES[key]||String(mode).toLowerCase();if([PLAYER_MODES.CAR_DRIVER,PLAYER_MODES.MOTORCYCLE_DRIVER,PLAYER_MODES.BICYCLE,PLAYER_MODES.SKATE,PLAYER_MODES.BOAT_DRIVER].includes(resolved))return{x:clamp(Number(x)||0,-1,1),z:clamp(Number(z)||0,-1,1),steer:-clamp(Number(x)||0,-1,1),throttle:clamp(Number(z)||0,-1,1),mode:resolved};const vector=cameraRelativeVector(Number(x)||0,Number(z)||0,Number(yaw)||0);r"
if,30-pause-tests-public-api-bootstrap.js,5313,"setQuality:(quality='auto')=>{const value=['auto','low','high'].includes(quality)?quality:'auto';state.settings.quality=value;if(value==='auto')perf.sessionTier=state.settings.autoTier||detectStableAutoTier();applyAdaptiveRenderSettings(true);lockStableSceneVisibility();saveState(true);return{requested:requestedQuality(),tier:qualityTier(),dpr:renderer?.getPixelRatio?.()||0};},"
if,30-pause-tests-public-api-bootstrap.js,5328,"setMobilityButtons:(accelerate=false,brake=false)=>{input.mobilityAccelerate=!!accelerate;input.mobilityBrake=!!brake;if(input.mobilityAccelerate)input.mobilityBrake=false;updateMobilityControlLabels();return{accelerate:input.mobilityAccelerate,brake:input.mobilityBrake};},"
for,30-pause-tests-public-api-bootstrap.js,5347,"stepPlayer:(frames=1,dt=1/60)=>{const n=clamp(Math.round(Number(frames)||1),1,600),step=clamp(Number(dt)||1/60,.001,.1);for(let i=0;i<n;i++)updatePlayer(step);return{x:player.x,y:player.y,z:player.z,facing:player.facing};},"
if,30-pause-tests-public-api-bootstrap.js,5348,"enterHouseById:(id)=>{const h=world.houses.find(x=>x.id===id);if(!h)return false;enterHouse(h);return true;},"
if,30-pause-tests-public-api-bootstrap.js,5375,"sceneStability:()=>({critical:world.criticalSurfaces.length,hiddenCritical:world.criticalSurfaces.filter(m=>m&&!m.visible).length,frustumCulledCritical:world.criticalSurfaces.filter(m=>m?.frustumCulled).length,staticRenderObjects:world.staticRenderObjects||0,frustumEnabledStatic:(()=>{let n=0;worldGroup?.traverse?.(o=>{if((o.isMesh||o.isLine||o.isSprite)&&o.frustumCulled)n++;});return n;})(),mobile:perf.mobile,shadows:!!renderer?.shadowMap?.enabled}),"
if,30-pause-tests-public-api-bootstrap.js,5382,"rideMetro:(destinationId='village',stationId='central')=>{const destination=MAP_LOCATIONS.find(x=>x.id===destinationId),station=METRO_STATIONS.find(x=>x.id===stationId)||METRO_STATIONS[0];if(!destination)return false;rideMetroTo(station,destination);return true;},"
if,30-pause-tests-public-api-bootstrap.js,5383,"boardBus:id=>{const bus=world.buses.find(b=>b.id===id)||world.buses[0];if(!bus)return false;player.x=bus.group.position.x;player.z=bus.group.position.z;bus.stopUntil=performance.now()+2000;bus.lastStopId=bus.lastStopId||'test-stop';bus.lastStopName=bus.lastStopName||'Parada de teste';return enterBus(bus);},"
for,30-pause-tests-public-api-bootstrap.js,5385,"stepTransit:(frames=60,dt=1/60)=>{const n=clamp(Math.round(Number(frames)||60),1,1200),step=clamp(Number(dt)||1/60,.001,.1);for(let i=0;i<n;i++)updateTransitWorld(step);return world.buses.map(b=>({id:b.id,x:b.group.position.x,z:b.group.position.z,stopped:busAtStop(b)}));},"
if,30-pause-tests-public-api-bootstrap.js,5388,"setNpcRideCompanion:(id='nino')=>{const npc=world.npcs.find(n=>n.id===id);if(!npc)return false;npc.pendingRide=true;npc.following=true;npc.group.position.set(player.x+1,0,player.z);return true;},"
for,30-pause-tests-public-api-bootstrap.js,5396,"stepFire:(frames=60,dt=1/60)=>{for(let i=0;i<frames;i++)updateFireService(dt);return world.fires.map(f=>({id:f.id,active:f.active}));},"
if,30-pause-tests-public-api-bootstrap.js,5411,"forceBoatState:(x=-38,z=52,heading=0)=>{if(player.vehicle)exitVehicle(true);player.boating=true;player.boat.passengerOf='';player.boat.heading=Number(heading)||0;player.boat.speed=0;player.boat.steerVisual=0;input.mobilityAccelerate=false;input.mobilityBrake=false;player.x=Number(x);player.z=Number(z);player.y=.78;state.boats.activeBoatId='lake-boat';if(world.boat){world.boat.group.position.set(player.x,.1,player.z);world.boat.heading=player.boat.heading;world.boat.group.rotation.y=player.boat.h"
for,30-pause-tests-public-api-bootstrap.js,5413,"stepBoat:(steer=0,throttle=0,frames=60)=>{const n=clamp(Math.round(Number(frames)||60),1,600),dt=1/60,start={x:player.x,z:player.z,heading:player.boat.heading};for(let i=0;i<n;i++){updateBoatPhysics(dt,clamp(Number(steer)||0,-1,1),clamp(Number(throttle)||0,-1,1));const px=player.x,pz=player.z;player.x+=player.vx*dt;player.z+=player.vz*dt;constrainBoat(px,pz);}return{x:player.x,z:player.z,heading:player.boat.heading,speed:player.boat.speed,deltaHeading:player.boat.heading-start.heading,distance:M"
for,31-neighborhood-world-controller.js,5431,for(const ghost of world.ghosts.values())scene?.remove(ghost);world.ghosts.clear();remotePresence.clear();multiplayerState.players=[];multiplayerState.count=1;
if,31-neighborhood-world-controller.js,5435,"if(fishingSession)cancelFishingSession();if(buildMode)endBuildMode('cancelled',true);if(currentHouse)exitHouse();if(player.vehicle)exitVehicle(true);if(player.boating)exitBoat(true);"
if,31-neighborhood-world-controller.js,5436,if(player.transit.mode){player.transit.mode='';player.transit.busId='';player.transit.destinationId='';player.transit.requestStop=false;player.sitUntil=0;if(playerModel)playerModel.visible=true;if(avatarLayer)avatarLayer.visible=true;if(contactShadow)contactShadow.visible=true;document.body.classList.remove('bus-passenger');if(transitPanel)transitPanel.hidden=true;}
if,31-neighborhood-world-controller.js,5442,"const room=roomWorldInfo(roomId);if(!room)return false;const changed=appliedRoomId!==room.id,shouldTeleport=options.teleport!==false;"
if,31-neighborhood-world-controller.js,5443,"if(shouldTeleport){const entry=safePointNear(room.entry.x,room.entry.z,{ignoreTraffic:true,allowWater:false,radius:.4,distances:[0,.7,1.2,1.8]});player.x=entry.x;player.y=entry.y||0;player.z=entry.z;player.facing=Number(room.entry.yaw||0);cameraYaw=player.facing;playerGroup?.position?.set(player.x,player.y,player.z);playerGroup&&(playerGroup.rotation.y=player.facing);state.position={x:player.x,y:player.y,z:player.z,yaw:cameraYaw};state.waypoint=null;world.routePath=[];}"
if,31-neighborhood-world-controller.js,5444,"state.multiplayer.room=room.id;appliedRoomId=room.id;rememberSafePlayerPosition(true);updateNavigation(0,true);updateContext(true);updateHUD();saveState(true);window.dispatchEvent(new CustomEvent('otthi:room-world-ready',{detail:{room:room.id,name:room.name,entry:{x:player.x,z:player.z},changed}}));if(options.toast!==false)toast(`${room.icon} Você entrou no ${room.name}.`,'good',2600);return true;"
if,31-neighborhood-world-controller.js,5447,"window.addEventListener('otthi:room-changed',event=>{if(event.detail?.connected===false)return;applyRoomWorld(event.detail?.room,{toast:event.detail?.previousRoom!==event.detail?.room,teleport:true});});"
if,31-neighborhood-world-controller.js,5448,"window.addEventListener('otthos:mp-status',event=>{const room=event.detail?.room;if(event.detail?.connected&&room&&!appliedRoomId&&running)applyRoomWorld(room,{toast:false,teleport:state.multiplayer.room!==room});});"
if,31-neighborhood-world-controller.js,5449,"window.addEventListener('otthos:houses',()=>{if(!els.modal.hidden&&els.modal.classList.contains('map-modal'))refreshOpenMapAfterResize();updateNavigation(0,true);});"
if,33-otthi-world-professional-core.js,5716,if(!texture)return texture;
if,33-otthi-world-professional-core.js,5722,if(options.color){if('colorSpace'in texture&&THREE.SRGBColorSpace)texture.colorSpace=THREE.SRGBColorSpace;else texture.encoding=THREE.sRGBEncoding;}
else,33-otthi-world-professional-core.js,5722,if(options.color){if('colorSpace'in texture&&THREE.SRGBColorSpace)texture.colorSpace=THREE.SRGBColorSpace;else texture.encoding=THREE.sRGBEncoding;}
if,33-otthi-world-professional-core.js,5727,if(otthiWorldRuntime.textures.has(key))return otthiWorldRuntime.textures.get(key);
if,33-otthi-world-professional-core.js,5736,const geometry=mesh?.geometry;if(!geometry?.attributes?.uv||geometry.attributes.uv2)return false;
if,33-otthi-world-professional-core.js,5740,if(!material||!packName)return material;
if,33-otthi-world-professional-core.js,5745,"if(options.replaceBase!==false)material.map=loadWorldTexture(packName,'basecolor',{repeat,color:true,nearest:!!options.nearest});"
if,33-otthi-world-professional-core.js,5746,"if(options.emissive){material.emissiveMap=loadWorldTexture(packName,'emissive',{repeat});material.emissive=material.emissive||new THREE.Color(options.emissiveColor||0xffffff);material.emissiveIntensity=Number(options.emissiveIntensity||.18);}"
if,33-otthi-world-professional-core.js,5748,if(Number.isFinite(options.roughness))material.roughness=Number(options.roughness);
if,33-otthi-world-professional-core.js,5752,if(!materials||otthiWorldRuntime.pbrReady)return false;
if,33-otthi-world-professional-core.js,5756,"for(const [key,pack,repeat,roughness]of configs)if(materials[key])applyPbrPack(materials[key],pack,{repeat,roughness,emissive:['water','city-glass','emergency-metal','gold-ore'].includes(pack),emissiveIntensity:pack==='gold-ore'?.24:.10});"
for,33-otthi-world-professional-core.js,5756,"for(const [key,pack,repeat,roughness]of configs)if(materials[key])applyPbrPack(materials[key],pack,{repeat,roughness,emissive:['water','city-glass','emergency-metal','gold-ore'].includes(pack),emissiveIntensity:pack==='gold-ore'?.24:.10});"
if,33-otthi-world-professional-core.js,5757,"if(materials.water)applyPbrPack(materials.water,'water',{repeat:[7,7],roughness:.22,emissive:true,emissiveColor:0x1b7ca7,emissiveIntensity:.12,normalScale:.34});"
if,33-otthi-world-professional-core.js,5761,if(!root)return 0;let count=0;
if,33-otthi-world-professional-core.js,5763,if(!object?.isMesh)return;ensureUv2(object);
if,33-otthi-world-professional-core.js,5766,"const list=Array.isArray(object.material)?object.material:[object.material];for(const material of list){if(!material)continue;material.dithering=true;if(material.map)configureWorldTexture(material.map,{repeat:material.map.repeat?.toArray?.()||[1,1],color:true});}"
for,33-otthi-world-professional-core.js,5766,"const list=Array.isArray(object.material)?object.material:[object.material];for(const material of list){if(!material)continue;material.dithering=true;if(material.map)configureWorldTexture(material.map,{repeat:material.map.repeat?.toArray?.()||[1,1],color:true});}"
if,33-otthi-world-professional-core.js,5785,if(worldGroup)worldGroup.traverse(object=>{if(object.userData?.otthiWorldDetail)object.visible=state.settings?.worldDetails!==false;});
if,33-otthi-world-professional-core.js,5786,if(renderer){renderer.toneMappingExposure=enabled?1.02:.94;renderer.shadowMap.enabled=enabled&&qualityTier()==='high'&&!perf.mobile;}
if,34-avatar-studio-professional-v3.js,5818,object?.traverse?.(child=>{if(child.isMesh){child.geometry?.dispose?.();const list=Array.isArray(child.material)?child.material:[child.material];for(const material of list){if(material?.userData?.otthiWorldAvatarMaterial)material.dispose?.();}}});
for,34-avatar-studio-professional-v3.js,5818,object?.traverse?.(child=>{if(child.isMesh){child.geometry?.dispose?.();const list=Array.isArray(child.material)?child.material:[child.material];for(const material of list){if(material?.userData?.otthiWorldAvatarMaterial)material.dispose?.();}}});
for,34-avatar-studio-professional-v3.js,5822,for(const attachment of attachments){attachment.parent?.remove(attachment);disposeWorldAvatarObject(attachment);}
if,34-avatar-studio-professional-v3.js,5823,if(playerModel)playerModel.userData.worldAvatarV3Attachments=[];
if,34-avatar-studio-professional-v3.js,5831,"function avatarV3Box(parent,w,h,d,material,x=0,y=0,z=0){const mesh=new THREE.Mesh(new THREE.BoxGeometry(w,h,d),material);mesh.position.set(x,y,z);mesh.castShadow=true;mesh.receiveShadow=true;parent.add(mesh);if(state.settings?.worldOutlines!==false)addVoxelOutline(mesh,0x102238,.22);return mesh;}"
if,34-avatar-studio-professional-v3.js,5835,if(!playerModel?.userData?.parts)return false;ensureOtthiWorldState();clearWorldAvatarV3();
if,34-avatar-studio-professional-v3.js,5840,if(avatar.bodyStyle==='toy'){
if,34-avatar-studio-professional-v3.js,5842,}else if(avatar.bodyStyle==='hero'){
else,34-avatar-studio-professional-v3.js,5842,}else if(avatar.bodyStyle==='hero'){
if,34-avatar-studio-professional-v3.js,5844,}else if(avatar.bodyStyle==='adventure'){
else,34-avatar-studio-professional-v3.js,5844,}else if(avatar.bodyStyle==='adventure'){
if,34-avatar-studio-professional-v3.js,5847,if(avatar.torso==='world-jacket-01'){
if,34-avatar-studio-professional-v3.js,5849,}else if(avatar.torso==='world-hoodie-01'){
else,34-avatar-studio-professional-v3.js,5849,}else if(avatar.torso==='world-hoodie-01'){
if,34-avatar-studio-professional-v3.js,5851,}else if(avatar.torso==='world-explorer-01'){
else,34-avatar-studio-professional-v3.js,5851,}else if(avatar.torso==='world-explorer-01'){
if,34-avatar-studio-professional-v3.js,5853,}else if(avatar.torso==='world-shadow-guardian'){
else,34-avatar-studio-professional-v3.js,5853,}else if(avatar.torso==='world-shadow-guardian'){
if,34-avatar-studio-professional-v3.js,5855,}else if(avatar.torso==='world-web-runner'){
else,34-avatar-studio-professional-v3.js,5855,}else if(avatar.torso==='world-web-runner'){
for,34-avatar-studio-professional-v3.js,5856,"const red=worldAvatarMaterial(0xd93645,{roughness:.42}),blue=worldAvatarMaterial(0x1e5fae,{roughness:.5});avatarV3Box(bodyLayer,1.16,1.02,.09,red,0,0,.42);avatarV3Box(bodyLayer,.48,.82,.11,blue,0,-.05,.48);for(const y of[-.25,0,.25])avatarV3Box(bodyLayer,1.08,.035,.12,accent,0,y,.495);avatarV3Box(leftArm,.44,.52,.44,red,0,-.36,0);avatarV3Box(rightArm,.44,.52,.44,red,0,-.36,0);"
if,34-avatar-studio-professional-v3.js,5857,}else if(avatar.torso==='world-mushroom-adventurer'){
else,34-avatar-studio-professional-v3.js,5857,}else if(avatar.torso==='world-mushroom-adventurer'){
if,34-avatar-studio-professional-v3.js,5859,}else if(avatar.torso==='world-toy-rescuer'){
else,34-avatar-studio-professional-v3.js,5859,}else if(avatar.torso==='world-toy-rescuer'){
else,34-avatar-studio-professional-v3.js,5861,}else{
if,34-avatar-studio-professional-v3.js,5864,"if(avatar.pattern==='world-stripe'){avatarV3Box(bodyLayer,1.13,.15,.11,accent,0,.23,.48);avatarV3Box(bodyLayer,1.13,.15,.11,accent,0,-.04,.48);}"
if,34-avatar-studio-professional-v3.js,5865,"if(avatar.pattern==='world-pixels')for(const [x,y]of[[-.3,.26],[0,.04],[.3,.26],[-.3,-.18],[.3,-.18]])avatarV3Box(bodyLayer,.16,.16,.11,accent,x,y,.48);"
for,34-avatar-studio-professional-v3.js,5865,"if(avatar.pattern==='world-pixels')for(const [x,y]of[[-.3,.26],[0,.04],[.3,.26],[-.3,-.18],[.3,-.18]])avatarV3Box(bodyLayer,.16,.16,.11,accent,x,y,.48);"
if,34-avatar-studio-professional-v3.js,5866,"if(avatar.pattern==='world-star'){const star=new THREE.Mesh(new THREE.CircleGeometry(.23,5),accent);star.position.set(0,.1,.49);star.rotation.z=Math.PI/10;bodyLayer.add(star);}"
if,34-avatar-studio-professional-v3.js,5867,if(avatar.legs==='world-shorts-01'){
if,34-avatar-studio-professional-v3.js,5869,}else if(avatar.legs==='world-armor-01'){
else,34-avatar-studio-professional-v3.js,5869,}else if(avatar.legs==='world-armor-01'){
else,34-avatar-studio-professional-v3.js,5871,}else{
if,34-avatar-studio-professional-v3.js,5876,"if(avatar.shoes==='world-energy-01'){avatarV3Box(leftLeg,.34,.08,.63,energy,0,-1.16,.11);avatarV3Box(rightLeg,.34,.08,.63,energy,0,-1.16,.11);}"
if,34-avatar-studio-professional-v3.js,5877,"if(avatar.hair==='hair-short-01'){avatarV3Box(headLayer,1.13,.24,1.13,hairMat,0,.49,0);avatarV3Box(headLayer,.24,.42,1.08,hairMat,-.48,.29,-.02);avatarV3Box(headLayer,.24,.42,1.08,hairMat,.48,.29,-.02);}"
if,34-avatar-studio-professional-v3.js,5878,"else if(avatar.hair==='hair-spikes-01'){avatarV3Box(headLayer,1.13,.18,1.10,hairMat,0,.48,0);for(const x of[-.38,-.12,.14,.4]){const spike=new THREE.Mesh(new THREE.ConeGeometry(.16,.48,4),hairMat);spike.position.set(x,.76,-.03);spike.rotation.y=Math.PI/4;headLayer.add(spike);}}"
else,34-avatar-studio-professional-v3.js,5878,"else if(avatar.hair==='hair-spikes-01'){avatarV3Box(headLayer,1.13,.18,1.10,hairMat,0,.48,0);for(const x of[-.38,-.12,.14,.4]){const spike=new THREE.Mesh(new THREE.ConeGeometry(.16,.48,4),hairMat);spike.position.set(x,.76,-.03);spike.rotation.y=Math.PI/4;headLayer.add(spike);}}"
for,34-avatar-studio-professional-v3.js,5878,"else if(avatar.hair==='hair-spikes-01'){avatarV3Box(headLayer,1.13,.18,1.10,hairMat,0,.48,0);for(const x of[-.38,-.12,.14,.4]){const spike=new THREE.Mesh(new THREE.ConeGeometry(.16,.48,4),hairMat);spike.position.set(x,.76,-.03);spike.rotation.y=Math.PI/4;headLayer.add(spike);}}"
if,34-avatar-studio-professional-v3.js,5879,"else if(avatar.hair==='hair-curls-01'){for(const [x,y,z]of[[-.4,.48,0],[-.14,.57,.04],[.14,.57,.04],[.4,.48,0],[-.48,.28,-.05],[.48,.28,-.05]])avatarV3Sphere(headLayer,.22,hairMat,x,y,z);}"
else,34-avatar-studio-professional-v3.js,5879,"else if(avatar.hair==='hair-curls-01'){for(const [x,y,z]of[[-.4,.48,0],[-.14,.57,.04],[.14,.57,.04],[.4,.48,0],[-.48,.28,-.05],[.48,.28,-.05]])avatarV3Sphere(headLayer,.22,hairMat,x,y,z);}"
for,34-avatar-studio-professional-v3.js,5879,"else if(avatar.hair==='hair-curls-01'){for(const [x,y,z]of[[-.4,.48,0],[-.14,.57,.04],[.14,.57,.04],[.4,.48,0],[-.48,.28,-.05],[.48,.28,-.05]])avatarV3Sphere(headLayer,.22,hairMat,x,y,z);}"
if,34-avatar-studio-professional-v3.js,5883,if(expression==='face-brave-01'){leftBrow.rotation.z=-.18;rightBrow.rotation.z=.18;}
if,34-avatar-studio-professional-v3.js,5884,if(expression==='face-curious-01'){leftBrow.position.y=.25;rightBrow.rotation.z=.14;}
if,34-avatar-studio-professional-v3.js,5885,"const mouth=avatarV3Box(headLayer,expression==='face-focus-01'?.26:.34,.05,.04,worldAvatarMaterial(0xff6f81,{roughness:.45}),0,-.22,.54);if(expression==='face-happy-01')mouth.rotation.z=.02;"
if,34-avatar-studio-professional-v3.js,5886,"if(avatar.back==='world-backpack-01'){const pack=worldAvatarLayer(parts.body,'BACKPACK');avatarV3Box(pack,.82,.92,.38,secondary,0,.02,-.54);avatarV3Box(pack,.55,.24,.15,accent,0,-.22,-.76);}"
if,34-avatar-studio-professional-v3.js,5887,"else if(avatar.back==='world-cape-01'){const cape=worldAvatarLayer(parts.body,'CAPE');avatarV3Box(cape,.94,1.34,.06,primary,0,-.18,-.49).rotation.x=-.08;avatarV3Box(cape,.52,.14,.08,accent,0,.42,-.5);}"
else,34-avatar-studio-professional-v3.js,5887,"else if(avatar.back==='world-cape-01'){const cape=worldAvatarLayer(parts.body,'CAPE');avatarV3Box(cape,.94,1.34,.06,primary,0,-.18,-.49).rotation.x=-.08;avatarV3Box(cape,.52,.14,.08,accent,0,.42,-.5);}"
if,34-avatar-studio-professional-v3.js,5888,"else if(avatar.back==='world-jetpack-01'){const jet=worldAvatarLayer(parts.body,'JETPACK');avatarV3Box(jet,.34,.82,.36,secondary,-.28,.02,-.54);avatarV3Box(jet,.34,.82,.36,secondary,.28,.02,-.54);avatarV3Box(jet,.22,.22,.3,energy,-.28,-.48,-.56);avatarV3Box(jet,.22,.22,.3,energy,.28,-.48,-.56);}"
else,34-avatar-studio-professional-v3.js,5888,"else if(avatar.back==='world-jetpack-01'){const jet=worldAvatarLayer(parts.body,'JETPACK');avatarV3Box(jet,.34,.82,.36,secondary,-.28,.02,-.54);avatarV3Box(jet,.34,.82,.36,secondary,.28,.02,-.54);avatarV3Box(jet,.22,.22,.3,energy,-.28,-.48,-.56);avatarV3Box(jet,.22,.22,.3,energy,.28,-.48,-.56);}"
if,35-world-render-pbr-environment.js,5901,if(Math.abs(x)<12||Math.abs(z)<12)return false;
if,35-world-render-pbr-environment.js,5902,"if(waterAt(x,z))return false;"
if,35-world-render-pbr-environment.js,5903,if(world.colliders?.some(c=>Math.abs(x-c.x)<c.w/2+1.1&&Math.abs(z-c.z)<c.d/2+1.1))return false;
if,35-world-render-pbr-environment.js,5904,if(world.houses?.some(h=>Math.abs(x-h.x)<7&&Math.abs(z-h.z)<6))return false;
if,35-world-render-pbr-environment.js,5908,"if(!worldGroup||world.worldProfessional?.details)return false;const random=otthiSeededRandom(700031),quality=qualityTier(),grassCount=quality==='low'?100:quality==='high'?360:220,flowerCount=quality==='low'?30:quality==='high'?120:72;"
if,35-world-render-pbr-environment.js,5911,"while(placed<grassCount&&attempts<grassCount*16){attempts++;const x=(random()-.5)*208,z=(random()-.5)*208;if(!worldDetailAllowed(x,z))continue;dummy.position.set(x,.025,z);dummy.rotation.set(0,random()*Math.PI*2,0);const scale=.55+random()*.8;dummy.scale.set(scale,scale,scale);dummy.updateMatrix();grass.setMatrixAt(placed++,dummy.matrix);}"
while,35-world-render-pbr-environment.js,5911,"while(placed<grassCount&&attempts<grassCount*16){attempts++;const x=(random()-.5)*208,z=(random()-.5)*208;if(!worldDetailAllowed(x,z))continue;dummy.position.set(x,.025,z);dummy.rotation.set(0,random()*Math.PI*2,0);const scale=.55+random()*.8;dummy.scale.set(scale,scale,scale);dummy.updateMatrix();grass.setMatrixAt(placed++,dummy.matrix);}"
if,35-world-render-pbr-environment.js,5914,"while(placed<flowerCount&&attempts<flowerCount*18){attempts++;const x=(random()-.5)*198,z=(random()-.5)*198;if(!worldDetailAllowed(x,z))continue;dummy.position.set(x,.18,z);dummy.rotation.set(random()*Math.PI,random()*Math.PI,random()*Math.PI);const scale=.7+random()*.8;dummy.scale.set(scale,scale,scale);dummy.updateMatrix();flowers.setMatrixAt(placed++,dummy.matrix);}"
while,35-world-render-pbr-environment.js,5914,"while(placed<flowerCount&&attempts<flowerCount*18){attempts++;const x=(random()-.5)*198,z=(random()-.5)*198;if(!worldDetailAllowed(x,z))continue;dummy.position.set(x,.18,z);dummy.rotation.set(random()*Math.PI,random()*Math.PI,random()*Math.PI);const scale=.7+random()*.8;dummy.scale.set(scale,scale,scale);dummy.updateMatrix();flowers.setMatrixAt(placed++,dummy.matrix);}"
if,35-world-render-pbr-environment.js,5923,if(!world?.houses||world.worldProfessional?.housesEnhanced)return 0;let count=0;
for,35-world-render-pbr-environment.js,5924,for(const house of world.houses){
for,35-world-render-pbr-environment.js,5926,"for(const side of[-1,1]){premiumBox(.20,3.05,.24,trim,house.x+side*4.16,1.55,house.z+3.42,house.front,0x142033);premiumBox(.38,.18,7.2,dark,house.x+side*4.48,2.92,house.z,house.roof,0x142033);}"
if,35-world-render-pbr-environment.js,5928,"if(!house.publicBuilding){for(const ox of[-2.55,2.55]){const planter=new THREE.Group();planter.userData.otthiWorldDetail=true;worldGroup.add(planter);premiumBox(1.25,.32,.45,materials.wood,house.x+ox,.82,house.z+3.76,planter,0x142033);for(const dx of[-.36,0,.36]){premiumBox(.07,.38,.07,0x3f8f47,house.x+ox+dx,1.12,house.z+3.76,planter,0x14341c);premiumBox(.20,.14,.20,dx===0?0xffdf55:0xff6f9e,house.x+ox+dx,1.36,house.z+3.76,planter,0x4a1b2c);}}}"
for,35-world-render-pbr-environment.js,5928,"if(!house.publicBuilding){for(const ox of[-2.55,2.55]){const planter=new THREE.Group();planter.userData.otthiWorldDetail=true;worldGroup.add(planter);premiumBox(1.25,.32,.45,materials.wood,house.x+ox,.82,house.z+3.76,planter,0x142033);for(const dx of[-.36,0,.36]){premiumBox(.07,.38,.07,0x3f8f47,house.x+ox+dx,1.12,house.z+3.76,planter,0x14341c);premiumBox(.20,.14,.20,dx===0?0xffdf55:0xff6f9e,house.x+ox+dx,1.36,house.z+3.76,planter,0x4a1b2c);}}}"
if,35-world-render-pbr-environment.js,5934,if(world.worldProfessional?.atmosphere)return false;const group=new THREE.Group();group.name='OTTHI_WORLD_ATMOSPHERE';group.userData.otthiWorldDetail=true;scene.add(group);
for,35-world-render-pbr-environment.js,5935,"const particleMaterial=new THREE.PointsMaterial({color:0xffef9c,size:.16,transparent:true,opacity:.62,depthWrite:false,sizeAttenuation:true});const points=[],random=otthiSeededRandom(7721);for(let i=0;i<(qualityTier()==='low'?24:64);i++)points.push(new THREE.Vector3(-92+random()*58,.8+random()*7,-78+random()*48));const geometry=new THREE.BufferGeometry().setFromPoints(points),particles=new THREE.Points(geometry,particleMaterial);group.add(particles);"
if,35-world-render-pbr-environment.js,5940,if(world.worldProfessional?.landmarks)return false;const items=[];
for,35-world-render-pbr-environment.js,5941,"for(const [x,z,s]of[[-98,-18,.75],[-85,-28,.5],[-75,-62,.62],[-52,68,.58],[36,66,.5],[92,10,.68]])items.push(createWorldMushroomCluster(x,z,s));"
if,35-world-render-pbr-environment.js,5946,if(!worldGroup||otthiWorldRuntime.worldLayerReady)return false;ensureOtthiWorldState();upgradeCoreMaterialsToWorldPbr();improveSceneMeshMaterials(worldGroup);enhanceWorldHouses();createWorldInstancedDetails();createWorldAtmosphericDetails();createWorldLandmarks();
if,35-world-render-pbr-environment.js,5947,if(renderer){renderer.toneMapping=THREE.ACESFilmicToneMapping;renderer.toneMappingExposure=1.02;renderer.outputEncoding=THREE.sRGBEncoding;}
if,35-world-render-pbr-environment.js,5951,if(!otthiWorldRuntime.worldLayerReady)return;otthiWorldRuntime.updateTime+=dt;const time=otthiWorldRuntime.updateTime;
if,35-world-render-pbr-environment.js,5952,const waterMaterial=materials.water;if(waterMaterial?.normalMap){waterMaterial.normalMap.offset.x=(waterMaterial.normalMap.offset.x+dt*.008)%1;waterMaterial.normalMap.offset.y=(waterMaterial.normalMap.offset.y+dt*.005)%1;}
if,35-world-render-pbr-environment.js,5953,const atmosphere=world.worldProfessional?.atmosphere;if(atmosphere?.particles){atmosphere.particles.rotation.y=time*.018;atmosphere.particles.position.y=Math.sin(time*.35)*.14;}
if,35-world-render-pbr-environment.js,5954,"if(state.settings?.worldDayCycle&&sunLight){const cycle=(Math.sin(time*.018)+1)*.5,angle=time*.012;sunLight.position.set(Math.cos(angle)*52,30+cycle*26,Math.sin(angle)*48);sunLight.intensity=.88+cycle*.55;scene.background.setHSL(.55,.65,.58+cycle*.12);if(scene.fog)scene.fog.color.copy(scene.background).lerp(new THREE.Color(0xd9eeff),.45);}"
if,36-modular-build-machines.js,5972,"buildFootprint=function buildFootprintWorld(type,rotation=0){const base=OTTHI_WORLD_BUILD_SIZES[type];if(!base)return legacyBuildFootprint(type,rotation);return Math.abs(Math.sin(Number(rotation||0)))>.7?{w:base.d,d:base.w}:{...base};};"
if,36-modular-build-machines.js,5975,"if(!OTTHI_WORLD_BUILD_SIZES[type])return legacyCreateBuildPreviewMesh(type);if(!window.THREE||!worldGroup)return null;const group=new THREE.Group(),material=new THREE.MeshBasicMaterial({color:0x64ef78,transparent:true,opacity:.42,depthWrite:false,depthTest:true});"
if,36-modular-build-machines.js,5977,"if(type==='roof'){part(3,.35,3,0,.18,0);part(2.3,.35,2.5,0,.48,0);part(1.5,.35,2,0,.78,0);}"
if,36-modular-build-machines.js,5978,"else if(type==='door'){part(1.7,2.5,.35,0,1.25,0);part(1.2,2.15,.38,0,1.08,.02);}"
else,36-modular-build-machines.js,5978,"else if(type==='door'){part(1.7,2.5,.35,0,1.25,0);part(1.2,2.15,.38,0,1.08,.02);}"
if,36-modular-build-machines.js,5979,"else if(type==='window'){part(2,1.55,.32,0,.78,0);part(1.55,1.15,.36,0,.78,.02);}"
else,36-modular-build-machines.js,5979,"else if(type==='window'){part(2,1.55,.32,0,.78,0);part(1.55,1.15,.36,0,.78,.02);}"
if,36-modular-build-machines.js,5980,"else if(type==='stairs')for(let i=0;i<4;i++)part(2.5,.28+i*.28,.72,0,(.28+i*.28)/2,-1.05+i*.7);"
else,36-modular-build-machines.js,5980,"else if(type==='stairs')for(let i=0;i<4;i++)part(2.5,.28+i*.28,.72,0,(.28+i*.28)/2,-1.05+i*.7);"
for,36-modular-build-machines.js,5980,"else if(type==='stairs')for(let i=0;i<4;i++)part(2.5,.28+i*.28,.72,0,(.28+i*.28)/2,-1.05+i*.7);"
if,36-modular-build-machines.js,5981,"else if(type==='table'){part(2.2,.18,1.1,0,1,0);for(const x of[-.85,.85])for(const z of[-.38,.38])part(.15,.92,.15,x,.46,z);}"
else,36-modular-build-machines.js,5981,"else if(type==='table'){part(2.2,.18,1.1,0,1,0);for(const x of[-.85,.85])for(const z of[-.38,.38])part(.15,.92,.15,x,.46,z);}"
for,36-modular-build-machines.js,5981,"else if(type==='table'){part(2.2,.18,1.1,0,1,0);for(const x of[-.85,.85])for(const z of[-.38,.38])part(.15,.92,.15,x,.46,z);}"
if,36-modular-build-machines.js,5982,"else if(type==='chair'){part(.9,.16,.86,0,.62,0);part(.9,.82,.16,0,1.02,-.34);for(const x of[-.32,.32])part(.12,.58,.12,x,.29,0);}"
else,36-modular-build-machines.js,5982,"else if(type==='chair'){part(.9,.16,.86,0,.62,0);part(.9,.82,.16,0,1.02,-.34);for(const x of[-.32,.32])part(.12,.58,.12,x,.29,0);}"
for,36-modular-build-machines.js,5982,"else if(type==='chair'){part(.9,.16,.86,0,.62,0);part(.9,.82,.16,0,1.02,-.34);for(const x of[-.32,.32])part(.12,.58,.12,x,.29,0);}"
if,36-modular-build-machines.js,5983,"else if(type==='crate'){part(1.2,1.2,1.2,0,.6,0);}"
else,36-modular-build-machines.js,5983,"else if(type==='crate'){part(1.2,1.2,1.2,0,.6,0);}"
if,36-modular-build-machines.js,5984,"else if(type==='mushroom'){part(.42,.9,.42,0,.45,0);part(1.35,.48,1.35,0,1.05,0);}"
else,36-modular-build-machines.js,5984,"else if(type==='mushroom'){part(.42,.9,.42,0,.45,0);part(1.35,.48,1.35,0,1.05,0);}"
if,36-modular-build-machines.js,5985,"else if(type==='heroPad'){part(2.8,.28,2.8,0,.14,0);part(1.9,.18,1.9,0,.32,0);}"
else,36-modular-build-machines.js,5985,"else if(type==='heroPad'){part(2.8,.28,2.8,0,.14,0);part(1.9,.18,1.9,0,.32,0);}"
else,36-modular-build-machines.js,5986,"else{part(3,.92,1.1,0,.46,0);part(2.7,.18,1.25,0,1,0);}"
if,36-modular-build-machines.js,5992,"const preliminary=normalizeBuildRecord(rawData);if(!preliminary||!OTTHI_WORLD_BUILD_SIZES[preliminary.type])return legacySpawnBuild(rawData,persist);if(!worldGroup)return null;const existing=world.builds.find(item=>item.data.id===preliminary.id);if(existing)return existing;"
if,36-modular-build-machines.js,5994,"if(data.type==='roof'){premiumBox(3,.34,3,materials.roof,0,.17,0,group);premiumBox(2.35,.34,2.55,materials.roof,0,.49,0,group);premiumBox(1.65,.34,2.05,materials.roof,0,.81,0,group);registerPlatform(data.x,data.z,3,3,baseY+1,{buildId:data.id});}"
if,36-modular-build-machines.js,5995,"else if(data.type==='door'){premiumBox(1.7,2.5,.35,materials.stone,0,1.25,0,group);premiumBox(1.22,2.15,.39,materials.wood,0,1.08,.03,group);premiumCylinder(.07,.08,0xffd84d,.4,1.08,.24,group,10);const size=oriented(1.7,.38);registerCollider(data.x,data.z,size.w,size.d,{buildId:data.id});}"
else,36-modular-build-machines.js,5995,"else if(data.type==='door'){premiumBox(1.7,2.5,.35,materials.stone,0,1.25,0,group);premiumBox(1.22,2.15,.39,materials.wood,0,1.08,.03,group);premiumCylinder(.07,.08,0xffd84d,.4,1.08,.24,group,10);const size=oriented(1.7,.38);registerCollider(data.x,data.z,size.w,size.d,{buildId:data.id});}"
if,36-modular-build-machines.js,5996,"else if(data.type==='window'){premiumBox(2,1.55,.32,materials.wood,0,.78,0,group);const glass=new THREE.MeshStandardMaterial({map:loadWorldTexture('city-glass','basecolor',{repeat:[1,1],color:true}),normalMap:loadWorldTexture('city-glass','normal',{repeat:[1,1]}),roughnessMap:loadWorldTexture('city-glass','roughness',{repeat:[1,1]}),color:0x8fdfff,transparent:true,opacity:.72,roughness:.18,metalness:.16});premiumBox(1.55,1.12,.36,glass,0,.78,.03,group,0x204b69);premiumBox(.08,1.12,.4,materials.w"
else,36-modular-build-machines.js,5996,"else if(data.type==='window'){premiumBox(2,1.55,.32,materials.wood,0,.78,0,group);const glass=new THREE.MeshStandardMaterial({map:loadWorldTexture('city-glass','basecolor',{repeat:[1,1],color:true}),normalMap:loadWorldTexture('city-glass','normal',{repeat:[1,1]}),roughnessMap:loadWorldTexture('city-glass','roughness',{repeat:[1,1]}),color:0x8fdfff,transparent:true,opacity:.72,roughness:.18,metalness:.16});premiumBox(1.55,1.12,.36,glass,0,.78,.03,group,0x204b69);premiumBox(.08,1.12,.4,materials.w"
if,36-modular-build-machines.js,5997,"else if(data.type==='stairs'){for(let i=0;i<4;i++){const height=.28+i*.28,z=-1.05+i*.7;premiumBox(2.5,height,.72,materials.wood,0,height/2,z,group);const worldZ=data.z+Math.cos(rotation)*z,worldX=data.x+Math.sin(rotation)*z,size=oriented(2.5,.72);registerPlatform(worldX,worldZ,size.w,size.d,baseY+height,{buildId:data.id});}}"
else,36-modular-build-machines.js,5997,"else if(data.type==='stairs'){for(let i=0;i<4;i++){const height=.28+i*.28,z=-1.05+i*.7;premiumBox(2.5,height,.72,materials.wood,0,height/2,z,group);const worldZ=data.z+Math.cos(rotation)*z,worldX=data.x+Math.sin(rotation)*z,size=oriented(2.5,.72);registerPlatform(worldX,worldZ,size.w,size.d,baseY+height,{buildId:data.id});}}"
for,36-modular-build-machines.js,5997,"else if(data.type==='stairs'){for(let i=0;i<4;i++){const height=.28+i*.28,z=-1.05+i*.7;premiumBox(2.5,height,.72,materials.wood,0,height/2,z,group);const worldZ=data.z+Math.cos(rotation)*z,worldX=data.x+Math.sin(rotation)*z,size=oriented(2.5,.72);registerPlatform(worldX,worldZ,size.w,size.d,baseY+height,{buildId:data.id});}}"
if,36-modular-build-machines.js,5998,"else if(data.type==='table'){premiumBox(2.2,.18,1.1,materials.wood,0,1,0,group);for(const x of[-.85,.85])for(const z of[-.38,.38])premiumBox(.15,.92,.15,materials.wood,x,.46,z,group);const size=oriented(2.2,1.2);registerCollider(data.x,data.z,size.w,size.d,{buildId:data.id});}"
else,36-modular-build-machines.js,5998,"else if(data.type==='table'){premiumBox(2.2,.18,1.1,materials.wood,0,1,0,group);for(const x of[-.85,.85])for(const z of[-.38,.38])premiumBox(.15,.92,.15,materials.wood,x,.46,z,group);const size=oriented(2.2,1.2);registerCollider(data.x,data.z,size.w,size.d,{buildId:data.id});}"
for,36-modular-build-machines.js,5998,"else if(data.type==='table'){premiumBox(2.2,.18,1.1,materials.wood,0,1,0,group);for(const x of[-.85,.85])for(const z of[-.38,.38])premiumBox(.15,.92,.15,materials.wood,x,.46,z,group);const size=oriented(2.2,1.2);registerCollider(data.x,data.z,size.w,size.d,{buildId:data.id});}"
if,36-modular-build-machines.js,5999,"else if(data.type==='chair'){premiumBox(.9,.16,.86,materials.wood,0,.62,0,group);premiumBox(.9,.82,.16,materials.wood,0,1.02,-.34,group);for(const x of[-.32,.32])premiumBox(.12,.58,.12,materials.wood,x,.29,0,group);const size=oriented(1,1);registerCollider(data.x,data.z,size.w,size.d,{buildId:data.id});}"
else,36-modular-build-machines.js,5999,"else if(data.type==='chair'){premiumBox(.9,.16,.86,materials.wood,0,.62,0,group);premiumBox(.9,.82,.16,materials.wood,0,1.02,-.34,group);for(const x of[-.32,.32])premiumBox(.12,.58,.12,materials.wood,x,.29,0,group);const size=oriented(1,1);registerCollider(data.x,data.z,size.w,size.d,{buildId:data.id});}"
for,36-modular-build-machines.js,5999,"else if(data.type==='chair'){premiumBox(.9,.16,.86,materials.wood,0,.62,0,group);premiumBox(.9,.82,.16,materials.wood,0,1.02,-.34,group);for(const x of[-.32,.32])premiumBox(.12,.58,.12,materials.wood,x,.29,0,group);const size=oriented(1,1);registerCollider(data.x,data.z,size.w,size.d,{buildId:data.id});}"
if,36-modular-build-machines.js,6000,"else if(data.type==='crate'){premiumBox(1.2,1.2,1.2,materials.wood,0,.6,0,group);for(const r of[-.52,.52]){premiumBox(.12,1.22,.12,0x5b341c,r,.61,.52,group);premiumBox(.12,1.22,.12,0x5b341c,r,.61,-.52,group);}registerPlatform(data.x,data.z,1.2,1.2,baseY+1.2,{buildId:data.id});registerCollider(data.x,data.z,1.2,1.2,{buildId:data.id});}"
else,36-modular-build-machines.js,6000,"else if(data.type==='crate'){premiumBox(1.2,1.2,1.2,materials.wood,0,.6,0,group);for(const r of[-.52,.52]){premiumBox(.12,1.22,.12,0x5b341c,r,.61,.52,group);premiumBox(.12,1.22,.12,0x5b341c,r,.61,-.52,group);}registerPlatform(data.x,data.z,1.2,1.2,baseY+1.2,{buildId:data.id});registerCollider(data.x,data.z,1.2,1.2,{buildId:data.id});}"
for,36-modular-build-machines.js,6000,"else if(data.type==='crate'){premiumBox(1.2,1.2,1.2,materials.wood,0,.6,0,group);for(const r of[-.52,.52]){premiumBox(.12,1.22,.12,0x5b341c,r,.61,.52,group);premiumBox(.12,1.22,.12,0x5b341c,r,.61,-.52,group);}registerPlatform(data.x,data.z,1.2,1.2,baseY+1.2,{buildId:data.id});registerCollider(data.x,data.z,1.2,1.2,{buildId:data.id});}"
if,36-modular-build-machines.js,6001,"else if(data.type==='mushroom'){const stem=worldAvatarMaterial(0xe7d0aa,{roughness:.88});const cap=new THREE.MeshStandardMaterial({map:loadWorldTexture('mushroom','basecolor',{repeat:[1,1],color:true,nearest:true}),normalMap:loadWorldTexture('mushroom','normal',{repeat:[1,1]}),roughnessMap:loadWorldTexture('mushroom','roughness',{repeat:[1,1]}),roughness:.74});const trunk=new THREE.Mesh(new THREE.CylinderGeometry(.2,.3,.9,8),stem);trunk.position.y=.45;group.add(trunk);const top=new THREE.Mesh(ne"
else,36-modular-build-machines.js,6001,"else if(data.type==='mushroom'){const stem=worldAvatarMaterial(0xe7d0aa,{roughness:.88});const cap=new THREE.MeshStandardMaterial({map:loadWorldTexture('mushroom','basecolor',{repeat:[1,1],color:true,nearest:true}),normalMap:loadWorldTexture('mushroom','normal',{repeat:[1,1]}),roughnessMap:loadWorldTexture('mushroom','roughness',{repeat:[1,1]}),roughness:.74});const trunk=new THREE.Mesh(new THREE.CylinderGeometry(.2,.3,.9,8),stem);trunk.position.y=.45;group.add(trunk);const top=new THREE.Mesh(ne"
if,36-modular-build-machines.js,6002,"else if(data.type==='heroPad'){const energy=otthiWorldRuntime.materials.get('heroEnergy')||new THREE.MeshStandardMaterial({color:0x4fddff,emissive:0x147ca2,emissiveIntensity:.65,roughness:.2});premiumBox(2.8,.28,2.8,materials.stone,0,.14,0,group);premiumBox(1.95,.18,1.95,energy,0,.34,0,group,0x0b4b66);extras.push(addGlow(data.x,baseY+.55,data.z,0x45ddff,4));registerPlatform(data.x,data.z,2.8,2.8,baseY+.43,{buildId:data.id});}"
else,36-modular-build-machines.js,6002,"else if(data.type==='heroPad'){const energy=otthiWorldRuntime.materials.get('heroEnergy')||new THREE.MeshStandardMaterial({color:0x4fddff,emissive:0x147ca2,emissiveIntensity:.65,roughness:.2});premiumBox(2.8,.28,2.8,materials.stone,0,.14,0,group);premiumBox(1.95,.18,1.95,energy,0,.34,0,group,0x0b4b66);extras.push(addGlow(data.x,baseY+.55,data.z,0x45ddff,4));registerPlatform(data.x,data.z,2.8,2.8,baseY+.43,{buildId:data.id});}"
if,36-modular-build-machines.js,6003,"else if(data.type==='garageRack'){premiumBox(3,.92,1.1,materials.wood,0,.46,0,group);premiumBox(2.75,.18,1.25,materials.emergencyMetal,0,1,0,group);for(const x of[-1.15,1.15])premiumBox(.18,1.85,.18,materials.emergencyMetal,x,.93,0,group);for(const [x,c]of[[-.72,0xf2c94c],[0,0x4fc3f7],[.72,0xef5350]])premiumBox(.42,.28,.34,c,x,1.24,0,group);const size=oriented(3,1.2);registerCollider(data.x,data.z,size.w,size.d,{buildId:data.id});}"
else,36-modular-build-machines.js,6003,"else if(data.type==='garageRack'){premiumBox(3,.92,1.1,materials.wood,0,.46,0,group);premiumBox(2.75,.18,1.25,materials.emergencyMetal,0,1,0,group);for(const x of[-1.15,1.15])premiumBox(.18,1.85,.18,materials.emergencyMetal,x,.93,0,group);for(const [x,c]of[[-.72,0xf2c94c],[0,0x4fc3f7],[.72,0xef5350]])premiumBox(.42,.28,.34,c,x,1.24,0,group);const size=oriented(3,1.2);registerCollider(data.x,data.z,size.w,size.d,{buildId:data.id});}"
for,36-modular-build-machines.js,6003,"else if(data.type==='garageRack'){premiumBox(3,.92,1.1,materials.wood,0,.46,0,group);premiumBox(2.75,.18,1.25,materials.emergencyMetal,0,1,0,group);for(const x of[-1.15,1.15])premiumBox(.18,1.85,.18,materials.emergencyMetal,x,.93,0,group);for(const [x,c]of[[-.72,0xf2c94c],[0,0x4fc3f7],[.72,0xef5350]])premiumBox(.42,.28,.34,c,x,1.24,0,group);const size=oriented(3,1.2);registerCollider(data.x,data.z,size.w,size.d,{buildId:data.id});}"
if,36-modular-build-machines.js,6004,"group.traverse(object=>{if(object.isMesh){object.castShadow=true;object.receiveShadow=true;ensureUv2(object);}});return registerWorldBuildRecord(data,group,extras,baseY);"
if,36-modular-build-machines.js,6030,function removeWorldVehicleModules(group){const previous=group?.userData?.otthiWorldVehicleModules;if(previous){group.remove(previous);disposeWorldAvatarObject(previous);}if(group?.userData)group.userData.otthiWorldVehicleModules=null;}
if,36-modular-build-machines.js,6033,"if(!group||!vehicleId)return false;removeWorldVehicleModules(group);const parts=worldVehicleParts(vehicleId),durability=Number(state.vehicles.partDurability[vehicleId]||100),modules=new THREE.Group();modules.name=`OTTHI_WORLD_VEHICLE_${vehicleId}`;group.add(modules);group.userData.otthiWorldVehicleModules=modules;"
if,36-modular-build-machines.js,6035,"const part=(w,h,d,material,x,y,z)=>{const mesh=new THREE.Mesh(new THREE.BoxGeometry(w,h,d),material);mesh.position.set(x,y,z);mesh.castShadow=true;mesh.receiveShadow=true;modules.add(mesh);if(state.settings?.worldOutlines!==false)addVoxelOutline(mesh,0x102238,.20);return mesh;};"
if,36-modular-build-machines.js,6036,"if(parts.body==='compact'){part(1.64,.22,.32,primary,0,.34,1.31);part(1.66,.18,.30,secondary,0,.36,-1.23);part(1.34,.22,1.02,primary,0,1.12,-.34);}"
if,36-modular-build-machines.js,6037,"else if(parts.body==='sport'){part(2.02,.16,.34,primary,0,.22,1.42);part(2.05,.14,.30,primary,0,.22,-1.42);part(.24,.28,2.45,secondary,-1.0,.38,0);part(.24,.28,2.45,secondary,1.0,.38,0);}"
else,36-modular-build-machines.js,6037,"else if(parts.body==='sport'){part(2.02,.16,.34,primary,0,.22,1.42);part(2.05,.14,.30,primary,0,.22,-1.42);part(.24,.28,2.45,secondary,-1.0,.38,0);part(.24,.28,2.45,secondary,1.0,.38,0);}"
if,36-modular-build-machines.js,6038,"else if(parts.body==='offroad'){part(2.12,.24,.42,dark,0,.32,1.42);part(2.12,.24,.42,dark,0,.32,-1.42);for(const x of[-1.02,1.02])part(.20,.42,2.42,dark,x,.44,0);}"
else,36-modular-build-machines.js,6038,"else if(parts.body==='offroad'){part(2.12,.24,.42,dark,0,.32,1.42);part(2.12,.24,.42,dark,0,.32,-1.42);for(const x of[-1.02,1.02])part(.20,.42,2.42,dark,x,.44,0);}"
for,36-modular-build-machines.js,6038,"else if(parts.body==='offroad'){part(2.12,.24,.42,dark,0,.32,1.42);part(2.12,.24,.42,dark,0,.32,-1.42);for(const x of[-1.02,1.02])part(.20,.42,2.42,dark,x,.44,0);}"
if,36-modular-build-machines.js,6039,"else if(parts.body==='special'){part(2.02,.18,.34,energy,0,.30,1.42);part(1.72,.12,.28,accent,0,.27,-1.42);for(const x of[-.96,.96]){const fin=part(.12,.58,1.08,secondary,x,.78,-.82);fin.rotation.z=x<0?-.18:.18;}part(.48,.12,1.12,energy,0,1.23,-.28);}"
else,36-modular-build-machines.js,6039,"else if(parts.body==='special'){part(2.02,.18,.34,energy,0,.30,1.42);part(1.72,.12,.28,accent,0,.27,-1.42);for(const x of[-.96,.96]){const fin=part(.12,.58,1.08,secondary,x,.78,-.82);fin.rotation.z=x<0?-.18:.18;}part(.48,.12,1.12,energy,0,1.23,-.28);}"
for,36-modular-build-machines.js,6039,"else if(parts.body==='special'){part(2.02,.18,.34,energy,0,.30,1.42);part(1.72,.12,.28,accent,0,.27,-1.42);for(const x of[-.96,.96]){const fin=part(.12,.58,1.08,secondary,x,.78,-.82);fin.rotation.z=x<0?-.18:.18;}part(.48,.12,1.12,energy,0,1.23,-.28);}"
if,36-modular-build-machines.js,6040,"else if(parts.body==='utility'){part(2.02,.22,.34,dark,0,.31,1.39);part(1.82,.18,.34,secondary,0,.35,-1.41);for(const x of[-.92,.92])part(.16,.38,2.32,primary,x,.48,0);}"
else,36-modular-build-machines.js,6040,"else if(parts.body==='utility'){part(2.02,.22,.34,dark,0,.31,1.39);part(1.82,.18,.34,secondary,0,.35,-1.41);for(const x of[-.92,.92])part(.16,.38,2.32,primary,x,.48,0);}"
for,36-modular-build-machines.js,6040,"else if(parts.body==='utility'){part(2.02,.22,.34,dark,0,.31,1.39);part(1.82,.18,.34,secondary,0,.35,-1.41);for(const x of[-.92,.92])part(.16,.38,2.32,primary,x,.48,0);}"
if,36-modular-build-machines.js,6041,"else if(parts.body==='exploration'){part(2.16,.27,.44,dark,0,.34,1.43);part(2.12,.24,.42,dark,0,.34,-1.43);for(const x of[-1.03,1.03])part(.22,.46,2.44,dark,x,.48,0);const spare=new THREE.Mesh(new THREE.TorusGeometry(.38,.12,7,14),dark);spare.position.set(0,.82,-1.55);spare.rotation.y=Math.PI/2;modules.add(spare);}"
else,36-modular-build-machines.js,6041,"else if(parts.body==='exploration'){part(2.16,.27,.44,dark,0,.34,1.43);part(2.12,.24,.42,dark,0,.34,-1.43);for(const x of[-1.03,1.03])part(.22,.46,2.44,dark,x,.48,0);const spare=new THREE.Mesh(new THREE.TorusGeometry(.38,.12,7,14),dark);spare.position.set(0,.82,-1.55);spare.rotation.y=Math.PI/2;modules.add(spare);}"
for,36-modular-build-machines.js,6041,"else if(parts.body==='exploration'){part(2.16,.27,.44,dark,0,.34,1.43);part(2.12,.24,.42,dark,0,.34,-1.43);for(const x of[-1.03,1.03])part(.22,.46,2.44,dark,x,.48,0);const spare=new THREE.Mesh(new THREE.TorusGeometry(.38,.12,7,14),dark);spare.position.set(0,.82,-1.55);spare.rotation.y=Math.PI/2;modules.add(spare);}"
if,36-modular-build-machines.js,6042,"else if(parts.body==='service'){part(1.92,.20,.36,accent,0,.34,1.39);part(1.92,.20,.36,accent,0,.34,-1.39);part(.12,.34,2.3,accent,-.97,.48,0);part(.12,.34,2.3,accent,.97,.48,0);}"
else,36-modular-build-machines.js,6042,"else if(parts.body==='service'){part(1.92,.20,.36,accent,0,.34,1.39);part(1.92,.20,.36,accent,0,.34,-1.39);part(.12,.34,2.3,accent,-.97,.48,0);part(.12,.34,2.3,accent,.97,.48,0);}"
if,36-modular-build-machines.js,6043,"if(parts.hood==='intake')part(.72,.24,.64,secondary,0,.98,.73);else if(parts.hood==='power'){part(.74,.18,.66,energy,0,.99,.73);part(.12,.08,.72,accent,0,1.10,.73);}"
else,36-modular-build-machines.js,6043,"if(parts.hood==='intake')part(.72,.24,.64,secondary,0,.98,.73);else if(parts.hood==='power'){part(.74,.18,.66,energy,0,.99,.73);part(.12,.08,.72,accent,0,1.10,.73);}"
if,36-modular-build-machines.js,6044,"if(durability>20&&parts.roof==='rack'){for(const x of[-.62,.62])part(.10,.36,1.18,dark,x,1.36,-.42);for(const z of[-.92,.02])part(1.36,.10,.10,dark,0,1.55,z);}"
for,36-modular-build-machines.js,6044,"if(durability>20&&parts.roof==='rack'){for(const x of[-.62,.62])part(.10,.36,1.18,dark,x,1.36,-.42);for(const z of[-.92,.02])part(1.36,.10,.10,dark,0,1.55,z);}"
if,36-modular-build-machines.js,6045,"else if(durability>20&&parts.roof==='beacon'){part(1.18,.12,.22,dark,0,1.31,-.42);part(.34,.22,.24,energy,-.32,1.47,-.42);part(.34,.22,.24,accent,.32,1.47,-.42);}"
else,36-modular-build-machines.js,6045,"else if(durability>20&&parts.roof==='beacon'){part(1.18,.12,.22,dark,0,1.31,-.42);part(.34,.22,.24,energy,-.32,1.47,-.42);part(.34,.22,.24,accent,.32,1.47,-.42);}"
if,36-modular-build-machines.js,6046,"if(durability>10&&parts.rear==='spoiler'){part(1.46,.12,.34,secondary,0,1.12,-1.32);for(const x of[-.5,.5])part(.10,.44,.10,dark,x,.91,-1.23);}"
for,36-modular-build-machines.js,6046,"if(durability>10&&parts.rear==='spoiler'){part(1.46,.12,.34,secondary,0,1.12,-1.32);for(const x of[-.5,.5])part(.10,.44,.10,dark,x,.91,-1.23);}"
if,36-modular-build-machines.js,6047,"else if(durability>10&&parts.rear==='box')part(1.32,.66,.82,secondary,0,.93,-1.12);"
else,36-modular-build-machines.js,6047,"else if(durability>10&&parts.rear==='box')part(1.32,.66,.82,secondary,0,.93,-1.12);"
for,36-modular-build-machines.js,6049,"for(const [x,z]of[[-.86,-.8],[.86,-.8],[-.86,.8],[.86,.8]]){const wheel=new THREE.Mesh(new THREE.CylinderGeometry(wheelRadius,wheelRadius,wheelWidth,14),wheelMaterial);wheel.position.set(x,.24,z);wheel.rotation.z=Math.PI/2;wheel.castShadow=true;modules.add(wheel);const hub=new THREE.Mesh(new THREE.CylinderGeometry(.13,.13,wheelWidth+.03,10),parts.wheels==='sport'?accent:secondary);hub.position.copy(wheel.position);hub.rotation.z=Math.PI/2;modules.add(hub);}"
for,36-modular-build-machines.js,6050,"const lightMaterial=parts.lights==='energy'?energy:worldVehicleModuleMaterial(parts.lights==='white'?0xffffff:0xffe7a1,.1,.2);lightMaterial.emissive=new THREE.Color(parts.lights==='energy'?0x28c7ef:0xffc95a);lightMaterial.emissiveIntensity=parts.lights==='energy'?1.1:.72;for(const x of[-.58,.58])part(.34,.18,.08,lightMaterial,x,.52,1.37);"
if,36-modular-build-machines.js,6056,"const records=[],seen=new Set(),add=(vehicle,type='car')=>{if(!vehicle?.id||seen.has(`${type}:${vehicle.id}`))return;const localCar=player.vehicle&&player.car.id===vehicle.id,localBoat=player.boating&&type==='boat',group=vehicle.group;if(group?.visible===false&&!localCar&&!localBoat)return;const x=Number(localCar||localBoat?player.x:group?.position?.x??vehicle.x??0),z=Number(localCar||localBoat?player.z:group?.position?.z??vehicle.z??0),kind=String(vehicle.serviceType||vehicle.kind||type),icon=t"
if,36-modular-build-machines.js,6057,"for(const vehicle of world?.vehicles||[])add(vehicle,'car');for(const bus of world?.buses||[])add(bus,'bus');for(const vehicle of world?.policeCars||[])add(vehicle,'service');for(const vehicle of world?.fireTrucks||[])add(vehicle,'service');for(const vehicle of world?.ambulances||[])add(vehicle,'service');if(world?.boat)add(world.boat,'boat');return records;"
for,36-modular-build-machines.js,6057,"for(const vehicle of world?.vehicles||[])add(vehicle,'car');for(const bus of world?.buses||[])add(bus,'bus');for(const vehicle of world?.policeCars||[])add(vehicle,'service');for(const vehicle of world?.fireTrucks||[])add(vehicle,'service');for(const vehicle of world?.ambulances||[])add(vehicle,'service');if(world?.boat)add(world.boat,'boat');return records;"
if,36-modular-build-machines.js,6060,"currentMapLocations=function currentMapLocationsWorldVehicles(){const unique=new Map();for(const location of [...legacyCurrentMapLocations(),...worldVehicleMapLocations()])if(location?.id)unique.set(location.id,location);return[...unique.values()];};"
for,36-modular-build-machines.js,6060,"currentMapLocations=function currentMapLocationsWorldVehicles(){const unique=new Map();for(const location of [...legacyCurrentMapLocations(),...worldVehicleMapLocations()])if(location?.id)unique.set(location.id,location);return[...unique.values()];};"
if,36-modular-build-machines.js,6062,"applyVehicleAppearance=function applyVehicleAppearanceWorld(vehicle){legacyApplyVehicleAppearance(vehicle);if(vehicleVisual&&vehicle?.id)applyWorldVehicleModulesToGroup(vehicleVisual,vehicle.id);};"
if,36-modular-build-machines.js,6064,"registerVehicleImpact=function registerVehicleImpactWorld(){const vehicle=currentVehicleRef(),id=vehicle?.id||player.car.id;legacyRegisterVehicleImpact();if(!id)return;const before=Number(state.vehicles.partDurability[id]??100),after=clamp(before-5,0,100);state.vehicles.partDurability[id]=after;if(vehicle?.group)applyWorldVehicleModulesToGroup(vehicle.group,id);if(player.vehicle&&vehicleVisual)applyWorldVehicleModulesToGroup(vehicleVisual,id);if(before>20&&after<=20)toast('Uma peça externa ficou"
if,36-modular-build-machines.js,6070,"$$('[data-world-vehicle-field]',root).forEach(button=>button.onclick=()=>{const target=worldVehicleParts(id),field=button.dataset.worldVehicleField,value=button.dataset.worldVehicleValue;target[field]=value;state.vehicles.modularParts[id]=target;$$(`[data-world-vehicle-field=""${field}""]`,root).forEach(item=>item.classList.toggle('selected',item===button));if(vehicle?.group)applyWorldVehicleModulesToGroup(vehicle.group,id);if(player.vehicle&&player.car.id===id)applyWorldVehicleModulesToGroup(vehi"
if,36-modular-build-machines.js,6071,"$$('[data-world-vehicle-color]',root).forEach(input=>input.oninput=()=>{const target=worldVehicleParts(id);target[input.dataset.worldVehicleColor]=safeAvatarColor(input.value,target[input.dataset.worldVehicleColor]);state.vehicles.modularParts[id]=target;if(vehicle?.group)applyWorldVehicleModulesToGroup(vehicle.group,id);if(player.vehicle&&player.car.id===id)applyWorldVehicleModulesToGroup(vehicleVisual,id);});"
if,36-modular-build-machines.js,6073,"$('[data-world-vehicle-repair]',root).onclick=()=>{if(typeof repairVehicleV704==='function'){if(repairVehicleV704(vehicle||id))openWorldModularGarage(id);return;}state.vehicles.partDurability[id]=100;if(vehicle?.group)applyWorldVehicleModulesToGroup(vehicle.group,id);if(player.vehicle&&player.car.id===id)applyWorldVehicleModulesToGroup(vehicleVisual,id);saveState(true);openWorldModularGarage(id);toast('Peças reparadas.','good',1600);};"
if,36-modular-build-machines.js,6077,"const index=world.interactables?.findIndex?.(item=>item.id==='otthi-world-garage')??-1;if(index>=0)world.interactables.splice(index,1);otthiWorldRuntime.modularVehiclesReady=true;return true;"
if,36a-vehicle-damage-repair-v704.js,5,"function vehicleDurabilityV704(vehicle=currentVehicleRef?.()){ensureVehicleDamageStateV704();const id=vehicleIdV704(vehicle);if(!id)return 100;const value=Number(state.vehicles.partDurability[id]);return Number.isFinite(value)?clamp(value,0,100):100;}"
if,36a-vehicle-damage-repair-v704.js,7,function vehiclePerformanceV704(vehicle=currentVehicleRef?.()){const d=vehicleDurabilityV704(vehicle);if(d<=0)return 0;if(d<20)return .28;if(d<45)return .55;if(d<70)return .78;return 1;}
if,36a-vehicle-damage-repair-v704.js,9,"const id=vehicleIdV704(vehicle);if(!id)return 100;ensureVehicleDamageStateV704();const before=vehicleDurabilityV704(vehicle),after=clamp(Math.round(Number(value)||0),0,100);state.vehicles.partDurability[id]=after;state.vehicles.broken[id]=after<=0;"
if,36a-vehicle-damage-repair-v704.js,11,"if(vehicle?.group&&typeof applyWorldVehicleModulesToGroup==='function')applyWorldVehicleModulesToGroup(vehicle.group,id);if(player.vehicle&&player.car.id===id&&vehicleVisual&&typeof applyWorldVehicleModulesToGroup==='function')applyWorldVehicleModulesToGroup(vehicleVisual,id);"
if,36a-vehicle-damage-repair-v704.js,15,"if(!worldGroup||VEHICLE_DAMAGE_V704.debris.length>=9)return;const heading=Number(player.car.heading||vehicle?.heading||0),count=Math.min(3,Math.max(1,Math.ceil(severity)));"
for,36a-vehicle-damage-repair-v704.js,16,"for(let i=0;i<count;i++){const mesh=box(.22+Math.random()*.28,.12+Math.random()*.18,.34+Math.random()*.3,i%2?0x283747:0xd1d5db,player.x+(Math.random()-.5)*1.1,.55+Math.random()*.45,player.z+(Math.random()-.5)*1.1);mesh.userData.vehicleDebris=true;VEHICLE_DAMAGE_V704.debris.push({mesh,life:2.6+Math.random(),vx:(Math.random()-.5)*4+Math.sin(heading)*1.5,vy:2+Math.random()*2.2,vz:(Math.random()-.5)*4+Math.cos(heading)*1.5});}"
if,36a-vehicle-damage-repair-v704.js,18,"function updateVehicleDebrisV704(dt){for(let i=VEHICLE_DAMAGE_V704.debris.length-1;i>=0;i--){const p=VEHICLE_DAMAGE_V704.debris[i];p.life-=dt;p.vy-=8.5*dt;p.mesh.position.x+=p.vx*dt;p.mesh.position.y=Math.max(.08,p.mesh.position.y+p.vy*dt);p.mesh.position.z+=p.vz*dt;p.mesh.rotation.x+=dt*3;p.mesh.rotation.z+=dt*2.2;if(p.mesh.position.y<=.08){p.vx*=.82;p.vz*=.82;p.vy=0;}if(p.life<=0){worldGroup.remove(p.mesh);if(typeof disposeDetachedVisual==='function')disposeDetachedVisual(p.mesh);VEHICLE_DAMAG"
for,36a-vehicle-damage-repair-v704.js,18,"function updateVehicleDebrisV704(dt){for(let i=VEHICLE_DAMAGE_V704.debris.length-1;i>=0;i--){const p=VEHICLE_DAMAGE_V704.debris[i];p.life-=dt;p.vy-=8.5*dt;p.mesh.position.x+=p.vx*dt;p.mesh.position.y=Math.max(.08,p.mesh.position.y+p.vy*dt);p.mesh.position.z+=p.vz*dt;p.mesh.rotation.x+=dt*3;p.mesh.rotation.z+=dt*2.2;if(p.mesh.position.y<=.08){p.vx*=.82;p.vz*=.82;p.vy=0;}if(p.life<=0){worldGroup.remove(p.mesh);if(typeof disposeDetachedVisual==='function')disposeDetachedVisual(p.mesh);VEHICLE_DAMAG"
if,36a-vehicle-damage-repair-v704.js,20,"const speed=Math.abs(Number(impactSpeed||0));if(speed<1.2)return vehicleDurabilityV704(vehicle);const before=Number.isFinite(Number(baseline))?clamp(Number(baseline),0,100):vehicleDurabilityV704(vehicle),damage=speed<4?4:speed<8?10:speed<12?20:speed<16?35:before,after=setVehicleDurabilityV704(vehicle,before-damage,speed>=16?'destructive-impact':speed>=12?'strong-impact':'impact');"
if,36a-vehicle-damage-repair-v704.js,21,"if(speed>=8)spawnVehicleDebrisV704(vehicle,damage/12);if(after<=0){player.car.speed=0;player.vx=0;player.vz=0;player.car.broken=true;if(typeof stopEngineSound==='function')stopEngineSound();vibrate([70,60,90]);toast('O veículo quebrou. Ele não pode continuar: repare ou solicite reboque.','warn',3600);setTimeout(()=>{const active=typeof currentVehicleRef==='function'?currentVehicleRef():vehicle;if(player.vehicle&&vehicleBrokenV704(active))openBrokenVehicleOptionsV704(active);},650);}else if(after"
else,36a-vehicle-damage-repair-v704.js,21,"if(speed>=8)spawnVehicleDebrisV704(vehicle,damage/12);if(after<=0){player.car.speed=0;player.vx=0;player.vz=0;player.car.broken=true;if(typeof stopEngineSound==='function')stopEngineSound();vibrate([70,60,90]);toast('O veículo quebrou. Ele não pode continuar: repare ou solicite reboque.','warn',3600);setTimeout(()=>{const active=typeof currentVehicleRef==='function'?currentVehicleRef():vehicle;if(player.vehicle&&vehicleBrokenV704(active))openBrokenVehicleOptionsV704(active);},650);}else if(after"
if,36a-vehicle-damage-repair-v704.js,23,"function nearestRepairableVehicleV704(){let best=null,dist=Infinity;for(const v of world.vehicles||[]){const x=v===currentVehicleRef?.()?player.x:Number(v.group?.position?.x??v.x),z=v===currentVehicleRef?.()?player.z:Number(v.group?.position?.z??v.z),d=Math.hypot(player.x-x,player.z-z);if(d<dist){dist=d;best=v;}}return best;}"
for,36a-vehicle-damage-repair-v704.js,23,"function nearestRepairableVehicleV704(){let best=null,dist=Infinity;for(const v of world.vehicles||[]){const x=v===currentVehicleRef?.()?player.x:Number(v.group?.position?.x??v.x),z=v===currentVehicleRef?.()?player.z:Number(v.group?.position?.z??v.z),d=Math.hypot(player.x-x,player.z-z);if(d<dist){dist=d;best=v;}}return best;}"
if,36a-vehicle-damage-repair-v704.js,25,"const vehicle=typeof idOrVehicle==='object'?idOrVehicle:(vehicleMaybe||vehicleById?.(String(idOrVehicle))),id=typeof idOrVehicle==='string'?idOrVehicle:vehicle?.id;if(!id)return false;ensureVehicleDamageStateV704();const current=vehicleDurabilityV704(vehicle||{id});if(current>=100){toast('Este veículo já está em perfeito estado.','good');return true;}"
if,36a-vehicle-damage-repair-v704.js,26,"const missing=100-current,coins=Math.max(8,Math.ceil(missing*.42)),stone=Math.max(1,Math.ceil(missing/35)),wood=Math.max(1,Math.ceil(missing/50));if(state.profile.coins<coins||(state.inventory.stone||0)<stone||(state.inventory.wood||0)<wood){toast(`Reparo exige ${coins} moedas, ${stone} pedra(s) e ${wood} madeira(s).`,'warn',3000);return false;}"
if,36a-vehicle-damage-repair-v704.js,27,"addCoins(-coins);state.inventory.stone-=stone;state.inventory.wood-=wood;setVehicleDurabilityV704(vehicle||{id},100,'repair');state.vehicles.broken[id]=false;if(player.car.id===id)player.car.broken=false;saveState(true);updateHUD();toast('Veículo reparado e liberado para dirigir.','good',2200);return true;"
if,36a-vehicle-damage-repair-v704.js,30,"if(!vehicle){toast('Nenhum veículo encontrado para rebocar.','warn');return false;}const cost=20;if(state.profile.coins<cost){toast(`O reboque custa ${cost} moedas.`,'warn');return false;}if(player.vehicle&&currentVehicleRef?.()===vehicle)exitVehicle(true);addCoins(-cost);const w=worldLayoutPoint('workshop');vehicle.group.position.set(w.x+7,groundHeightAt(w.x+7,w.z),w.z-1);vehicle.group.rotation.y=Math.PI/2;vehicle.x=w.x+7;vehicle.z=w.z-1;vehicle.heading=Math.PI/2;persistParkedVehicle(vehicle);s"
if,36a-vehicle-damage-repair-v704.js,32,"function openBrokenVehicleOptionsV704(vehicle){const d=vehicleDurabilityV704(vehicle);openModal('Veículo quebrado',`<p><b>${escapeHtml(vehicle?.label||'Veículo')}</b> está com ${d}% de integridade e não pode continuar.</p><div class=""modal-actions""><button class=""btn primary"" data-v704-tow>🚚 Rebocar para oficina • 20 moedas</button><button class=""btn good"" data-v704-repair>🛠 Reparar agora</button></div>`,root=>{$('[data-v704-tow]',root).onclick=()=>{if(towVehicleToWorkshopV704(vehicle))closeModa"
if,36a-vehicle-damage-repair-v704.js,34,enterVehicle=function enterVehicleDamageV704(vehicle=world.vehicle){if(vehicleBrokenV704(vehicle)){openBrokenVehicleOptionsV704(vehicle);return false;}const ok=legacyEnterVehicleV704(vehicle);if(ok)player.car.broken=false;return ok;};
if,36a-vehicle-damage-repair-v704.js,36,"registerVehicleImpact=function registerVehicleImpactDamageV704(){const now=performance.now(),vehicle=typeof currentVehicleRef==='function'?currentVehicleRef():null,impact=Math.abs(Number(player.car.speed||Math.hypot(player.vx,player.vz)||0)),baseline=vehicleDurabilityV704(vehicle);if(now-VEHICLE_DAMAGE_V704.lastImpactAt<420){player.car.speed*=.08;player.vx*=.1;player.vz*=.1;return;}VEHICLE_DAMAGE_V704.lastImpactAt=now;legacyRegisterVehicleImpactV704();applyVehicleImpactDamageV704(vehicle,impact,"
if,36a-vehicle-damage-repair-v704.js,38,"updateVehiclePhysics=function updateVehiclePhysicsDamageV704(dt,ix,iz){const vehicle=currentVehicleRef?.();if(vehicleBrokenV704(vehicle)){player.car.broken=true;player.car.speed=0;player.vx=0;player.vz=0;updateMobilityControlLabels();return;}legacyUpdateVehiclePhysicsV704(dt,ix,iz);const factor=vehiclePerformanceV704(vehicle),limit=(player.car.kind==='kart'?18:23.5)*factor;player.car.speed=clamp(player.car.speed,-Math.max(3,8.5*factor),limit);if(factor<1){player.vx*=.72+.28*factor;player.vz*=.72"
if,36a-vehicle-damage-repair-v704.js,40,updateVehicleFX=function updateVehicleFXDamageV704(dt){legacyUpdateVehicleFXV704(dt);updateVehicleDebrisV704(dt);if(player.vehicle&&!player.car.passengerOf&&els.vehicleBadge){const d=vehicleDurabilityV704();els.vehicleBadge.textContent+=` • Integridade ${d}%${d<=0?' • QUEBRADO':d<25?' • CRÍTICO':''}`;}};
if,36a-vehicle-damage-repair-v704.js,42,if(legacyOpenWorldModularGarageV704){openWorldModularGarage=function openWorldModularGarageV704(vehicleId=''){legacyOpenWorldModularGarageV704(vehicleId);};}
if,36a-vehicle-damage-repair-v704.js,43,"function createVehicleRepairStationV704(){if(world?.interactables?.some(item=>item.id==='vehicle-repair-v704'))return;const w=worldLayoutPoint('workshop');registerInteractable({id:'vehicle-repair-v704',type:'repair',icon:'🛠️',label:'Oficina — reparar ou montar veículo',x:w.x,z:w.z+4.8,radius:2.7,priority:235,action:()=>{const vehicle=nearestRepairableVehicleV704();if(vehicle&&vehicleDurabilityV704(vehicle)<100){openBrokenVehicleOptionsV704(vehicle);}else if(typeof openWorldModularGarage==='funct"
else,36a-vehicle-damage-repair-v704.js,43,"function createVehicleRepairStationV704(){if(world?.interactables?.some(item=>item.id==='vehicle-repair-v704'))return;const w=worldLayoutPoint('workshop');registerInteractable({id:'vehicle-repair-v704',type:'repair',icon:'🛠️',label:'Oficina — reparar ou montar veículo',x:w.x,z:w.z+4.8,radius:2.7,priority:235,action:()=>{const vehicle=nearestRepairableVehicleV704();if(vehicle&&vehicleDurabilityV704(vehicle)<100){openBrokenVehicleOptionsV704(vehicle);}else if(typeof openWorldModularGarage==='funct"
if,36a-vehicle-damage-repair-v704.js,45,if(legacyCreateWorldModularGarageInteractableV704){createWorldModularGarageInteractable=function createWorldModularGarageInteractableV704(){const ok=legacyCreateWorldModularGarageInteractableV704();createVehicleRepairStationV704();return ok;};}
if,37-hero-platform-gameplay.js,6069,"if(!worldGroup)return;const material=new THREE.MeshBasicMaterial({color,transparent:true,opacity:.8,depthWrite:false,side:THREE.DoubleSide}),ring=new THREE.Mesh(new THREE.RingGeometry(.3,.52,32),material);ring.rotation.x=-Math.PI/2;ring.position.set(player.x,player.y+.08,player.z);worldGroup.add(ring);const start=performance.now();const animate=()=>{const t=clamp((performance.now()-start)/480,0,1);ring.scale.setScalar(1+t*radius*2.2);material.opacity=.8*(1-t);if(t<1)requestAnimationFrame(animate"
else,37-hero-platform-gameplay.js,6069,"if(!worldGroup)return;const material=new THREE.MeshBasicMaterial({color,transparent:true,opacity:.8,depthWrite:false,side:THREE.DoubleSide}),ring=new THREE.Mesh(new THREE.RingGeometry(.3,.52,32),material);ring.rotation.x=-Math.PI/2;ring.position.set(player.x,player.y+.08,player.z);worldGroup.add(ring);const start=performance.now();const animate=()=>{const t=clamp((performance.now()-start)/480,0,1);ring.scale.setScalar(1+t*radius*2.2);material.opacity=.8*(1-t);if(t<1)requestAnimationFrame(animate"
if,37-hero-platform-gameplay.js,6072,"if(!running||paused||!els.modal.hidden||player.vehicle||player.boating||player.transit.mode||currentHouse){toast('Use os poderes do lado de fora e sem transporte.','warn',1800);return false;}const power=OTTHI_WORLD_HERO_POWERS[id];if(!power||!heroPowerUnlocked(id)){toast('Este poder ainda precisa ser desbloqueado no desafio OTTHI.','warn');return false;}const hero=worldHeroState();if(!heroPowerReady(power)){const wait=Math.max(0,Math.ceil((power.cooldown-(performance.now()-hero.lastUse))/1000));"
if,37-hero-platform-gameplay.js,6074,if(id==='energyPulse'){
if,37-hero-platform-gameplay.js,6075,"createHeroPulseVisual(0x5de6ff,5.4);for(const enemy of world.enemies)if(!enemy.dead&&distance2D(player,enemy.group.position)<5.6){damageEnemy(enemy,1);const angle=Math.atan2(enemy.group.position.x-player.x,enemy.group.position.z-player.z);enemy.group.position.x+=Math.sin(angle)*1.8;enemy.group.position.z+=Math.cos(angle)*1.8;}beep(520,110,'sine');"
for,37-hero-platform-gameplay.js,6075,"createHeroPulseVisual(0x5de6ff,5.4);for(const enemy of world.enemies)if(!enemy.dead&&distance2D(player,enemy.group.position)<5.6){damageEnemy(enemy,1);const angle=Math.atan2(enemy.group.position.x-player.x,enemy.group.position.z-player.z);enemy.group.position.x+=Math.sin(angle)*1.8;enemy.group.position.z+=Math.cos(angle)*1.8;}beep(520,110,'sine');"
if,37-hero-platform-gameplay.js,6076,}else if(id==='velocityDash'){
else,37-hero-platform-gameplay.js,6076,}else if(id==='velocityDash'){
for,37-hero-platform-gameplay.js,6077,"const speed=15;player.vx=Math.sin(player.facing)*speed;player.vz=Math.cos(player.facing)*speed;player.damageUntil=performance.now()+720;for(let i=0;i<7;i++)spawnDust(player.x-Math.sin(player.facing)*i*.24,player.z-Math.cos(player.facing)*i*.24);beep(760,80,'square');"
if,37-hero-platform-gameplay.js,6078,}else if(id==='guardianShield'){
else,37-hero-platform-gameplay.js,6078,}else if(id==='guardianShield'){
if,37-hero-platform-gameplay.js,6080,}else if(id==='skyLeap'){
else,37-hero-platform-gameplay.js,6080,}else if(id==='skyLeap'){
if,37-hero-platform-gameplay.js,6082,}else if(id==='magnetWave'){
else,37-hero-platform-gameplay.js,6082,}else if(id==='magnetWave'){
if,37-hero-platform-gameplay.js,6083,"createHeroPulseVisual(0xb77bff,8);for(const crystal of world.crystals)if(!crystal.got&&Math.hypot(player.x-crystal.x,player.z-crystal.z)<9)collectCrystal(crystal);for(const enemy of world.enemies)if(!enemy.dead&&distance2D(player,enemy.group.position)<7.5)damageEnemy(enemy,1);beep(410,160,'triangle');"
for,37-hero-platform-gameplay.js,6083,"createHeroPulseVisual(0xb77bff,8);for(const crystal of world.crystals)if(!crystal.got&&Math.hypot(player.x-crystal.x,player.z-crystal.z)<9)collectCrystal(crystal);for(const enemy of world.enemies)if(!enemy.dead&&distance2D(player,enemy.group.position)<7.5)damageEnemy(enemy,1);beep(410,160,'triangle');"
if,37-hero-platform-gameplay.js,6099,"if(world.worldProfessional?.heroAdventure)return false;const root=new THREE.Group();root.name='OTTHI_WORLD_HERO_ADVENTURE';worldGroup.add(root);const start={x:-41,z:88,y:2.2},platforms=[[-41,2.2,88,5,5],[-34,3.5,91,3.4,3.4],[-27,4.8,87,3.2,3.2],[-20,6.2,92,3.2,3.2],[-12,7.6,88,3.4,3.4],[-4,9.1,93,3.6,3.6],[5,10.5,89,5.2,5.2]];for(const [x,y,z,w,d]of platforms)createHeroPlatform(x,y,z,w,d,y>8?0x7252aa:0x365f92);"
for,37-hero-platform-gameplay.js,6099,"if(world.worldProfessional?.heroAdventure)return false;const root=new THREE.Group();root.name='OTTHI_WORLD_HERO_ADVENTURE';worldGroup.add(root);const start={x:-41,z:88,y:2.2},platforms=[[-41,2.2,88,5,5],[-34,3.5,91,3.4,3.4],[-27,4.8,87,3.2,3.2],[-20,6.2,92,3.2,3.2],[-12,7.6,88,3.4,3.4],[-4,9.1,93,3.6,3.6],[5,10.5,89,5.2,5.2]];for(const [x,y,z,w,d]of platforms)createHeroPlatform(x,y,z,w,d,y>8?0x7252aa:0x365f92);"
for,37-hero-platform-gameplay.js,6102,"const finish=new THREE.Group();finish.position.set(5,10.55,89);worldGroup.add(finish);for(const x of[-1.55,1.55])premiumBox(.22,3.2,.22,0xf5d75a,x,1.6,0,finish,0x3c2d0a);premiumBox(3.5,.3,.32,0xf5d75a,0,3.05,0,finish,0x3c2d0a);const banner=new THREE.Mesh(new THREE.PlaneGeometry(3.1,.72),new THREE.MeshStandardMaterial({map:signTexture('OTTHI HERO','#163b62','#ffffff'),side:THREE.DoubleSide,roughness:.5}));banner.position.set(0,2.75,.18);finish.add(banner);"
if,37-hero-platform-gameplay.js,6106,function resetWorldHeroTokens(){const challenge=world.worldProfessional?.heroAdventure;if(!challenge)return;challenge.collected=0;for(const token of challenge.tokens){token.collected=false;token.mesh.visible=true;}}
for,37-hero-platform-gameplay.js,6106,function resetWorldHeroTokens(){const challenge=world.worldProfessional?.heroAdventure;if(!challenge)return;challenge.collected=0;for(const token of challenge.tokens){token.collected=false;token.mesh.visible=true;}}
if,37-hero-platform-gameplay.js,6108,"const challenge=world.worldProfessional?.heroAdventure;if(!challenge){toast('O circuito ainda está sendo preparado.','warn');return false;}if(player.vehicle)exitVehicle(true);if(player.boating)exitBoat(true);if(currentHouse)exitHouse();resetWorldHeroTokens();challenge.active=true;challenge.startedAt=performance.now();challenge.lastCheckpoint=challenge.start;player.x=challenge.start.x;player.z=challenge.start.z;player.y=challenge.start.y+.2;player.vx=player.vz=player.vy=0;player.grounded=true;cam"
if,37-hero-platform-gameplay.js,6110,"function completeWorldHeroChallenge(){const challenge=world.worldProfessional?.heroAdventure;if(!challenge?.active)return;challenge.active=false;const seconds=(performance.now()-challenge.startedAt)/1000,hero=worldHeroState();hero.challengeWins++;hero.challengeBest=hero.challengeBest?Math.min(hero.challengeBest,seconds):seconds;for(const id of['skyLeap','magnetWave'])if(!hero.unlocked.includes(id))hero.unlocked.push(id);hero.energy=100;addXP(180);addCoins(140);awardMedal('Herói do Circuito OTTHI"
for,37-hero-platform-gameplay.js,6110,"function completeWorldHeroChallenge(){const challenge=world.worldProfessional?.heroAdventure;if(!challenge?.active)return;challenge.active=false;const seconds=(performance.now()-challenge.startedAt)/1000,hero=worldHeroState();hero.challengeWins++;hero.challengeBest=hero.challengeBest?Math.min(hero.challengeBest,seconds):seconds;for(const id of['skyLeap','magnetWave'])if(!hero.unlocked.includes(id))hero.unlocked.push(id);hero.energy=100;addXP(180);addCoins(140);awardMedal('Herói do Circuito OTTHI"
if,37-hero-platform-gameplay.js,6112,"const hero=worldHeroState(),challenge=world.worldProfessional?.heroAdventure;hero.energy=clamp(hero.energy+dt*(challenge?.active?5.2:8.5),0,100);if(challenge){challenge.portal.rotation.z+=dt*.65;for(const token of challenge.tokens){if(token.collected)continue;token.mesh.rotation.y+=dt*2.2;token.mesh.position.y=token.y+Math.sin(animTime*2.4+token.index)*.16;if(challenge.active&&Math.hypot(player.x-token.x,player.z-token.z)<1.15&&Math.abs(player.y-token.mesh.position.y)<2){token.collected=true;tok"
for,37-hero-platform-gameplay.js,6112,"const hero=worldHeroState(),challenge=world.worldProfessional?.heroAdventure;hero.energy=clamp(hero.energy+dt*(challenge?.active?5.2:8.5),0,100);if(challenge){challenge.portal.rotation.z+=dt*.65;for(const token of challenge.tokens){if(token.collected)continue;token.mesh.rotation.y+=dt*2.2;token.mesh.position.y=token.y+Math.sin(animTime*2.4+token.index)*.16;if(challenge.active&&Math.hypot(player.x-token.x,player.z-token.z)<1.15&&Math.abs(player.y-token.mesh.position.y)<2){token.collected=true;tok"
if,37-hero-platform-gameplay.js,6113,"if(challenge.active&&challenge.collected===challenge.tokens.length&&Math.hypot(player.x-5,player.z-89)<2.4&&player.y>8)completeWorldHeroChallenge();"
if,37-hero-platform-gameplay.js,6114,"if(challenge.active&&player.y<-.5){const safe=challenge.lastCheckpoint||challenge.start;player.x=safe.x;player.z=safe.z;player.y=safe.y+.35;player.vx=player.vz=player.vy=0;player.grounded=true;toast('Retorno ao último cristal do circuito.','warn',1300);}"
if,37-hero-platform-gameplay.js,6119,"if(document.getElementById('worldHeroBtn'))return;const button=document.createElement('button');button.id='worldHeroBtn';button.className='world-hero-action';button.type='button';button.setAttribute('aria-label','Usar poder OTTHI');button.innerHTML='<b data-world-hero-icon>⚡</b><span data-world-hero-energy>100</span>';button.onclick=()=>activateWorldHeroPower();document.getElementById('game')?.appendChild(button);"
if,37-hero-platform-gameplay.js,6121,"function updateWorldHeroHud(){const button=document.getElementById('worldHeroBtn');if(!button)return;const hero=worldHeroState(),power=OTTHI_WORLD_HERO_POWERS[hero.selectedPower]||OTTHI_WORLD_HERO_POWERS.energyPulse;button.querySelector('[data-world-hero-icon]').textContent=power.icon;button.querySelector('[data-world-hero-energy]').textContent=Math.round(hero.energy);button.disabled=hero.energy<power.cost;button.title=`${power.name} • ${Math.round(hero.energy)}%`;}"
if,38-otthi-world-integration-bootstrap.js,6125,initMaterials=function initMaterialsOtthiWorld(){legacyWorldInitMaterials();if(state.settings?.worldRender!==false)upgradeCoreMaterialsToWorldPbr();};
if,38-otthi-world-integration-bootstrap.js,6128,const ok=legacyWorldInitThree();if(!ok)return false;
catch,38-otthi-world-integration-bootstrap.js,6130,"catch(error){otthiWorldRuntime.errors.push(String(error?.stack||error));console.error('[OTTHI WORLD] Camada profissional em fallback:',error);toast('A base do jogo foi preservada; um detalhe profissional iniciou em fallback.','warn',3000);}"
if,38-otthi-world-integration-bootstrap.js,6134,ensureOtthiWorldState();injectOtthiWorldButtons();ensureWorldHeroHud();if(els.avatarBtn)els.avatarBtn.onclick=openAvatarStudio;
catch,38-otthi-world-integration-bootstrap.js,6138,dbReady.then(()=>{ensureOtthiWorldState();bootstrapOtthiWorldShell();updateWorldHeroHud();}).catch(()=>{});
if,38-otthi-world-integration-bootstrap.js,6139,"window.addEventListener('otthi:cloud-progress-merged',()=>{ensureOtthiWorldState();if(playerModel)applyAvatarCustomization();});"
if,38-otthi-world-integration-bootstrap.js,6150,if(window.OTTHI_TEST_API)window.OTTHI_TEST_API.world=window.OTTHI_WORLD_TESTS;
if,39-gm-admin-panel.js,10,if(!state.gm||typeof state.gm!=='object')state.gm={};
if,39-gm-admin-panel.js,11,if(!Array.isArray(state.gm.appliedGrantIds))state.gm.appliedGrantIds=[];
if,39-gm-admin-panel.js,18,"if(!value){value=`device-${globalThis.crypto?.randomUUID?.()||`${Date.now().toString(36)}-${Math.random().toString(36).slice(2,12)}`}`;safeLocalSet(key,value);}"
if,39-gm-admin-panel.js,22,const parts=[];if(gmPositiveInt(grant.coins))parts.push(`🪙 +${gmPositiveInt(grant.coins)}`);
if,39-gm-admin-panel.js,23,"for(const[key,value]of Object.entries(grant.items||{})){const amount=gmPositiveInt(value);if(!amount)continue;const meta=GM_ITEM_CATALOG[key]||{icon:'🎁',label:key};parts.push(`${meta.icon} ${meta.label} +${amount}`);}"
for,39-gm-admin-panel.js,23,"for(const[key,value]of Object.entries(grant.items||{})){const amount=gmPositiveInt(value);if(!amount)continue;const meta=GM_ITEM_CATALOG[key]||{icon:'🎁',label:key};parts.push(`${meta.icon} ${meta.label} +${amount}`);}"
if,39-gm-admin-panel.js,28,"for(const[key,value]of Object.entries(detail.items||{})){const cleanKey=gmItemKey(key),amount=gmPositiveInt(value);if(cleanKey&&amount)items[cleanKey]=amount;}"
for,39-gm-admin-panel.js,28,"for(const[key,value]of Object.entries(detail.items||{})){const cleanKey=gmItemKey(key),amount=gmPositiveInt(value);if(cleanKey&&amount)items[cleanKey]=amount;}"
if,39-gm-admin-panel.js,29,if(!grantId||!targetUid||(!coins&&!Object.keys(items).length))return null;
if,39-gm-admin-panel.js,33,if(!window.__OTTHI_ACCOUNT_RECOVERING)return Promise.resolve(true);
if,39-gm-admin-panel.js,34,"return new Promise(resolve=>{let settled=false;const finish=()=>{if(settled)return;settled=true;clearTimeout(timer);window.removeEventListener('otthi:account-state-ready',finish);resolve(true);};const timer=setTimeout(finish,120000);window.addEventListener('otthi:account-state-ready',finish,{once:true});});"
if,39-gm-admin-panel.js,37,const grant=gmNormalizeIncomingGrant(detail);if(!grant)return false;
catch,39-gm-admin-panel.js,39,await dbReady.catch(()=>state);
if,39-gm-admin-panel.js,41,if(!ownUid||grant.targetUid!==ownUid)return false;
if,39-gm-admin-panel.js,44,if(!claim?.ok){if(claim?.applied)return true;return false;}
if,39-gm-admin-panel.js,47,if(!alreadyAppliedLocally){
if,39-gm-admin-panel.js,48,"if(grant.coins){state.profile.coins=Math.max(0,Number(state.profile.coins||0))+grant.coins;added+=grant.coins;}"
for,39-gm-admin-panel.js,50,"for(const[key,amount]of Object.entries(grant.items)){state.inventory[key]=Math.max(0,Number(state.inventory[key]||0))+amount;added+=amount;}"
catch,39-gm-admin-panel.js,53,const localSaved=await commitState().catch(()=>false);
catch,39-gm-admin-panel.js,54,"const progressSaved=await backend?.syncProgress?.(cloudProgressPayload(),true).catch(()=>false);"
catch,39-gm-admin-panel.js,55,const accountSaved=accountLinked()?await syncGameAccount(true).catch(()=>false):true;
catch,39-gm-admin-panel.js,57,"const completed=persisted?await backend?.completeGMGrant?.(grant.grantId,deviceId).catch(()=>false):false;"
if,39-gm-admin-panel.js,58,updateHUD();updateLobbyStats();if(typeof evaluateMissions==='function')evaluateMissions();
if,39-gm-admin-panel.js,60,"if(persisted&&completed)toast(`${alreadyAppliedLocally?'Concessão do GM sincronizada':'Presente do GM recebido'}: ${summary}`,'good',4200);"
else,39-gm-admin-panel.js,61,"else toast('A recompensa do GM foi preservada neste aparelho, mas a confirmação online será repetida automaticamente.','warn',4800);"
catch,39-gm-admin-panel.js,65,"function queueGMGrant(detail={}){gmGrantQueue=gmGrantQueue.catch(()=>false).then(()=>applyGMGrant(detail)).catch(error=>{console.warn('[OTTHI GM] Falha ao aplicar concessão:',error);return false;});return gmGrantQueue;}"
if,39-gm-admin-panel.js,69,const node=gmPanel?.querySelector('[data-gm-status]');if(!node)return;node.textContent=message;node.dataset.kind=kind||'';node.hidden=!message;
if,39-gm-admin-panel.js,71,"function gmSetBusy(busy){gmPanel?.classList.toggle('is-busy',!!busy);gmPanel?.querySelectorAll('button,input').forEach(node=>{if(node.matches('[data-gm-close]'))return;node.disabled=!!busy;});}"
if,39-gm-admin-panel.js,77,"if(!gmPanel)return;const query=String(gmPanel.querySelector('[data-gm-search]')?.value||'').trim().toLocaleLowerCase('pt-BR'),list=gmPanel.querySelector('[data-gm-users]');"
if,39-gm-admin-panel.js,81,const count=gmPanel.querySelector('[data-gm-user-count]');if(count)count.textContent=`${filtered.length} de ${gmUsers.length}`;
if,39-gm-admin-panel.js,85,"if(!grants.length)return'<p class=""gm-empty"">Nenhuma concessão enviada para este jogador.</p>';"
if,39-gm-admin-panel.js,89,"if(!gmPanel)return;const root=gmPanel.querySelector('[data-gm-detail]'),userRecord=gmUsers.find(item=>item.uid===gmSelectedUid),detail=gmSelectedDetail;"
if,39-gm-admin-panel.js,90,"if(!userRecord){root.innerHTML='<div class=""gm-placeholder""><span>🎮</span><b>Escolha um jogador</b><p>Selecione um usuário para consultar o progresso e adicionar recompensas.</p></div>';return;}"
if,39-gm-admin-panel.js,96,gmSelectedUid=String(uid||'');gmRenderUserList();gmSelectedDetail=null;gmRenderSelected();if(!gmSelectedUid)return;
if,39-gm-admin-panel.js,98,"try{const detail=await window.OTTHOS_RTDB?.gmReadUser?.(gmSelectedUid,force);if(token!==gmRefreshSequence)return;gmSelectedDetail=detail?.ok?detail:null;gmStatus(detail?.ok?'':'Não foi possível carregar os dados.',detail?.ok?'':'error');gmRenderSelected();}"
if,39-gm-admin-panel.js,99,"catch(error){if(token!==gmRefreshSequence)return;gmStatus(error?.message||'Falha ao carregar jogador.','error');}"
catch,39-gm-admin-panel.js,99,"catch(error){if(token!==gmRefreshSequence)return;gmStatus(error?.message||'Falha ao carregar jogador.','error');}"
if,39-gm-admin-panel.js,102,if(!gmPanel)return;gmSetBusy(true);gmStatus('Consultando usuários e histórico…');
if,39-gm-admin-panel.js,103,"try{const backend=window.OTTHOS_RTDB,[usersResult,auditResult]=await Promise.all([backend?.gmListUsers?.(),backend?.gmListAudit?.(100)]);if(!usersResult?.ok)throw new Error(usersResult?.error||'Não foi possível listar usuários.');gmUsers=usersResult.users||[];gmAudit=auditResult?.ok?(auditResult.entries||[]):[];if(gmSelectedUid&&!gmUsers.some(item=>item.uid===gmSelectedUid))gmSelectedUid='';if(!gmSelectedUid&&gmUsers.length)gmSelectedUid=gmUsers[0].uid;gmRenderUserList();gmStatus(`Painel atualiz"
else,39-gm-admin-panel.js,103,"try{const backend=window.OTTHOS_RTDB,[usersResult,auditResult]=await Promise.all([backend?.gmListUsers?.(),backend?.gmListAudit?.(100)]);if(!usersResult?.ok)throw new Error(usersResult?.error||'Não foi possível listar usuários.');gmUsers=usersResult.users||[];gmAudit=auditResult?.ok?(auditResult.entries||[]):[];if(gmSelectedUid&&!gmUsers.some(item=>item.uid===gmSelectedUid))gmSelectedUid='';if(!gmSelectedUid&&gmUsers.length)gmSelectedUid=gmUsers[0].uid;gmRenderUserList();gmStatus(`Painel atualiz"
catch,39-gm-admin-panel.js,104,"catch(error){gmStatus(error?.message||'Não foi possível atualizar o painel.','error');}"
if,39-gm-admin-panel.js,109,"form.querySelectorAll('[data-gm-item]').forEach(input=>{const amount=gmPositiveInt(input.value),key=gmItemKey(input.dataset.gmItem);if(key&&amount)items[key]=(items[key]||0)+amount;});"
if,39-gm-admin-panel.js,110,"const customKey=gmItemKey(form.querySelector('[data-gm-custom-key]')?.value),customAmount=gmPositiveInt(form.querySelector('[data-gm-custom-amount]')?.value);if(customKey&&customAmount)items[customKey]=(items[customKey]||0)+customAmount;"
if,39-gm-admin-panel.js,111,"if(!coins&&!Object.keys(items).length){gmStatus('Informe pelo menos uma quantidade positiva.','error');return;}"
if,39-gm-admin-panel.js,113,if(!window.confirm(`Confirmar para ${gmUserName(userRecord)}?\n\n${preview}\n\nOs valores serão somente adicionados.`))return;
if,39-gm-admin-panel.js,115,"try{const result=await window.OTTHOS_RTDB?.gmCreateGrant?.(userRecord.uid,{coins,items,reason,targetName:gmUserName(userRecord)});if(!result?.ok)throw new Error(result?.error||'Concessão recusada pelo Firebase.');gmStatus(`Concessão registrada: ${preview}`,'success');await gmRefreshPanel();}"
catch,39-gm-admin-panel.js,116,"catch(error){gmStatus(error?.message||'Não foi possível registrar a concessão.','error');}"
if,39-gm-admin-panel.js,120,"if(gmPanel)return gmPanel;gmPanel=document.createElement('div');gmPanel.id='gmAdminPanel';gmPanel.className='gm-admin-panel';gmPanel.hidden=true;gmPanel.innerHTML=`<section class=""gm-admin-shell"" role=""dialog"" aria-modal=""true"" aria-label=""Painel administrativo GM""><header class=""gm-admin-header""><div><span>🛡️</span><div><small>OTTHI WORLD</small><h2>Painel administrativo GM</h2><p>Concessões positivas com histórico no Firebase</p></div></div><button type=""button"" data-gm-close aria-label=""Fecha"
if,39-gm-admin-panel.js,123,function closeGMPanel(){if(!gmPanel)return;gmPanel.hidden=true;document.body.classList.remove('gm-panel-open');}
if,39-gm-admin-panel.js,130,const verify=async()=>{if(Date.now()<gmAttemptBlockedUntil){showError('Acesso temporariamente bloqueado por tentativas incorretas.');return;}if(String(input.value||'')!==gmAccessCode()){gmFailedAttempts++;if(gmFailedAttempts>=5){gmAttemptBlockedUntil=Date.now()+60000;gmFailedAttempts=0;}showError('Código administrativo incorreto.');return;}submit.disabled=true;input.disabled=true;submit.textContent='Confirmando conta GM…';try{const connection=await ensureAccountConnection();if(!connection.ok)thr
catch,39-gm-admin-panel.js,130,const verify=async()=>{if(Date.now()<gmAttemptBlockedUntil){showError('Acesso temporariamente bloqueado por tentativas incorretas.');return;}if(String(input.value||'')!==gmAccessCode()){gmFailedAttempts++;if(gmFailedAttempts>=5){gmAttemptBlockedUntil=Date.now()+60000;gmFailedAttempts=0;}showError('Código administrativo incorreto.');return;}submit.disabled=true;input.disabled=true;submit.textContent='Confirmando conta GM…';try{const connection=await ensureAccountConnection();if(!connection.ok)thr
if,39-gm-admin-panel.js,131,"submit.addEventListener('click',verify);input.addEventListener('keydown',event=>{if(event.key==='Enter'){event.preventDefault();verify();}});root.querySelector('[data-gm-access-cancel]').addEventListener('click',closeModal);setTimeout(()=>input?.focus(),80);"
if,39-gm-admin-panel.js,135,const signature=document.getElementById('gmSignature');if(!signature)return;
if,39-gm-admin-panel.js,136,const recordTap=()=>{const now=Date.now();if(now<gmTapLockedUntil)return;gmTapTimes=gmTapTimes.filter(time=>now-time<=GM_TAP_WINDOW_MS);gmTapTimes.push(now);if(gmTapTimes.length>=5){gmTapTimes=[];gmTapLockedUntil=now+1200;openGMAccessGate();}};
if,39-gm-admin-panel.js,137,"signature.addEventListener('click',recordTap);signature.addEventListener('keydown',event=>{if(event.key==='Enter'||event.key===' '){event.preventDefault();recordTap();}});"
if,39-gm-admin-panel.js,138,"document.addEventListener('keydown',event=>{if(event.key==='Escape'&&gmPanel&&!gmPanel.hidden)closeGMPanel();});"
catch,39-gm-admin-panel.js,140,ensureGMState();registerGMHiddenTrigger();dbReady.then(()=>ensureGMState()).catch(()=>{});
if,40-world-evolution-v702.js,15,if(!Number.isFinite(x)||!Number.isFinite(z))return 0;
if,40-world-evolution-v702.js,18,"if(r<1.12&&z>82){const dome=Math.pow(Math.max(0,1-r/1.12),1.55)*15.5;const ridges=(Math.sin(x*.22)+Math.cos(z*.18))*1.05*Math.max(0,1-r);mountain=Math.max(0,dome+ridges);}"
if,40-world-evolution-v702.js,20,"let dune=0;if(x>70&&z>-61&&z<-24){const a=Math.max(0,1-Math.hypot((x-91)/25,(z+42)/20));dune=Math.max(0,Math.sin((x+z)*.12)*.45+.55)*a*2.1;}"
catch,40-world-evolution-v702.js,25,"try{material.map=loadWorldTexture(pack,'basecolor',{repeat,color:true,nearest:!!options.nearest});material.normalMap=loadWorldTexture(pack,'normal',{repeat});material.roughnessMap=loadWorldTexture(pack,'roughness',{repeat});material.normalScale.set(options.normalScale??.45,options.normalScale??.45);}catch(error){material.userData.textureFallback=true;}"
if,40-world-evolution-v702.js,29,if(world.worldEvolution?.groundRecovery)return false;
if,40-world-evolution-v702.js,34,"function terrainVertexColor(height,kind){if(kind==='mountain')return new THREE.Color(height>9?0xd5d8cf:height>4?0x75825f:0x5d9949);return new THREE.Color(0xd9ae5f);}"
for,40-world-evolution-v702.js,37,"for(let i=0;i<position.count;i++){const wx=mountainPoint.x+position.getX(i),wz=mountainPoint.z+position.getZ(i),h=professionalTerrainHeightAt(wx,wz);position.setY(i,h-.02);const c=terrainVertexColor(h,'mountain');colors.push(c.r,c.g,c.b);}"
for,40-world-evolution-v702.js,41,"for(const [x,z]of[[-104,92],[-96,100],[-86,108],[-74,112]]){const tree=createTree(x,z,.72,false);tree.position.y=professionalTerrainHeightAt(x,z);}"
for,40-world-evolution-v702.js,49,"for(const [x,z,s]of[[80,-34,1],[89,-50,1.2],[100,-38,.9],[108,-52,1.1]]){const dune=new THREE.Mesh(new THREE.SphereGeometry(3.6*s,14,8,0,Math.PI*2,0,Math.PI/2),duneMat);dune.scale.y=.38;dune.position.set(x,.05,z);dune.receiveShadow=true;group.add(dune);}"
if,40-world-evolution-v702.js,53,if(world.worldEvolution?.lakeDepth)return false;const group=new THREE.Group();group.name='OTTHI_V702_LAKE_DEPTH';worldGroup.add(group);
for,40-world-evolution-v702.js,54,for(const hazard of(world.hazards||[]).filter(h=>h.type==='water')){
for,40-world-evolution-v702.js,59,"for(let ix=-hazard.w/2+3;ix<hazard.w/2-2;ix+=8){const reeds=new THREE.Group();reeds.position.set(hazard.x+ix,.1,hazard.z-hazard.d/2-.35);group.add(reeds);for(const dx of[-.22,0,.22])premiumBox(.05,.72+Math.abs(dx),.05,0x4f8b43,dx,.36,0,reeds);}"
if,40-world-evolution-v702.js,64,"function cropStage(record){if(record.status!=='growing')return record.status==='ready'?3:0;return clamp(Math.floor((Date.now()-Number(record.plantedAt||0))/FARM_GROW_MS*3)+1,1,3);}"
if,40-world-evolution-v702.js,65,"function updateFarmPlotVisual(plot){const record=farmPlotRecord(plot.id),stage=cropStage(record);plot.soil.material=record.status==='empty'?plot.soilMaterials.empty:plot.soilMaterials.wet;plot.crop.visible=stage>0;plot.crop.scale.y=stage===1?.32:stage===2?.68:1;plot.crop.position.y=.16+plot.crop.scale.y*.35;plot.interactable.label=record.status==='ready'||stage>=3?'Colher plantação':record.status==='growing'?`Plantação crescendo (${Math.min(99,Math.floor((Date.now()-record.plantedAt)/FARM_GROW_M"
if,40-world-evolution-v702.js,66,function useFarmPlot(plot){ensureWorldEvolutionState();const record=farmPlotRecord(plot.id);if(record.status==='empty'){
if,40-world-evolution-v702.js,67,"if(state.tools.equipped!=='hoe'){toast('Equipe a Enxada para preparar e plantar.','warn',1800);return;}if((state.inventory.seeds||0)<1){toast('Você precisa de sementes. Compre no mercadinho ou cave a terra.','warn',2200);return;}state.inventory.seeds--;state.farming.plots[plot.id]={status:'growing',plantedAt:Date.now(),crop:Math.random()<.45?'carrot':'wheat'};state.farming.planted++;state.stats.planted=(state.stats.planted||0)+1;playToolAnimation();addXP(8);toast('Semente plantada. Ela cresce me"
if,40-world-evolution-v702.js,68,"}else if(record.status==='ready'||cropStage(record)>=3){const crop=record.crop||'wheat',food=2+Math.floor(Math.random()*2);state.inventory[crop==='carrot'?'carrots':'wheat']=(state.inventory[crop==='carrot'?'carrots':'wheat']||0)+2;state.inventory.food=(state.inventory.food||0)+food;state.inventory.seeds=(state.inventory.seeds||0)+1;state.farming.plots[plot.id]={status:'empty',plantedAt:0,crop};state.farming.harvested++;state.stats.harvestedCrops=(state.stats.harvestedCrops||0)+1;state.tools.har"
else,40-world-evolution-v702.js,68,"}else if(record.status==='ready'||cropStage(record)>=3){const crop=record.crop||'wheat',food=2+Math.floor(Math.random()*2);state.inventory[crop==='carrot'?'carrots':'wheat']=(state.inventory[crop==='carrot'?'carrots':'wheat']||0)+2;state.inventory.food=(state.inventory.food||0)+food;state.inventory.seeds=(state.inventory.seeds||0)+1;state.farming.plots[plot.id]={status:'empty',plantedAt:0,crop};state.farming.harvested++;state.stats.harvestedCrops=(state.stats.harvestedCrops||0)+1;state.tools.har"
else,40-world-evolution-v702.js,69,"}else{toast('A plantação ainda está crescendo.','warn',1400);return;}saveState(true);updateHUD();updateFarmPlotVisual(plot);}"
if,40-world-evolution-v702.js,71,"if(world.worldEvolution?.farming)return false;const group=new THREE.Group();group.name='OTTHI_V702_FARM';worldGroup.add(group);const empty=v702TextureMaterial('farmland',0x79502e,{repeat:[2,2],roughness:.96,normalScale:.52}),wet=v702TextureMaterial('mud',0x543522,{repeat:[2,2],roughness:.88,normalScale:.48});"
for,40-world-evolution-v702.js,72,"const farmPoint=worldLayoutPoint('farm',{x:98,z:25}),positions=[];for(let x=farmPoint.x-8;x<=farmPoint.x+8;x+=4)for(let z=farmPoint.z-6;z<=farmPoint.z+6;z+=4)positions.push([x,z]);"
for,40-world-evolution-v702.js,73,"positions.forEach(([x,z],index)=>{const id=`farm-${index}`,soil=new THREE.Mesh(new THREE.BoxGeometry(3.25,.12,3.25),empty);soil.position.set(x,.13,z);soil.receiveShadow=true;group.add(soil);const crop=new THREE.Group();crop.position.set(x,.2,z);group.add(crop);for(const dx of[-.72,-.24,.24,.72])for(const dz of[-.72,0,.72]){premiumBox(.07,.72,.07,0x4b9f3e,dx,.36,dz,crop);premiumBox(.25,.19,.25,(index+Math.round(dx*10))%2?0xf0c84c:0x6fc44e,dx,.76,dz,crop);}const interactable={id:`farm-plot-${id}`,"
if,40-world-evolution-v702.js,76,"function useDigSite(site){ensureWorldEvolutionState();if(!['hoe','shovel','pickaxe'].includes(state.tools.equipped)){toast('Equipe Enxada, Pá ou Picareta para cavar.','warn',1900);return;}const previous=Number(state.farming.digSites[site.id]||0),remaining=V702_DIG_COOLDOWN-(Date.now()-previous);if(remaining>0){toast(`A terra precisa descansar por ${Math.ceil(remaining/1000)} s.`,'warn',1300);return;}state.farming.digSites[site.id]=Date.now();playToolAnimation();const bait=1+Math.floor(Math.rando"
if,40-world-evolution-v702.js,78,"if(world.worldEvolution?.digSites)return false;const farm=worldLayoutPoint('farm'),sites=[[-47,-45,'forest'],[-62,-34,'forest'],[farm.x-7,farm.z-5,'farm'],[farm.x+7,farm.z+5,'farm'],[-55,43,'shore'],[-91,76,'shore'],[81,-36,'desert'],[104,-48,'desert']];"
for,40-world-evolution-v702.js,79,"for(const [x,z,biome]of sites){const id=`dig-${biome}-${x}-${z}`,mat=v702TextureMaterial(biome==='desert'?'sand':biome==='shore'?'shore':'dirt',biome==='desert'?0xdcb266:0x795333,{repeat:[2,2],roughness:.95});const patch=new THREE.Mesh(new THREE.CylinderGeometry(1.35,1.55,.08,16),mat);patch.position.set(x,groundHeightAt(x,z)+.05,z);worldGroup.add(patch);const site={id,x,z,biome,mesh:patch};WORLD_V702.digSites.set(id,site);registerInteractable({id,type:'dig',icon:'🪱',label:'Cavar por iscas e recu"
if,40-world-evolution-v702.js,83,"const g=npc.group,front=.34;if(theme==='shadow'){premiumBox(.78,.98,.06,0x111827,0,1.18,-.34,g);premiumBox(.82,.18,.72,0x202b45,0,2.42,0,g);premiumBox(.12,.16,.04,0x78d7ff,-.16,2.08,front+.04,g);premiumBox(.12,.16,.04,0x78d7ff,.16,2.08,front+.04,g);}"
if,40-world-evolution-v702.js,84,"if(theme==='web'){for(const y of[.82,1.08,1.34])premiumBox(.77,.035,.05,0xeaf5ff,0,y,.31,g);premiumBox(.18,1.0,.05,0x1e65b1,0,1.14,.33,g);}"
for,40-world-evolution-v702.js,84,"if(theme==='web'){for(const y of[.82,1.08,1.34])premiumBox(.77,.035,.05,0xeaf5ff,0,y,.31,g);premiumBox(.18,1.0,.05,0x1e65b1,0,1.14,.33,g);}"
if,40-world-evolution-v702.js,85,"if(theme==='adventure'){const cap=worldAvatarMaterial(0xd84235,{roughness:.48});avatarV3Sphere(g,.58,cap,0,2.48,0,1.08,.34,1.08);premiumBox(.72,.1,.32,cap,0,2.43,.38,g);premiumBox(.58,.72,.05,0x256ac5,0,1.05,.33,g);}"
if,40-world-evolution-v702.js,86,"if(theme==='toy'){for(const p of[[-.48,1.2,0],[.48,1.2,0],[-.2,.62,0],[.2,.62,0]])avatarV3Sphere(g,.16,worldAvatarMaterial(0xffd39a,{roughness:.38}),...p);premiumBox(.42,.3,.14,0xffdc4d,0,1.32,.35,g);}"
for,40-world-evolution-v702.js,86,"if(theme==='toy'){for(const p of[[-.48,1.2,0],[.48,1.2,0],[-.2,.62,0],[.2,.62,0]])avatarV3Sphere(g,.16,worldAvatarMaterial(0xffd39a,{roughness:.38}),...p);premiumBox(.42,.3,.14,0xffdc4d,0,1.32,.35,g);}"
if,40-world-evolution-v702.js,87,"if(theme==='block'){g.scale.set(1.06,1.02,1.06);premiumBox(.34,.34,.08,0x62e86b,0,1.15,.35,g);}"
if,40-world-evolution-v702.js,91,"if(world.worldEvolution?.citizens)return false;const specs=[['nox','Nox',-8,-28,0x25365f,'shadow',3.2],['arani','Arani',16,-34,0xd9454d,'web',3.2],['tico','Tico',38,34,0xe44739,'adventure',2.8],['plim','Plim',82,-39,0xf0c743,'toy',3],['byte','Byte',82,70,0x45b7da,'block',2.8],['flora','Flora',-46,44,0x6bbf55,'toy',3.2]];"
if,40-world-evolution-v702.js,92,"for(const [id,name,x,z,color,theme,radius]of specs){if(world.npcs.some(n=>n.id===id))continue;const npc=decorateThemedCitizen(createNPC(id,name,x,z,color,radius),theme);WORLD_V702.citizens.push(npc);}world.worldEvolution.citizens=true;return true;"
for,40-world-evolution-v702.js,92,"for(const [id,name,x,z,color,theme,radius]of specs){if(world.npcs.some(n=>n.id===id))continue;const npc=decorateThemedCitizen(createNPC(id,name,x,z,color,radius),theme);WORLD_V702.citizens.push(npc);}world.worldEvolution.citizens=true;return true;"
if,40-world-evolution-v702.js,95,"if(WORLD_V702.cameraButtonsReady||!els.cameraControls)return;const add=(id,text,label)=>{let b=document.getElementById(id);if(!b){b=document.createElement('button');b.id=id;b.type='button';b.textContent=text;b.setAttribute('aria-label',label);els.cameraControls.insertBefore(b,els.cameraResetBtn||null);}return b;};"
if,40-world-evolution-v702.js,100,"if(WORLD_V702.initialized||!worldGroup)return false;ensureWorldEvolutionState();createV702GroundRecovery();world.worldEvolution=world.worldEvolution||{};createDesertBiome();createMountainTerrain();createLakeDepthLayers();createFarmingSystem();createDigSites();createThemedCitizens();createCameraPitchButtons();WORLD_V702.initialized=true;document.documentElement.dataset.otthiWorld='704';document.body.classList.add('otthi-v702-world','otthi-v704-world');setTimeout(()=>{try{world.layoutAuditRuntime="
catch,40-world-evolution-v702.js,100,"if(WORLD_V702.initialized||!worldGroup)return false;ensureWorldEvolutionState();createV702GroundRecovery();world.worldEvolution=world.worldEvolution||{};createDesertBiome();createMountainTerrain();createLakeDepthLayers();createFarmingSystem();createDigSites();createThemedCitizens();createCameraPitchButtons();WORLD_V702.initialized=true;document.documentElement.dataset.otthiWorld='704';document.body.classList.add('otthi-v702-world','otthi-v704-world');setTimeout(()=>{try{world.layoutAuditRuntime="
if,40-world-evolution-v702.js,103,if(!WORLD_V702.initialized)return;WORLD_V702.waterTime+=dt;for(const layer of WORLD_V702.waterLayers){if(layer.material?.normalMap){layer.material.normalMap.offset.x=(layer.material.normalMap.offset.x+dt*.012)%1;layer.material.normalMap.offset.y=(layer.material.normalMap.offset.y+dt*.007)%1;}layer.position.y=.105+Math.sin(WORLD_V702.waterTime*1.45+layer.position.x*.01)*.018;}
for,40-world-evolution-v702.js,103,if(!WORLD_V702.initialized)return;WORLD_V702.waterTime+=dt;for(const layer of WORLD_V702.waterLayers){if(layer.material?.normalMap){layer.material.normalMap.offset.x=(layer.material.normalMap.offset.x+dt*.012)%1;layer.material.normalMap.offset.y=(layer.material.normalMap.offset.y+dt*.007)%1;}layer.position.y=.105+Math.sin(WORLD_V702.waterTime*1.45+layer.position.x*.01)*.018;}
if,40-world-evolution-v702.js,104,updateWorldEvolution.farmAcc=(updateWorldEvolution.farmAcc||0)+dt;if(updateWorldEvolution.farmAcc>.9){updateWorldEvolution.farmAcc=0;for(const plot of WORLD_V702.farmPlots.values())updateFarmPlotVisual(plot);}
for,40-world-evolution-v702.js,104,updateWorldEvolution.farmAcc=(updateWorldEvolution.farmAcc||0)+dt;if(updateWorldEvolution.farmAcc>.9){updateWorldEvolution.farmAcc=0;for(const plot of WORLD_V702.farmPlots.values())updateFarmPlotVisual(plot);}
if,40-world-evolution-v702.js,106,"const legacyV702InitThree=initThree;initThree=function initThreeV702(){const ok=legacyV702InitThree();if(ok)try{initializeWorldEvolution();}catch(error){console.error('[OTTHI V702] evolução em fallback',error);toast('O mundo principal foi preservado; uma melhoria visual iniciou em fallback.','warn',2600);}return ok;};"
catch,40-world-evolution-v702.js,106,"const legacyV702InitThree=initThree;initThree=function initThreeV702(){const ok=legacyV702InitThree();if(ok)try{initializeWorldEvolution();}catch(error){console.error('[OTTHI V702] evolução em fallback',error);toast('O mundo principal foi preservado; uma melhoria visual iniciou em fallback.','warn',2600);}return ok;};"
catch,40-world-evolution-v702.js,108,createCameraPitchButtons();dbReady.then(()=>{ensureWorldEvolutionState();createCameraPitchButtons();}).catch(()=>{});
if,40-world-evolution-v702.js,110,if(window.OTTHI_TEST_API)window.OTTHI_TEST_API.worldEvolution=window.OTTHI_WORLD_V702;
